wandb_id,wandb_name,wandb_project,state,git_commit,tags,notes,created_at,condition,xml,walker_xml,network,control_mode,body_target_frame,delay_k,efference_length,fm_loss_weight,detach_prediction,min_std,env,seed,latent_size,kl_weight,clip_length,ctrl_dt,solver,njmax,naconmax,mujoco_impl,n_envs,total_steps,actual_step,gpu,host,reward_mean,reward_std,lifespan_mean,train_sps_median,eval_sps_median,runtime_s,inline_eval_old_eval_reward,inline_eval_new_eval_reward,inline_eval_new_eval_survived
u2pbt950,RodentEncDec_delay0_eff0-20260709-070551,emiwar-team/nnx-ppo-rodent-delays,finished,201d6e11,"EncDec,MLP,TrainEvalSplit,delay0,eff0,warp",Trying different XML.,2026-07-09T11:06:00Z,encdec_new_current,new,rodent_no_tail_collisions.xml,efference,torque,current_root,0,0,,,0.1,AbsoluteImitation,42,32,0.001,250,0.01,newton,256,131072,warp,4096,600000000,600064000.0,NVIDIA A100-SXM4-80GB,holygpu8a22506.rc.fas.harvard.edu,2006.05029296875,150.68031311035156,445.857421875,35332.810224146146,34722.86197338045,19704.665831859,,,
aqoj4ewb,RodentEncDec_delay2_eff2-20260709-071735,emiwar-team/nnx-ppo-rodent-delays,finished,201d6e11,"EncDec,MLP,TrainEvalSplit,delay2,eff2,warp",Trying different XML.,2026-07-09T11:17:37Z,encdec_new_current,new,rodent_no_tail_collisions.xml,efference,torque,current_root,2,2,,,0.1,AbsoluteImitation,42,32,0.001,250,0.01,newton,256,131072,warp,4096,600000000,600064000.0,NVIDIA A100-SXM4-80GB,holygpu8a22304.rc.fas.harvard.edu,1963.7186279296875,217.16091918945312,442.7431640625,34773.23748071086,33926.45047735954,19974.851688949,,,
44ukf3je,RodentEncDec_delay5_eff5-20260709-072019,emiwar-team/nnx-ppo-rodent-delays,finished,201d6e11,"EncDec,MLP,TrainEvalSplit,delay5,eff5,warp",Trying different XML.,2026-07-09T11:20:20Z,encdec_new_current,new,rodent_no_tail_collisions.xml,efference,torque,current_root,5,5,,,0.1,AbsoluteImitation,42,32,0.001,250,0.01,newton,256,131072,warp,4096,600000000,600064000.0,NVIDIA A100-SXM4-80GB,holygpu8a22104.rc.fas.harvard.edu,1901.093505859375,264.0459899902344,438.009765625,34403.022280957215,32845.25946130545,20024.874759764,,,
j6mtpyzq,RodentEncDec_delay10_eff10-20260709-082832,emiwar-team/nnx-ppo-rodent-delays,finished,201d6e11,"EncDec,MLP,TrainEvalSplit,delay10,eff10,warp",Trying different XML.,2026-07-09T12:28:45Z,encdec_new_current,new,rodent_no_tail_collisions.xml,efference,torque,current_root,10,10,,,0.1,AbsoluteImitation,42,32,0.001,250,0.01,newton,256,131072,warp,4096,600000000,600064000.0,NVIDIA A100-SXM4-80GB,holygpu8a22104.rc.fas.harvard.edu,1739.8272705078125,418.2006530761719,417.4404296875,34288.42372245187,31914.68436339087,20415.640657048,,,
31ayy0ln,RodentEncDec_delay20_eff20-20260709-091504,emiwar-team/nnx-ppo-rodent-delays,finished,201d6e11,"EncDec,MLP,TrainEvalSplit,delay20,eff20,warp",Trying different XML.,2026-07-09T13:15:13Z,encdec_new_current,new,rodent_no_tail_collisions.xml,efference,torque,current_root,20,20,,,0.1,AbsoluteImitation,42,32,0.001,250,0.01,newton,256,131072,warp,4096,600000000,600064000.0,NVIDIA A100-SXM4-80GB,holygpu8a22502.rc.fas.harvard.edu,1440.853515625,532.5722045898438,378.0087890625,33832.45412046579,31542.91133917973,20660.712388652,,,
3wa0mvkz,RodentEncDec_delay50_eff50-20260709-091504,emiwar-team/nnx-ppo-rodent-delays,finished,201d6e11,"EncDec,MLP,TrainEvalSplit,delay50,eff50,warp",Trying different XML.,2026-07-09T13:15:13Z,encdec_new_current,new,rodent_no_tail_collisions.xml,efference,torque,current_root,50,50,,,0.1,AbsoluteImitation,42,32,0.001,250,0.01,newton,256,131072,warp,4096,600000000,600064000.0,NVIDIA A100-SXM4-80GB,holygpu8a22406.rc.fas.harvard.edu,911.2176513671876,487.3430480957031,290.673828125,32858.50432672918,31457.452936302216,21182.654884459,,,
9htwlukh,RodentEncDec_delay0_eff0-20260811-075304,emiwar-team/nnx-ppo-rodent-delays,failed,ef060b73,"EncDec,MLP,TrainEvalSplit,delay0,eff0,warp",New XML + reference_root.,2026-08-11T11:53:07Z,encdec_new_reference,new,rodent_no_tail_collisions.xml,efference,torque,reference_root,0,0,,,0.1,AbsoluteImitation,42,32,0.001,250,0.01,newton,256,131072,warp,4096,600000000,600064000.0,NVIDIA H200,holygpu8a12403.rc.fas.harvard.edu,2006.4873046875,133.34817504882812,446.3994140625,58486.82037248585,51149.91773508425,13621.131730014,,,
17p127fn,RodentEncDec_delay1_eff1-20260811-075237,emiwar-team/nnx-ppo-rodent-delays,failed,ef060b73,"EncDec,MLP,TrainEvalSplit,delay1,eff1,warp",New XML + reference_root.,2026-08-11T11:52:49Z,encdec_new_reference,new,rodent_no_tail_collisions.xml,efference,torque,reference_root,1,1,,,0.1,AbsoluteImitation,42,32,0.001,250,0.01,newton,256,131072,warp,4096,600000000,600064000.0,NVIDIA H200,holygpu8a12504.rc.fas.harvard.edu,1990.358154296875,142.52230834960938,446.1826171875,58442.73181561278,50896.56716185271,12436.66572944,,,
zq5dvwvf,RodentEncDec_delay2_eff2-20260811-080832,emiwar-team/nnx-ppo-rodent-delays,failed,ef060b73,"EncDec,MLP,TrainEvalSplit,delay2,eff2,warp",New XML + reference_root.,2026-08-11T12:08:40Z,encdec_new_reference,new,rodent_no_tail_collisions.xml,efference,torque,reference_root,2,2,,,0.1,AbsoluteImitation,42,32,0.001,250,0.01,newton,256,131072,warp,4096,600000000,600064000.0,NVIDIA H200,holygpu8a12204.rc.fas.harvard.edu,1973.271728515625,172.03402709960938,445.103515625,57812.98523131422,50471.77891385379,12723.926697391,,,
qpsikl6i,RodentEncDec_delay3_eff3-20260811-081204,emiwar-team/nnx-ppo-rodent-delays,failed,ef060b73,"EncDec,MLP,TrainEvalSplit,delay3,eff3,warp",New XML + reference_root.,2026-08-11T12:12:06Z,encdec_new_reference,new,rodent_no_tail_collisions.xml,efference,torque,reference_root,3,3,,,0.1,AbsoluteImitation,42,32,0.001,250,0.01,newton,256,131072,warp,4096,600000000,600064000.0,NVIDIA H200,holygpu8a12304.rc.fas.harvard.edu,1943.15185546875,227.8844757080078,441.71484375,58040.755635860565,49954.65059280436,12458.926444437,,,
ax6foqgd,RodentEncDec_delay4_eff4-20260811-081204,emiwar-team/nnx-ppo-rodent-delays,failed,ef060b73,"EncDec,MLP,TrainEvalSplit,delay4,eff4,warp",New XML + reference_root.,2026-08-11T12:12:06Z,encdec_new_reference,new,rodent_no_tail_collisions.xml,efference,torque,reference_root,4,4,,,0.1,AbsoluteImitation,42,32,0.001,250,0.01,newton,256,131072,warp,4096,600000000,600064000.0,NVIDIA H200,holygpu8a12304.rc.fas.harvard.edu,1937.206298828125,202.97369384765625,442.7900390625,57981.15769199864,49398.99726281766,12482.110722507,,,
7ur99xil,RodentEncDec_delay5_eff5-20260811-081204,emiwar-team/nnx-ppo-rodent-delays,failed,ef060b73,"EncDec,MLP,TrainEvalSplit,delay5,eff5,warp",New XML + reference_root.,2026-08-11T12:12:06Z,encdec_new_reference,new,rodent_no_tail_collisions.xml,efference,torque,reference_root,5,5,,,0.1,AbsoluteImitation,42,32,0.001,250,0.01,newton,256,131072,warp,4096,600000000,600064000.0,NVIDIA H200,holygpu8a12304.rc.fas.harvard.edu,1906.53173828125,248.86468505859375,439.30859375,57903.10812355387,49024.939878340345,12513.083884099,,,
c1v5gmie,RodentEncDec_delay6_eff6-20260811-081205,emiwar-team/nnx-ppo-rodent-delays,failed,ef060b73,"EncDec,MLP,TrainEvalSplit,delay6,eff6,warp",New XML + reference_root.,2026-08-11T12:12:06Z,encdec_new_reference,new,rodent_no_tail_collisions.xml,efference,torque,reference_root,6,6,,,0.1,AbsoluteImitation,42,32,0.001,250,0.01,newton,256,131072,warp,4096,600000000,600064000.0,NVIDIA H200,holygpu8a12304.rc.fas.harvard.edu,1878.6558837890625,296.2882385253906,435.291015625,57595.618994258926,48965.89723745019,12548.467320999,,,
904oncgf,RodentEncDec_delay7_eff7-20260811-081755,emiwar-team/nnx-ppo-rodent-delays,failed,ef060b73,"EncDec,MLP,TrainEvalSplit,delay7,eff7,warp",New XML + reference_root.,2026-08-11T12:17:56Z,encdec_new_reference,new,rodent_no_tail_collisions.xml,efference,torque,reference_root,7,7,,,0.1,AbsoluteImitation,42,32,0.001,250,0.01,newton,256,131072,warp,4096,600000000,600064000.0,NVIDIA H200,holygpu8a12204.rc.fas.harvard.edu,1862.65283203125,304.1068420410156,435.1181640625,56936.031981213266,48366.60079841169,12933.046976976,,,
dqjh25pb,RodentEncDec_delay8_eff8-20260811-081952,emiwar-team/nnx-ppo-rodent-delays,failed,ef060b73,"EncDec,MLP,TrainEvalSplit,delay8,eff8,warp",New XML + reference_root.,2026-08-11T12:19:57Z,encdec_new_reference,new,rodent_no_tail_collisions.xml,efference,torque,reference_root,8,8,,,0.1,AbsoluteImitation,42,32,0.001,250,0.01,newton,256,131072,warp,4096,600000000,600064000.0,NVIDIA H200,holygpu8a12602.rc.fas.harvard.edu,1849.788818359375,294.1304931640625,434.9716796875,57098.04092938488,48073.45864762226,12654.673027484,,,
xgrebrix,RodentEncDec_delay9_eff9-20260811-081952,emiwar-team/nnx-ppo-rodent-delays,failed,ef060b73,"EncDec,MLP,TrainEvalSplit,delay9,eff9,warp",New XML + reference_root.,2026-08-11T12:19:57Z,encdec_new_reference,new,rodent_no_tail_collisions.xml,efference,torque,reference_root,9,9,,,0.1,AbsoluteImitation,42,32,0.001,250,0.01,newton,256,131072,warp,4096,600000000,600064000.0,NVIDIA H200,holygpu8a12602.rc.fas.harvard.edu,1809.122314453125,334.80853271484375,430.4814453125,57218.85860055411,48030.99813796669,12659.063501407,,,
vo7jiiwr,RodentEncDec_delay10_eff10-20260811-083832,emiwar-team/nnx-ppo-rodent-delays,failed,ef060b73,"EncDec,MLP,TrainEvalSplit,delay10,eff10,warp",New XML + reference_root.,2026-08-11T12:38:40Z,encdec_new_reference,new,rodent_no_tail_collisions.xml,efference,torque,reference_root,10,10,,,0.1,AbsoluteImitation,42,32,0.001,250,0.01,newton,256,131072,warp,4096,600000000,600064000.0,NVIDIA H200,holygpu8a12202.rc.fas.harvard.edu,1768.671142578125,372.36474609375,426.2353515625,57186.89044482835,47988.69494657587,12694.148199031,,,
op8eyyba,RodentEncDec_delay12_eff12-20260811-083832,emiwar-team/nnx-ppo-rodent-delays,failed,ef060b73,"EncDec,MLP,TrainEvalSplit,delay12,eff12,warp",New XML + reference_root.,2026-08-11T12:38:40Z,encdec_new_reference,new,rodent_no_tail_collisions.xml,efference,torque,reference_root,12,12,,,0.1,AbsoluteImitation,42,32,0.001,250,0.01,newton,256,131072,warp,4096,600000000,600064000.0,NVIDIA H200,holygpu8a12202.rc.fas.harvard.edu,1702.493896484375,416.0056762695313,418.4931640625,57220.33848343884,47783.77004127558,12687.680777105,,,
mpmlfb9i,RodentEncDec_delay15_eff15-20260811-083832,emiwar-team/nnx-ppo-rodent-delays,failed,ef060b73,"EncDec,MLP,TrainEvalSplit,delay15,eff15,warp",New XML + reference_root.,2026-08-11T12:38:40Z,encdec_new_reference,new,rodent_no_tail_collisions.xml,efference,torque,reference_root,15,15,,,0.1,AbsoluteImitation,42,32,0.001,250,0.01,newton,256,131072,warp,4096,600000000,600064000.0,NVIDIA H200,holygpu8a12202.rc.fas.harvard.edu,1609.5628662109375,482.4064331054687,404.4423828125,56916.789600435826,47143.96981115569,12732.979258625,,,
7qbsx2pa,RodentEncDec_delay20_eff20-20260811-083832,emiwar-team/nnx-ppo-rodent-delays,failed,ef060b73,"EncDec,MLP,TrainEvalSplit,delay20,eff20,warp",New XML + reference_root.,2026-08-11T12:38:40Z,encdec_new_reference,new,rodent_no_tail_collisions.xml,efference,torque,reference_root,20,20,,,0.1,AbsoluteImitation,42,32,0.001,250,0.01,newton,256,131072,warp,4096,600000000,600064000.0,NVIDIA H200,holygpu8a12202.rc.fas.harvard.edu,1453.219482421875,538.7267456054688,380.8720703125,56507.46778052972,47252.16469450733,12789.183984839,,,
8j703ofi,RodentEncDec_delay25_eff25-20260811-083832,emiwar-team/nnx-ppo-rodent-delays,failed,ef060b73,"EncDec,MLP,TrainEvalSplit,delay25,eff25,warp",New XML + reference_root.,2026-08-11T12:38:40Z,encdec_new_reference,new,rodent_no_tail_collisions.xml,efference,torque,reference_root,25,25,,,0.1,AbsoluteImitation,42,32,0.001,250,0.01,newton,256,131072,warp,4096,600000000,600064000.0,NVIDIA A100-SXM4-80GB,holygpu8a22304.rc.fas.harvard.edu,1196.625732421875,574.5333251953125,336.140625,33634.49126640463,31208.445504819058,20577.261058885,,,
2fiwhyiz,RodentEncDec_delay30_eff30-20260811-084029,emiwar-team/nnx-ppo-rodent-delays,failed,ef060b73,"EncDec,MLP,TrainEvalSplit,delay30,eff30,warp",New XML + reference_root.,2026-08-11T12:40:31Z,encdec_new_reference,new,rodent_no_tail_collisions.xml,efference,torque,reference_root,30,30,,,0.1,AbsoluteImitation,42,32,0.001,250,0.01,newton,256,131072,warp,4096,600000000,600064000.0,NVIDIA H200,holygpu8a12403.rc.fas.harvard.edu,1149.9036865234375,551.1651000976562,332.8291015625,55728.69468301488,46944.477567076625,14301.446754358,,,
g1eehkgv,RodentEncDec_delay40_eff40-20260811-084704,emiwar-team/nnx-ppo-rodent-delays,failed,ef060b73,"EncDec,MLP,TrainEvalSplit,delay40,eff40,warp",New XML + reference_root.,2026-08-11T12:47:05Z,encdec_new_reference,new,rodent_no_tail_collisions.xml,efference,torque,reference_root,40,40,,,0.1,AbsoluteImitation,42,32,0.001,250,0.01,newton,256,131072,warp,4096,600000000,600064000.0,NVIDIA A100-SXM4-80GB,holygpu8a22304.rc.fas.harvard.edu,988.9984130859376,533.5618896484375,298.7333984375,33246.54686944757,31429.040943364744,20797.901287755,,,
d4dtnb5x,RodentEncDec_delay50_eff50-20260811-084722,emiwar-team/nnx-ppo-rodent-delays,failed,ef060b73,"EncDec,MLP,TrainEvalSplit,delay50,eff50,warp",New XML + reference_root.,2026-08-11T12:47:23Z,encdec_new_reference,new,rodent_no_tail_collisions.xml,efference,torque,reference_root,50,50,,,0.1,AbsoluteImitation,42,32,0.001,250,0.01,newton,256,131072,warp,4096,600000000,600064000.0,NVIDIA A100-SXM4-80GB,holygpu8a22304.rc.fas.harvard.edu,892.2049560546875,488.2133483886719,281.0390625,32933.01851204627,31742.60770901543,20914.227742052,,,
n1igz0o8,RodentEncDec_delay60_eff60-20260811-084722,emiwar-team/nnx-ppo-rodent-delays,failed,ef060b73,"EncDec,MLP,TrainEvalSplit,delay60,eff60,warp",New XML + reference_root.,2026-08-11T12:47:23Z,encdec_new_reference,new,rodent_no_tail_collisions.xml,efference,torque,reference_root,60,60,,,0.1,AbsoluteImitation,42,32,0.001,250,0.01,newton,256,131072,warp,4096,600000000,600064000.0,NVIDIA A100-SXM4-80GB,holygpu8a22304.rc.fas.harvard.edu,824.7849731445312,440.421875,273.6796875,32501.365945287886,31161.322518135283,21187.034535055,,,
cfq1srhp,RodentEncDec_delay70_eff70-20260811-094225,emiwar-team/nnx-ppo-rodent-delays,failed,ef060b73,"EncDec,MLP,TrainEvalSplit,delay70,eff70,warp",New XML + reference_root.,2026-08-11T13:42:34Z,encdec_new_reference,new,rodent_no_tail_collisions.xml,efference,torque,reference_root,70,70,,,0.1,AbsoluteImitation,42,32,0.001,250,0.01,newton,256,131072,warp,4096,600000000,600064000.0,NVIDIA H200,holygpu8a12503.rc.fas.harvard.edu,864.9951171875,459.7189636230469,279.234375,53642.398682878265,46437.927551357316,13443.095354254,,,
qynq5js2,RodentEncDec_delay80_eff80-20260811-094225,emiwar-team/nnx-ppo-rodent-delays,failed,ef060b73,"EncDec,MLP,TrainEvalSplit,delay80,eff80,warp",New XML + reference_root.,2026-08-11T13:42:34Z,encdec_new_reference,new,rodent_no_tail_collisions.xml,efference,torque,reference_root,80,80,,,0.1,AbsoluteImitation,42,32,0.001,250,0.01,newton,256,131072,warp,4096,600000000,600064000.0,NVIDIA H200,holygpu8a12502.rc.fas.harvard.edu,841.814697265625,430.5643005371094,276.7119140625,53671.552832963585,46739.62343201559,13449.038467257,,,
ekl3fbju,RodentEncDec_delay90_eff90-20260811-094225,emiwar-team/nnx-ppo-rodent-delays,failed,ef060b73,"EncDec,MLP,TrainEvalSplit,delay90,eff90,warp",New XML + reference_root.,2026-08-11T13:42:34Z,encdec_new_reference,new,rodent_no_tail_collisions.xml,efference,torque,reference_root,90,90,,,0.1,AbsoluteImitation,42,32,0.001,250,0.01,newton,256,131072,warp,4096,600000000,600064000.0,NVIDIA H200,holygpu8a12502.rc.fas.harvard.edu,833.2142944335938,420.0716857910156,277.59375,53100.815282556454,46671.5409704497,13502.44973745,,,
48llced7,RodentEncDec_delay100_eff100-20260811-094548,emiwar-team/nnx-ppo-rodent-delays,failed,ef060b73,"EncDec,MLP,TrainEvalSplit,delay100,eff100,warp",New XML + reference_root.,2026-08-11T13:45:49Z,encdec_new_reference,new,rodent_no_tail_collisions.xml,efference,torque,reference_root,100,100,,,0.1,AbsoluteImitation,42,32,0.001,250,0.01,newton,256,131072,warp,4096,600000000,600064000.0,NVIDIA H200,holygpu8a12401.rc.fas.harvard.edu,772.5211181640625,387.5348815917969,258.546875,52859.07117915169,47243.21348732435,13575.604007304,,,
734woltb,RodentEncDec_delay0_eff0-20260612-065718,emiwar-team/nnx-ppo-rodent-delays,finished,1cd5838f,"EncDec,MLP,TrainEvalSplit,delay0,eff0,warp",Train-eval split,2026-06-12T10:57:30Z,encdec_old_current,old,rodent.xml,efference,torque,current_root,0,0,,,0.1,AbsoluteImitation,42,32,0.001,250,0.01,newton,256,131072,warp,4096,600000000,600064000.0,NVIDIA A100-SXM4-80GB,holygpu8a22202.rc.fas.harvard.edu,2004.005615234375,142.3390350341797,446.1865234375,35284.944675637555,34593.91332082258,19684.790802171,,,
ukzi7fjb,RodentEncDec_delay0_eff0-20260611-103104,emiwar-team/nnx-ppo-rodent-delays,finished,1cd5838f,"EncDec,MLP,TrainEvalSplit,delay0,eff0,warp",Train-eval split,2026-06-11T14:31:29Z,encdec_old_current,old,rodent.xml,efference,torque,current_root,0,0,,,0.1,AbsoluteImitation,42,32,0.001,250,0.01,newton,256,131072,warp,4096,600000000,600064000.0,NVIDIA H200,holygpu8a12404.rc.fas.harvard.edu,2006.21875,135.2272186279297,446.3984375,58634.36051346372,51255.473948144616,12456.464147622,,,
68b8d25g,RodentEncDec_delay1_eff1-20260611-103118,emiwar-team/nnx-ppo-rodent-delays,finished,1cd5838f,"EncDec,MLP,TrainEvalSplit,delay1,eff1,warp",Train-eval split,2026-06-11T14:31:29Z,encdec_old_current,old,rodent.xml,efference,torque,current_root,1,1,,,0.1,AbsoluteImitation,42,32,0.001,250,0.01,newton,256,131072,warp,4096,600000000,600064000.0,NVIDIA H200,holygpu8a12504.rc.fas.harvard.edu,1984.201904296875,163.73997497558594,445.052734375,58510.84848793448,50667.38096229288,12491.740917973,,,
n9982rin,RodentEncDec_delay2_eff2-20260611-103514,emiwar-team/nnx-ppo-rodent-delays,finished,1cd5838f,"EncDec,MLP,TrainEvalSplit,delay2,eff2,warp",Train-eval split,2026-06-11T14:35:15Z,encdec_old_current,old,rodent.xml,efference,torque,current_root,2,2,,,0.1,AbsoluteImitation,42,32,0.001,250,0.01,newton,256,131072,warp,4096,600000000,600064000.0,NVIDIA H200,holygpu8a12404.rc.fas.harvard.edu,1968.72412109375,195.2876739501953,443.71875,58489.55439643466,50414.23722187609,12376.04989358,,,
jir5btpe,RodentEncDec_delay3_eff3-20260611-120639,emiwar-team/nnx-ppo-rodent-delays,finished,1cd5838f,"EncDec,MLP,TrainEvalSplit,delay3,eff3,warp",Train-eval split,2026-06-11T16:06:55Z,encdec_old_current,old,rodent.xml,efference,torque,current_root,3,3,,,0.1,AbsoluteImitation,42,32,0.001,250,0.01,newton,256,131072,warp,4096,600000000,600064000.0,NVIDIA H200,holygpu8a12304.rc.fas.harvard.edu,1961.134765625,201.85113525390625,443.0625,58090.211901953306,49804.83264244692,12473.161710863,,,
nvyg0bhj,RodentEncDec_delay4_eff4-20260611-120639,emiwar-team/nnx-ppo-rodent-delays,finished,1cd5838f,"EncDec,MLP,TrainEvalSplit,delay4,eff4,warp",Train-eval split,2026-06-11T16:06:55Z,encdec_old_current,old,rodent.xml,efference,torque,current_root,4,4,,,0.1,AbsoluteImitation,42,32,0.001,250,0.01,newton,256,131072,warp,4096,600000000,600064000.0,NVIDIA H200,holygpu8a12301.rc.fas.harvard.edu,1941.1436767578125,189.53216552734375,443.1787109375,57677.499526676445,49388.390062136474,12616.413009169,,,
8ygr9sf4,RodentEncDec_delay5_eff5-20260611-120639,emiwar-team/nnx-ppo-rodent-delays,finished,1cd5838f,"EncDec,MLP,TrainEvalSplit,delay5,eff5,warp",Train-eval split,2026-06-11T16:06:55Z,encdec_old_current,old,rodent.xml,efference,torque,current_root,5,5,,,0.1,AbsoluteImitation,42,32,0.001,250,0.01,newton,256,131072,warp,4096,600000000,600064000.0,NVIDIA H200,holygpu8a12501.rc.fas.harvard.edu,1905.016357421875,272.0177917480469,436.7861328125,57604.774121066555,49119.69577828635,12553.398422017,,,
mgk9ejcb,RodentEncDec_delay6_eff6-20260611-120818,emiwar-team/nnx-ppo-rodent-delays,finished,1cd5838f,"EncDec,MLP,TrainEvalSplit,delay6,eff6,warp",Train-eval split,2026-06-11T16:08:20Z,encdec_old_current,old,rodent.xml,efference,torque,current_root,6,6,,,0.1,AbsoluteImitation,42,32,0.001,250,0.01,newton,256,131072,warp,4096,600000000,600064000.0,NVIDIA H200,holygpu8a12403.rc.fas.harvard.edu,1896.0284423828125,259.7897644042969,437.6357421875,56881.83179051257,49156.26772189757,13992.646937971,,,
a6929dxz,RodentEncDec_delay7_eff7-20260611-120818,emiwar-team/nnx-ppo-rodent-delays,finished,1cd5838f,"EncDec,MLP,TrainEvalSplit,delay7,eff7,warp",Train-eval split,2026-06-11T16:08:20Z,encdec_old_current,old,rodent.xml,efference,torque,current_root,7,7,,,0.1,AbsoluteImitation,42,32,0.001,250,0.01,newton,256,131072,warp,4096,600000000,600064000.0,NVIDIA H200,holygpu8a12403.rc.fas.harvard.edu,1897.8070068359375,259.460205078125,439.384765625,56831.692875395966,48696.413719082426,14079.218685041,,,
5d5tvuuv,RodentEncDec_delay8_eff8-20260611-120725,emiwar-team/nnx-ppo-rodent-delays,finished,1cd5838f,"EncDec,MLP,TrainEvalSplit,delay8,eff8,warp",Train-eval split,2026-06-11T16:07:26Z,encdec_old_current,old,rodent.xml,efference,torque,current_root,8,8,,,0.1,AbsoluteImitation,42,32,0.001,250,0.01,newton,256,131072,warp,4096,600000000,600064000.0,NVIDIA H200,holygpu8a12502.rc.fas.harvard.edu,1865.0511474609375,290.9252014160156,435.0087890625,57090.720816990506,48665.052594539025,12661.085491659,,,
u9j3se06,RodentEncDec_delay9_eff9-20260611-120839,emiwar-team/nnx-ppo-rodent-delays,finished,1cd5838f,"EncDec,MLP,TrainEvalSplit,delay9,eff9,warp",Train-eval split,2026-06-11T16:08:40Z,encdec_old_current,old,rodent.xml,efference,torque,current_root,9,9,,,0.1,AbsoluteImitation,42,32,0.001,250,0.01,newton,256,131072,warp,4096,600000000,600064000.0,NVIDIA H200,holygpu8a12304.rc.fas.harvard.edu,1833.096435546875,331.099853515625,430.830078125,56919.56266782367,48352.98507361559,12647.500173614,,,
k0i287kl,RodentEncDec_delay10_eff10-20260611-120848,emiwar-team/nnx-ppo-rodent-delays,finished,1cd5838f,"EncDec,MLP,TrainEvalSplit,delay10,eff10,warp",Train-eval split,2026-06-11T16:08:49Z,encdec_old_current,old,rodent.xml,efference,torque,current_root,10,10,,,0.1,AbsoluteImitation,42,32,0.001,250,0.01,newton,256,131072,warp,4096,600000000,600064000.0,NVIDIA H200,holygpu8a12604.rc.fas.harvard.edu,1789.60986328125,376.0146789550781,423.0419921875,56847.5926035037,48154.202654008666,12700.88605378,,,
xj1agjno,RodentEncDec_delay15_eff15-20260611-120902,emiwar-team/nnx-ppo-rodent-delays,finished,1cd5838f,"EncDec,MLP,TrainEvalSplit,delay15,eff15,warp",Train-eval split,2026-06-11T16:09:03Z,encdec_old_current,old,rodent.xml,efference,torque,current_root,15,15,,,0.1,AbsoluteImitation,42,32,0.001,250,0.01,newton,256,131072,warp,4096,600000000,600064000.0,NVIDIA A100-SXM4-80GB,holygpu8a22401.rc.fas.harvard.edu,1592.833984375,512.7891235351562,389.765625,33514.166036000606,31670.45879899639,20567.915681373,,,
gunf0ivv,RodentEncDec_delay20_eff20-20260611-120904,emiwar-team/nnx-ppo-rodent-delays,finished,1cd5838f,"EncDec,MLP,TrainEvalSplit,delay20,eff20,warp",Train-eval split,2026-06-11T16:09:05Z,encdec_old_current,old,rodent.xml,efference,torque,current_root,20,20,,,0.1,AbsoluteImitation,42,32,0.001,250,0.01,newton,256,131072,warp,4096,600000000,600064000.0,NVIDIA A100-SXM4-80GB,holygpu8a22304.rc.fas.harvard.edu,1435.531005859375,590.2176513671875,363.3037109375,33476.418674674416,31514.808869360066,20647.252912111,,,
w2498exh,RodentEncDec_delay30_eff30-20260611-120904,emiwar-team/nnx-ppo-rodent-delays,finished,1cd5838f,"EncDec,MLP,TrainEvalSplit,delay30,eff30,warp",Train-eval split,2026-06-11T16:09:05Z,encdec_old_current,old,rodent.xml,efference,torque,current_root,30,30,,,0.1,AbsoluteImitation,42,32,0.001,250,0.01,newton,256,131072,warp,4096,600000000,600064000.0,NVIDIA A100-SXM4-80GB,holygpu8a22304.rc.fas.harvard.edu,1327.683349609375,564.8617553710938,351.955078125,33293.735022743655,31247.71619835981,20734.058859238,,,
rv3u3x7n,RodentEncDec_delay40_eff40-20260611-120905,emiwar-team/nnx-ppo-rodent-delays,finished,1cd5838f,"EncDec,MLP,TrainEvalSplit,delay40,eff40,warp",Train-eval split,2026-06-11T16:09:06Z,encdec_old_current,old,rodent.xml,efference,torque,current_root,40,40,,,0.1,AbsoluteImitation,42,32,0.001,250,0.01,newton,256,131072,warp,4096,600000000,600064000.0,NVIDIA A100-SXM4-80GB,holygpu8a22202.rc.fas.harvard.edu,1232.233642578125,572.444580078125,337.2822265625,32801.30132266588,31140.022973827326,21016.42322061,,,
1w7nuehe,RodentEncDec_delay50_eff50-20260611-120955,emiwar-team/nnx-ppo-rodent-delays,finished,1cd5838f,"EncDec,MLP,TrainEvalSplit,delay50,eff50,warp",Train-eval split,2026-06-11T16:09:57Z,encdec_old_current,old,rodent.xml,efference,torque,current_root,50,50,,,0.1,AbsoluteImitation,42,32,0.001,250,0.01,newton,256,131072,warp,4096,600000000,600064000.0,NVIDIA A100-SXM4-80GB,holygpu8a22206.rc.fas.harvard.edu,1045.143310546875,559.1459350585938,296.958984375,32429.251683838884,30987.043874021525,22338.580903506,,,
y7dh46ee,RodentEncDec_delay60_eff60-20260611-120954,emiwar-team/nnx-ppo-rodent-delays,finished,1cd5838f,"EncDec,MLP,TrainEvalSplit,delay60,eff60,warp",Train-eval split,2026-06-11T16:09:56Z,encdec_old_current,old,rodent.xml,efference,torque,current_root,60,60,,,0.1,AbsoluteImitation,42,32,0.001,250,0.01,newton,256,131072,warp,4096,600000000,600064000.0,NVIDIA A100-SXM4-80GB,holygpu8a22301.rc.fas.harvard.edu,992.5313110351562,530.5802001953125,284.494140625,32043.902757693206,30929.07139083153,22615.675484956,,,
oe9lq9ej,RodentEncDec_delay70_eff70-20260611-120906,emiwar-team/nnx-ppo-rodent-delays,finished,1cd5838f,"EncDec,MLP,TrainEvalSplit,delay70,eff70,warp",Train-eval split,2026-06-11T16:09:07Z,encdec_old_current,old,rodent.xml,efference,torque,current_root,70,70,,,0.1,AbsoluteImitation,42,32,0.001,250,0.01,newton,256,131072,warp,4096,600000000,600064000.0,NVIDIA A100-SXM4-80GB,holygpu8a22302.rc.fas.harvard.edu,878.22802734375,466.50384521484375,256.2177734375,32012.42055997091,30890.411367353576,21484.607464623,,,
fgt63dqc,RodentEncDec_delay80_eff80-20260611-120906,emiwar-team/nnx-ppo-rodent-delays,finished,1cd5838f,"EncDec,MLP,TrainEvalSplit,delay80,eff80,warp",Train-eval split,2026-06-11T16:09:07Z,encdec_old_current,old,rodent.xml,efference,torque,current_root,80,80,,,0.1,AbsoluteImitation,42,32,0.001,250,0.01,newton,256,131072,warp,4096,600000000,600064000.0,NVIDIA A100-SXM4-80GB,holygpu8a22302.rc.fas.harvard.edu,871.5228881835938,463.3311767578125,261.283203125,31918.084500659403,31226.255540281287,21510.233050528,,,
2l2lwxl0,RodentEncDec_delay90_eff90-20260611-120905,emiwar-team/nnx-ppo-rodent-delays,finished,1cd5838f,"EncDec,MLP,TrainEvalSplit,delay90,eff90,warp",Train-eval split,2026-06-11T16:09:06Z,encdec_old_current,old,rodent.xml,efference,torque,current_root,90,90,,,0.1,AbsoluteImitation,42,32,0.001,250,0.01,newton,256,131072,warp,4096,600000000,600064000.0,NVIDIA A100-SXM4-80GB,holygpu8a22604.rc.fas.harvard.edu,789.737548828125,413.3051452636719,235.224609375,31309.85598926865,30840.374634695338,21940.781197448,,,
fmypxy1t,RodentEncDec_delay100_eff100-20260611-120955,emiwar-team/nnx-ppo-rodent-delays,finished,1cd5838f,"EncDec,MLP,TrainEvalSplit,delay100,eff100,warp",Train-eval split,2026-06-11T16:09:57Z,encdec_old_current,old,rodent.xml,efference,torque,current_root,100,100,,,0.1,AbsoluteImitation,42,32,0.001,250,0.01,newton,256,131072,warp,4096,600000000,600064000.0,NVIDIA A100-SXM4-80GB,holygpu8a22206.rc.fas.harvard.edu,772.2216796875,408.118896484375,229.779296875,30856.295416763278,30993.404442144267,23308.741399567,,,
lgtgwdrd,RodentEncDec_delay0_eff0-20260706-062710,emiwar-team/nnx-ppo-rodent-delays,finished,909e774d,"EncDec,MLP,TrainEvalSplit,delay0,eff0,warp",Running with body_target_frame actually equals to 'reference_root'.,2026-07-06T10:27:20Z,encdec_old_reference,old,rodent.xml,efference,torque,reference_root,0,0,,,0.1,AbsoluteImitation,42,32,0.001,250,0.01,newton,256,131072,warp,4096,600000000,600064000.0,NVIDIA A100-SXM4-80GB,holygpu8a22203.rc.fas.harvard.edu,1997.562255859375,159.33592224121094,445.3828125,35179.77364707388,34512.037909034596,19637.160454458,,,
g2rfz55i,RodentEncDec_delay2_eff2-20260706-062710,emiwar-team/nnx-ppo-rodent-delays,finished,909e774d,"EncDec,MLP,TrainEvalSplit,delay2,eff2,warp",Running with body_target_frame actually equals to 'reference_root'.,2026-07-06T10:27:20Z,encdec_old_reference,old,rodent.xml,efference,torque,reference_root,2,2,,,0.1,AbsoluteImitation,42,32,0.001,250,0.01,newton,256,131072,warp,4096,600000000,600064000.0,NVIDIA A100-SXM4-80GB,holygpu8a22305.rc.fas.harvard.edu,1962.379150390625,209.3658905029297,442.6669921875,34543.49367349,33714.28087659048,19908.340904589,,,
42jsm15q,RodentEncDec_delay5_eff5-20260706-062710,emiwar-team/nnx-ppo-rodent-delays,finished,909e774d,"EncDec,MLP,TrainEvalSplit,delay5,eff5,warp",Running with body_target_frame actually equals to 'reference_root'.,2026-07-06T10:27:20Z,encdec_old_reference,old,rodent.xml,efference,torque,reference_root,5,5,,,0.1,AbsoluteImitation,42,32,0.001,250,0.01,newton,256,131072,warp,4096,600000000,600064000.0,NVIDIA A100-SXM4-80GB,holygpu8a22405.rc.fas.harvard.edu,1921.6044921875,260.2930908203125,439.34375,34374.70202373766,32950.06530462194,20071.054565279,,,
plvvp0ni,RodentEncDec_delay10_eff10-20260706-062710,emiwar-team/nnx-ppo-rodent-delays,finished,909e774d,"EncDec,MLP,TrainEvalSplit,delay10,eff10,warp",Running with body_target_frame actually equals to 'reference_root'.,2026-07-06T10:27:20Z,encdec_old_reference,old,rodent.xml,efference,torque,reference_root,10,10,,,0.1,AbsoluteImitation,42,32,0.001,250,0.01,newton,256,131072,warp,4096,600000000,600064000.0,NVIDIA A100-SXM4-80GB,holygpu8a22305.rc.fas.harvard.edu,1747.2474365234375,434.8324279785156,413.5263671875,33848.113330159846,32278.498426569964,20375.15473566,,,
nauanqbo,RodentEncDec_delay20_eff20-20260706-062710,emiwar-team/nnx-ppo-rodent-delays,finished,909e774d,"EncDec,MLP,TrainEvalSplit,delay20,eff20,warp",Running with body_target_frame actually equals to 'reference_root'.,2026-07-06T10:27:20Z,encdec_old_reference,old,rodent.xml,efference,torque,reference_root,20,20,,,0.1,AbsoluteImitation,42,32,0.001,250,0.01,newton,256,131072,warp,4096,600000000,600064000.0,NVIDIA A100-SXM4-80GB,holygpu8a22506.rc.fas.harvard.edu,1486.968994140625,556.9996948242188,376.068359375,33418.747939692956,31562.036315278936,20635.810728537,,,
f4086xkd,RodentEncDec_delay50_eff50-20260706-062710,emiwar-team/nnx-ppo-rodent-delays,finished,909e774d,"EncDec,MLP,TrainEvalSplit,delay50,eff50,warp",Running with body_target_frame actually equals to 'reference_root'.,2026-07-06T10:27:20Z,encdec_old_reference,old,rodent.xml,efference,torque,reference_root,50,50,,,0.1,AbsoluteImitation,42,32,0.001,250,0.01,newton,256,131072,warp,4096,600000000,600064000.0,NVIDIA A100-SXM4-80GB,holygpu8a22606.rc.fas.harvard.edu,1037.668701171875,575.5552978515625,292.7099609375,32398.46128794027,30885.068608675763,21244.905292414,,,
lv73tbo8,RodentForwardModel_delay0_eff0-20260709-111025,emiwar-team/nnx-ppo-rodent-delays,finished,201d6e11,"ForwardModel,MLP,TrainEvalSplit,delay0,eff0,warp",Trying different XML.,2026-07-09T15:10:40Z,expfm_new_position,new,rodent_no_tail_collisions.xml,forward_model,position,current_root,0,0,1.0,True,0.1,AbsoluteImitation,42,32,0.001,250,0.01,newton,256,131072,warp,4096,600000000,600064000.0,NVIDIA A100-SXM4-80GB,holygpu8a22503.rc.fas.harvard.edu,1946.93408203125,178.9820556640625,445.3701171875,24481.59424077869,35444.20837983991,27865.809807344,,,
1xh2oe5q,RodentForwardModel_delay2_eff2-20260709-110910,emiwar-team/nnx-ppo-rodent-delays,finished,201d6e11,"ForwardModel,MLP,TrainEvalSplit,delay2,eff2,warp",Trying different XML.,2026-07-09T15:09:32Z,expfm_new_position,new,rodent_no_tail_collisions.xml,forward_model,position,current_root,2,2,1.0,True,0.1,AbsoluteImitation,42,32,0.001,250,0.01,newton,256,131072,warp,4096,600000000,600064000.0,NVIDIA A100-SXM4-80GB,holygpu8a22506.rc.fas.harvard.edu,1932.034423828125,172.0707550048828,446.701171875,24414.743381681485,35378.585500774105,27867.681913143,,,
6icwdgdg,RodentForwardModel_delay5_eff5-20260709-110911,emiwar-team/nnx-ppo-rodent-delays,finished,201d6e11,"ForwardModel,MLP,TrainEvalSplit,delay5,eff5,warp",Trying different XML.,2026-07-09T15:09:32Z,expfm_new_position,new,rodent_no_tail_collisions.xml,forward_model,position,current_root,5,5,1.0,True,0.1,AbsoluteImitation,42,32,0.001,250,0.01,newton,256,131072,warp,4096,600000000,600064000.0,NVIDIA A100-SXM4-80GB,holygpu8a22302.rc.fas.harvard.edu,1906.166748046875,209.41278076171875,444.259765625,23796.197307087088,35206.25691852934,28394.62244961,,,
is69dmfe,RodentForwardModel_delay20_eff20-20260709-111514,emiwar-team/nnx-ppo-rodent-delays,finished,201d6e11,"ForwardModel,MLP,TrainEvalSplit,delay20,eff20,warp",Trying different XML.,2026-07-09T15:15:25Z,expfm_new_position,new,rodent_no_tail_collisions.xml,forward_model,position,current_root,20,20,1.0,True,0.1,AbsoluteImitation,42,32,0.001,250,0.01,newton,256,131072,warp,4096,600000000,600064000.0,NVIDIA A100-SXM4-80GB,holygpu8a22606.rc.fas.harvard.edu,1835.041748046875,311.42559814453125,434.697265625,22853.37334361687,34762.25895957062,29201.474054646,,,
oesyktcx,RodentForwardModel_delay50_eff50-20260709-114229,emiwar-team/nnx-ppo-rodent-delays,finished,201d6e11,"ForwardModel,MLP,TrainEvalSplit,delay50,eff50,warp",Trying different XML.,2026-07-09T15:42:43Z,expfm_new_position,new,rodent_no_tail_collisions.xml,forward_model,position,current_root,50,50,1.0,True,0.1,AbsoluteImitation,42,32,0.001,250,0.01,newton,256,131072,warp,4096,600000000,600064000.0,NVIDIA A100-SXM4-80GB,holygpu8a22203.rc.fas.harvard.edu,1847.901611328125,288.58575439453125,437.4326171875,22473.212435930596,33714.94811845452,29875.712609122,,,
q7e7028r,RodentForwardModel_delay0_eff0-20260811-162018,emiwar-team/nnx-ppo-rodent-delays,failed,ef060b73,"ForwardModel,MLP,TrainEvalSplit,delay0,eff0,warp",New XML + reference_root.,2026-08-11T20:20:34Z,expfm_new_reference,new,rodent_no_tail_collisions.xml,forward_model,torque,reference_root,0,0,1.0,True,0.1,AbsoluteImitation,42,32,0.001,250,0.01,newton,256,131072,warp,4096,600000000,600064000.0,NVIDIA H200,holygpu8a12304.rc.fas.harvard.edu,1981.185791015625,147.23443603515625,446.1083984375,53055.45770231695,50845.91638960618,13646.30063952,,,
wdnsv6wt,RodentForwardModel_delay1_eff1-20260811-163030,emiwar-team/nnx-ppo-rodent-delays,failed,ef060b73,"ForwardModel,MLP,TrainEvalSplit,delay1,eff1,warp",New XML + reference_root.,2026-08-11T20:30:32Z,expfm_new_reference,new,rodent_no_tail_collisions.xml,forward_model,torque,reference_root,1,1,1.0,True,0.1,AbsoluteImitation,42,32,0.001,250,0.01,newton,256,131072,warp,4096,600000000,600064000.0,NVIDIA A100-SXM4-80GB,holygpu8a22206.rc.fas.harvard.edu,1955.1199951171875,194.3820343017578,443.869140625,31222.080488915737,33655.53536184801,24623.792870691,,,
zgwma7ta,RodentForwardModel_delay2_eff2-20260811-163022,emiwar-team/nnx-ppo-rodent-delays,failed,ef060b73,"ForwardModel,MLP,TrainEvalSplit,delay2,eff2,warp",New XML + reference_root.,2026-08-11T20:30:29Z,expfm_new_reference,new,rodent_no_tail_collisions.xml,forward_model,torque,reference_root,2,2,1.0,True,0.1,AbsoluteImitation,42,32,0.001,250,0.01,newton,256,131072,warp,4096,600000000,600064000.0,NVIDIA A100-SXM4-80GB,holygpu8a22605.rc.fas.harvard.edu,1934.287109375,194.3572235107422,443.5869140625,31437.917033837566,33488.05730226784,21966.977937672,,,
co9cu5aw,RodentForwardModel_delay3_eff3-20260811-163204,emiwar-team/nnx-ppo-rodent-delays,failed,ef060b73,"ForwardModel,MLP,TrainEvalSplit,delay3,eff3,warp",New XML + reference_root.,2026-08-11T20:32:06Z,expfm_new_reference,new,rodent_no_tail_collisions.xml,forward_model,torque,reference_root,3,3,1.0,True,0.1,AbsoluteImitation,42,32,0.001,250,0.01,newton,256,131072,warp,4096,600000000,600064000.0,NVIDIA A100-SXM4-80GB,holygpu8a22205.rc.fas.harvard.edu,1932.0894775390625,189.5675811767578,444.1181640625,31274.39253314805,33053.97196104913,22086.090293764,,,
eq25n7dm,RodentForwardModel_delay4_eff4-20260811-173716,emiwar-team/nnx-ppo-rodent-delays,failed,ef060b73,"ForwardModel,MLP,TrainEvalSplit,delay4,eff4,warp",New XML + reference_root.,2026-08-11T21:37:20Z,expfm_new_reference,new,rodent_no_tail_collisions.xml,forward_model,torque,reference_root,4,4,1.0,True,0.1,AbsoluteImitation,42,32,0.001,250,0.01,newton,256,131072,warp,4096,600000000,600064000.0,NVIDIA A100-SXM4-80GB,holygpu8a22604.rc.fas.harvard.edu,1920.749267578125,207.10943603515625,442.5537109375,31210.461728321112,32652.69602240628,22165.224139256,,,
j2bmags2,RodentForwardModel_delay5_eff5-20260811-173716,emiwar-team/nnx-ppo-rodent-delays,failed,ef060b73,"ForwardModel,MLP,TrainEvalSplit,delay5,eff5,warp",New XML + reference_root.,2026-08-11T21:37:20Z,expfm_new_reference,new,rodent_no_tail_collisions.xml,forward_model,torque,reference_root,5,5,1.0,True,0.1,AbsoluteImitation,42,32,0.001,250,0.01,newton,256,131072,warp,4096,600000000,600064000.0,NVIDIA A100-SXM4-80GB,holygpu8a22102.rc.fas.harvard.edu,1898.242431640625,214.6022491455078,442.2021484375,31222.420985571935,32508.177142039945,22085.490059401,,,
m5fbx6tq,RodentForwardModel_delay6_eff6-20260811-173748,emiwar-team/nnx-ppo-rodent-delays,failed,ef060b73,"ForwardModel,MLP,TrainEvalSplit,delay6,eff6,warp",New XML + reference_root.,2026-08-11T21:37:49Z,expfm_new_reference,new,rodent_no_tail_collisions.xml,forward_model,torque,reference_root,6,6,1.0,True,0.1,AbsoluteImitation,42,32,0.001,250,0.01,newton,256,131072,warp,4096,600000000,600064000.0,NVIDIA A100-SXM4-80GB,holygpu8a22101.rc.fas.harvard.edu,1897.644775390625,201.6781311035156,443.0126953125,31323.700148898108,32495.90901677954,21993.972295848,,,
2696la26,RodentForwardModel_delay7_eff7-20260811-173808,emiwar-team/nnx-ppo-rodent-delays,failed,ef060b73,"ForwardModel,MLP,TrainEvalSplit,delay7,eff7,warp",New XML + reference_root.,2026-08-11T21:38:09Z,expfm_new_reference,new,rodent_no_tail_collisions.xml,forward_model,torque,reference_root,7,7,1.0,True,0.1,AbsoluteImitation,42,32,0.001,250,0.01,newton,256,131072,warp,4096,600000000,600064000.0,NVIDIA A100-SXM4-80GB,holygpu8a22506.rc.fas.harvard.edu,1874.2266845703125,253.4866943359375,439.80859375,31242.542459564727,32394.816315619006,22082.726351923,,,
t4lisyr9,RodentForwardModel_delay8_eff8-20260811-173834,emiwar-team/nnx-ppo-rodent-delays,failed,ef060b73,"ForwardModel,MLP,TrainEvalSplit,delay8,eff8,warp",New XML + reference_root.,2026-08-11T21:38:35Z,expfm_new_reference,new,rodent_no_tail_collisions.xml,forward_model,torque,reference_root,8,8,1.0,True,0.1,AbsoluteImitation,42,32,0.001,250,0.01,newton,256,131072,warp,4096,600000000,600064000.0,NVIDIA A100-SXM4-80GB,holygpu8a22101.rc.fas.harvard.edu,1850.2825927734375,291.0690002441406,436.7646484375,31233.96609986384,32131.51880456008,22141.314019721,,,
7c6xmp09,RodentForwardModel_delay9_eff9-20260811-173842,emiwar-team/nnx-ppo-rodent-delays,failed,ef060b73,"ForwardModel,MLP,TrainEvalSplit,delay9,eff9,warp",New XML + reference_root.,2026-08-11T21:38:43Z,expfm_new_reference,new,rodent_no_tail_collisions.xml,forward_model,torque,reference_root,9,9,1.0,True,0.1,AbsoluteImitation,42,32,0.001,250,0.01,newton,256,131072,warp,4096,600000000,600064000.0,NVIDIA A100-SXM4-80GB,holygpu8a22602.rc.fas.harvard.edu,1821.84326171875,339.913818359375,431.3984375,31049.434914441474,32026.16948934332,22208.308733933,,,
25io6a70,RodentForwardModel_delay10_eff10-20260811-174250,emiwar-team/nnx-ppo-rodent-delays,failed,ef060b73,"ForwardModel,MLP,TrainEvalSplit,delay10,eff10,warp",New XML + reference_root.,2026-08-11T21:42:52Z,expfm_new_reference,new,rodent_no_tail_collisions.xml,forward_model,torque,reference_root,10,10,1.0,True,0.1,AbsoluteImitation,42,32,0.001,250,0.01,newton,256,131072,warp,4096,600000000,600064000.0,NVIDIA A100-SXM4-80GB,holygpu8a22201.rc.fas.harvard.edu,1797.570556640625,362.9544982910156,427.91796875,31266.08540659686,32253.12955085685,22126.721127046,,,
zq4rpcds,RodentForwardModel_delay12_eff12-20260811-174307,emiwar-team/nnx-ppo-rodent-delays,failed,ef060b73,"ForwardModel,MLP,TrainEvalSplit,delay12,eff12,warp",New XML + reference_root.,2026-08-11T21:43:09Z,expfm_new_reference,new,rodent_no_tail_collisions.xml,forward_model,torque,reference_root,12,12,1.0,True,0.1,AbsoluteImitation,42,32,0.001,250,0.01,newton,256,131072,warp,4096,600000000,600064000.0,NVIDIA A100-SXM4-80GB,holygpu8a22302.rc.fas.harvard.edu,1734.5234375,424.2516479492187,416.9228515625,31120.22467235681,31961.162755916095,22166.889115539,,,
yws4x1hj,RodentForwardModel_delay15_eff15-20260811-174441,emiwar-team/nnx-ppo-rodent-delays,failed,ef060b73,"ForwardModel,MLP,TrainEvalSplit,delay15,eff15,warp",New XML + reference_root.,2026-08-11T21:44:43Z,expfm_new_reference,new,rodent_no_tail_collisions.xml,forward_model,torque,reference_root,15,15,1.0,True,0.1,AbsoluteImitation,42,32,0.001,250,0.01,newton,256,131072,warp,4096,600000000,600064000.0,NVIDIA A100-SXM4-80GB,holygpu8a22403.rc.fas.harvard.edu,1677.802734375,463.5680236816406,409.8486328125,30939.058650407285,31816.01770318695,22321.730356682,,,
48icppj0,RodentForwardModel_delay20_eff20-20260811-174441,emiwar-team/nnx-ppo-rodent-delays,failed,ef060b73,"ForwardModel,MLP,TrainEvalSplit,delay20,eff20,warp",New XML + reference_root.,2026-08-11T21:44:43Z,expfm_new_reference,new,rodent_no_tail_collisions.xml,forward_model,torque,reference_root,20,20,1.0,True,0.1,AbsoluteImitation,42,32,0.001,250,0.01,newton,256,131072,warp,4096,600000000,600064000.0,NVIDIA A100-SXM4-80GB,holygpu8a22403.rc.fas.harvard.edu,1639.313720703125,505.875244140625,402.873046875,31034.662432335383,31764.52241282144,22319.353700773,,,
3osnm0o6,RodentForwardModel_delay25_eff25-20260811-175025,emiwar-team/nnx-ppo-rodent-delays,failed,ef060b73,"ForwardModel,MLP,TrainEvalSplit,delay25,eff25,warp",New XML + reference_root.,2026-08-11T21:50:26Z,expfm_new_reference,new,rodent_no_tail_collisions.xml,forward_model,torque,reference_root,25,25,1.0,True,0.1,AbsoluteImitation,42,32,0.001,250,0.01,newton,256,131072,warp,4096,600000000,600064000.0,NVIDIA A100-SXM4-80GB,holygpu8a22302.rc.fas.harvard.edu,1606.809326171875,491.50152587890625,404.1181640625,30789.501319795392,31202.328692097333,22528.616495946,,,
6ugicoso,RodentForwardModel_delay30_eff30-20260811-175615,emiwar-team/nnx-ppo-rodent-delays,failed,ef060b73,"ForwardModel,MLP,TrainEvalSplit,delay30,eff30,warp",New XML + reference_root.,2026-08-11T21:56:21Z,expfm_new_reference,new,rodent_no_tail_collisions.xml,forward_model,torque,reference_root,30,30,1.0,True,0.1,AbsoluteImitation,42,32,0.001,250,0.01,newton,256,131072,warp,4096,600000000,600064000.0,NVIDIA A100-SXM4-80GB,holygpu8a22402.rc.fas.harvard.edu,1529.2822265625,529.822265625,392.41796875,30908.330563222073,31181.24586447072,22670.483945,,,
qqzdghe9,RodentForwardModel_delay40_eff40-20260811-175614,emiwar-team/nnx-ppo-rodent-delays,failed,ef060b73,"ForwardModel,MLP,TrainEvalSplit,delay40,eff40,warp",New XML + reference_root.,2026-08-11T21:56:21Z,expfm_new_reference,new,rodent_no_tail_collisions.xml,forward_model,torque,reference_root,40,40,1.0,True,0.1,AbsoluteImitation,42,32,0.001,250,0.01,newton,256,131072,warp,4096,600000000,600064000.0,NVIDIA A100-SXM4-80GB,holygpu8a22304.rc.fas.harvard.edu,1468.78955078125,548.5537719726562,384.2626953125,30697.905696115955,31099.312600274712,23115.888225543,,,
6cbzq5on,RodentForwardModel_delay50_eff50-20260811-180113,emiwar-team/nnx-ppo-rodent-delays,failed,ef060b73,"ForwardModel,MLP,TrainEvalSplit,delay50,eff50,warp",New XML + reference_root.,2026-08-11T22:01:16Z,expfm_new_reference,new,rodent_no_tail_collisions.xml,forward_model,torque,reference_root,50,50,1.0,True,0.1,AbsoluteImitation,42,32,0.001,250,0.01,newton,256,131072,warp,4096,600000000,600064000.0,NVIDIA A100-SXM4-80GB,holygpu8a22206.rc.fas.harvard.edu,1355.3756103515625,547.7182006835938,370.0908203125,30493.883362655277,21310.282219664085,26153.026244734,,,
tuakxoap,RodentForwardModel_delay60_eff60-20260811-180332,emiwar-team/nnx-ppo-rodent-delays,failed,ef060b73,"ForwardModel,MLP,TrainEvalSplit,delay60,eff60,warp",New XML + reference_root.,2026-08-11T22:03:34Z,expfm_new_reference,new,rodent_no_tail_collisions.xml,forward_model,torque,reference_root,60,60,1.0,True,0.1,AbsoluteImitation,42,32,0.001,250,0.01,newton,256,131072,warp,4096,600000000,600064000.0,NVIDIA A100-SXM4-80GB,holygpu8a22104.rc.fas.harvard.edu,1330.94921875,538.0547485351562,368.8828125,30635.644812745428,15671.52092797345,24105.074381331,,,
czsyqfjy,RodentForwardModel_delay70_eff70-20260811-180332,emiwar-team/nnx-ppo-rodent-delays,failed,ef060b73,"ForwardModel,MLP,TrainEvalSplit,delay70,eff70,warp",New XML + reference_root.,2026-08-11T22:03:34Z,expfm_new_reference,new,rodent_no_tail_collisions.xml,forward_model,torque,reference_root,70,70,1.0,True,0.1,AbsoluteImitation,42,32,0.001,250,0.01,newton,256,131072,warp,4096,600000000,600064000.0,NVIDIA A100-SXM4-80GB,holygpu8a22601.rc.fas.harvard.edu,1299.994873046875,518.5748291015625,370.8125,30288.60658416275,28072.21468986759,23711.514017606,,,
qubjc67b,RodentForwardModel_delay80_eff80-20260811-181325,emiwar-team/nnx-ppo-rodent-delays,failed,ef060b73,"ForwardModel,MLP,TrainEvalSplit,delay80,eff80,warp",New XML + reference_root.,2026-08-11T22:13:28Z,expfm_new_reference,new,rodent_no_tail_collisions.xml,forward_model,torque,reference_root,80,80,1.0,True,0.1,AbsoluteImitation,42,32,0.001,250,0.01,newton,256,131072,warp,4096,600000000,600064000.0,NVIDIA A100-SXM4-80GB,holygpu8a22301.rc.fas.harvard.edu,1261.2579345703125,525.57421875,365.30078125,30144.61224998159,15408.910144421952,26987.951973954,,,
vxo6rooq,RodentForwardModel_delay90_eff90-20260811-181317,emiwar-team/nnx-ppo-rodent-delays,failed,ef060b73,"ForwardModel,MLP,TrainEvalSplit,delay90,eff90,warp",New XML + reference_root.,2026-08-11T22:13:21Z,expfm_new_reference,new,rodent_no_tail_collisions.xml,forward_model,torque,reference_root,90,90,1.0,True,0.1,AbsoluteImitation,42,32,0.001,250,0.01,newton,256,131072,warp,4096,600000000,600064000.0,NVIDIA A100-SXM4-80GB,holygpu8a22204.rc.fas.harvard.edu,1258.810546875,503.474365234375,371.09375,30351.089381854417,16122.183840884592,24145.836649129,,,
f0a0360u,RodentForwardModel_delay100_eff100-20260811-181425,emiwar-team/nnx-ppo-rodent-delays,failed,ef060b73,"ForwardModel,MLP,TrainEvalSplit,delay100,eff100,warp",New XML + reference_root.,2026-08-11T22:14:26Z,expfm_new_reference,new,rodent_no_tail_collisions.xml,forward_model,torque,reference_root,100,100,1.0,True,0.1,AbsoluteImitation,42,32,0.001,250,0.01,newton,256,131072,warp,4096,600000000,600064000.0,NVIDIA A100-SXM4-80GB,holygpu8a22301.rc.fas.harvard.edu,1284.4466552734375,501.9670104980469,375.998046875,29593.764439383052,25247.865039253455,26720.343425723,,,
oof7uath,RodentForwardModel_delay0_eff0-20260619-032834,emiwar-team/nnx-ppo-rodent-delays,finished,54643764,"ForwardModel,MLP,TrainEvalSplit,delay0,eff0,warp",Explicit forward model.,2026-06-19T07:28:44Z,expfm_old_current,old,rodent.xml,forward_model,torque,current_root,0,0,1.0,,0.1,AbsoluteImitation,42,32,0.001,250,0.01,newton,256,131072,warp,4096,600000000,600064000.0,NVIDIA H200,holygpu8a12604.rc.fas.harvard.edu,1985.561767578125,137.70921325683594,446.412109375,53066.522293324895,50791.04161536012,13583.113176745,,,
n360ngyz,RodentForwardModel_delay1_eff1-20260619-032834,emiwar-team/nnx-ppo-rodent-delays,finished,54643764,"ForwardModel,MLP,TrainEvalSplit,delay1,eff1,warp",Explicit forward model.,2026-06-19T07:28:44Z,expfm_old_current,old,rodent.xml,forward_model,torque,current_root,1,1,1.0,,0.1,AbsoluteImitation,42,32,0.001,250,0.01,newton,256,131072,warp,4096,600000000,600064000.0,NVIDIA A100-SXM4-80GB,holygpu8a22506.rc.fas.harvard.edu,1966.170654296875,165.7288360595703,444.765625,31314.919125842192,33409.480532855334,21975.7102046,,,
cux09djh,RodentForwardModel_delay2_eff2-20260619-033003,emiwar-team/nnx-ppo-rodent-delays,finished,54643764,"ForwardModel,MLP,TrainEvalSplit,delay2,eff2,warp",Explicit forward model.,2026-06-19T07:30:04Z,expfm_old_current,old,rodent.xml,forward_model,torque,current_root,2,2,1.0,,0.1,AbsoluteImitation,42,32,0.001,250,0.01,newton,256,131072,warp,4096,600000000,600064000.0,NVIDIA H200,holygpu8a12402.rc.fas.harvard.edu,1944.8040771484375,197.5319671630859,442.9287109375,52667.69899204445,49876.40250886703,13634.527958646,,,
7mbhtcl1,RodentForwardModel_delay3_eff3-20260619-033153,emiwar-team/nnx-ppo-rodent-delays,finished,54643764,"ForwardModel,MLP,TrainEvalSplit,delay3,eff3,warp",Explicit forward model.,2026-06-19T07:31:54Z,expfm_old_current,old,rodent.xml,forward_model,torque,current_root,3,3,1.0,,0.1,AbsoluteImitation,42,32,0.001,250,0.01,newton,256,131072,warp,4096,600000000,600064000.0,NVIDIA A100-SXM4-80GB,holygpu8a22306.rc.fas.harvard.edu,1921.68408203125,215.3975372314453,441.646484375,31211.556298000443,33001.15132871812,22008.630342277,,,
0v244yas,RodentForwardModel_delay4_eff4-20260619-033209,emiwar-team/nnx-ppo-rodent-delays,finished,54643764,"ForwardModel,MLP,TrainEvalSplit,delay4,eff4,warp",Explicit forward model.,2026-06-19T07:32:10Z,expfm_old_current,old,rodent.xml,forward_model,torque,current_root,4,4,1.0,,0.1,AbsoluteImitation,42,32,0.001,250,0.01,newton,256,131072,warp,4096,600000000,600064000.0,NVIDIA A100-SXM4-80GB,holygpu8a22306.rc.fas.harvard.edu,1829.670166015625,358.48358154296875,424.4609375,31344.426227700227,32689.94811739522,21973.750256545,,,
nuqt0890,RodentForwardModel_delay5_eff5-20260619-033243,emiwar-team/nnx-ppo-rodent-delays,finished,54643764,"ForwardModel,MLP,TrainEvalSplit,delay5,eff5,warp",Explicit forward model.,2026-06-19T07:32:44Z,expfm_old_current,old,rodent.xml,forward_model,torque,current_root,5,5,1.0,,0.1,AbsoluteImitation,42,32,0.001,250,0.01,newton,256,131072,warp,4096,600000000,600064000.0,NVIDIA A100-SXM4-80GB,holygpu8a22601.rc.fas.harvard.edu,1902.5728759765625,229.8212890625,440.79296875,31319.609704888855,32859.80526003188,21966.416420395,,,
oeb11ok2,RodentForwardModel_delay6_eff6-20260619-033349,emiwar-team/nnx-ppo-rodent-delays,finished,54643764,"ForwardModel,MLP,TrainEvalSplit,delay6,eff6,warp",Explicit forward model.,2026-06-19T07:33:51Z,expfm_old_current,old,rodent.xml,forward_model,torque,current_root,6,6,1.0,,0.1,AbsoluteImitation,42,32,0.001,250,0.01,newton,256,131072,warp,4096,600000000,600064000.0,NVIDIA H200,holygpu8a12503.rc.fas.harvard.edu,1899.109619140625,238.67958068847656,440.880859375,53095.59038114338,48846.48350614951,13580.132181088,,,
dcgsgytz,RodentForwardModel_delay7_eff7-20260619-033456,emiwar-team/nnx-ppo-rodent-delays,finished,54643764,"ForwardModel,MLP,TrainEvalSplit,delay7,eff7,warp",Explicit forward model.,2026-06-19T07:34:57Z,expfm_old_current,old,rodent.xml,forward_model,torque,current_root,7,7,1.0,,0.1,AbsoluteImitation,42,32,0.001,250,0.01,newton,256,131072,warp,4096,600000000,600064000.0,NVIDIA A100-SXM4-80GB,holygpu8a22205.rc.fas.harvard.edu,1899.5849609375,231.030517578125,441.1201171875,31218.853414135338,32538.92289621582,22066.337626164,,,
4spnzcd6,RodentForwardModel_delay8_eff8-20260619-033515,emiwar-team/nnx-ppo-rodent-delays,finished,54643764,"ForwardModel,MLP,TrainEvalSplit,delay8,eff8,warp",Explicit forward model.,2026-06-19T07:35:16Z,expfm_old_current,old,rodent.xml,forward_model,torque,current_root,8,8,1.0,,0.1,AbsoluteImitation,42,32,0.001,250,0.01,newton,256,131072,warp,4096,600000000,600064000.0,NVIDIA A100-SXM4-80GB,holygpu8a22306.rc.fas.harvard.edu,1856.89404296875,286.3036193847656,434.419921875,31275.476911685415,32452.993230940774,22088.47275363,,,
3h12kbno,RodentForwardModel_delay9_eff9-20260619-033655,emiwar-team/nnx-ppo-rodent-delays,finished,54643764,"ForwardModel,MLP,TrainEvalSplit,delay9,eff9,warp",Explicit forward model.,2026-06-19T07:36:56Z,expfm_old_current,old,rodent.xml,forward_model,torque,current_root,9,9,1.0,,0.1,AbsoluteImitation,42,32,0.001,250,0.01,newton,256,131072,warp,4096,600000000,600064000.0,NVIDIA A100-SXM4-80GB,holygpu8a22105.rc.fas.harvard.edu,1875.90234375,255.567626953125,438.853515625,30964.764841629487,32208.69294661763,22158.950988465,,,
6rp2ntz7,RodentForwardModel_delay10_eff10-20260619-033822,emiwar-team/nnx-ppo-rodent-delays,finished,54643764,"ForwardModel,MLP,TrainEvalSplit,delay10,eff10,warp",Explicit forward model.,2026-06-19T07:38:25Z,expfm_old_current,old,rodent.xml,forward_model,torque,current_root,10,10,1.0,,0.1,AbsoluteImitation,42,32,0.001,250,0.01,newton,256,131072,warp,4096,600000000,600064000.0,NVIDIA H200,holygpu8a12403.rc.fas.harvard.edu,1856.0142822265625,281.79296875,436.525390625,52275.61972086111,48534.33239263454,16879.140791353,,,
lwf9q634,RodentForwardModel_delay12_eff12-20260619-033905,emiwar-team/nnx-ppo-rodent-delays,finished,54643764,"ForwardModel,MLP,TrainEvalSplit,delay12,eff12,warp",Explicit forward model.,2026-06-19T07:39:06Z,expfm_old_current,old,rodent.xml,forward_model,torque,current_root,12,12,1.0,,0.1,AbsoluteImitation,42,32,0.001,250,0.01,newton,256,131072,warp,4096,600000000,600064000.0,NVIDIA A100-SXM4-80GB,holygpu8a22605.rc.fas.harvard.edu,1739.9691162109375,447.7511291503906,412.904296875,30863.387947660634,31910.98003239395,22257.423834786,,,
oelpm5vy,RodentForwardModel_delay15_eff15-20260619-034343,emiwar-team/nnx-ppo-rodent-delays,finished,54643764,"ForwardModel,MLP,TrainEvalSplit,delay15,eff15,warp",Explicit forward model.,2026-06-19T07:43:44Z,expfm_old_current,old,rodent.xml,forward_model,torque,current_root,15,15,1.0,,0.1,AbsoluteImitation,42,32,0.001,250,0.01,newton,256,131072,warp,4096,600000000,600064000.0,NVIDIA A100-SXM4-80GB,holygpu8a22504.rc.fas.harvard.edu,1665.438720703125,504.8869018554687,399.89453125,30644.509099604336,31768.899934464163,22396.711108048,,,
bge1cw3s,RodentForwardModel_delay20_eff20-20260619-034701,emiwar-team/nnx-ppo-rodent-delays,finished,54643764,"ForwardModel,MLP,TrainEvalSplit,delay20,eff20,warp",Explicit forward model.,2026-06-19T07:47:02Z,expfm_old_current,old,rodent.xml,forward_model,torque,current_root,20,20,1.0,,0.1,AbsoluteImitation,42,32,0.001,250,0.01,newton,256,131072,warp,4096,600000000,600064000.0,NVIDIA H200,holygpu8a12503.rc.fas.harvard.edu,1587.1820068359375,555.6929931640625,384.4345703125,51855.281978384664,47532.86799070748,13919.266432588,,,
7wqiu7d3,RodentForwardModel_delay25_eff25-20260619-035219,emiwar-team/nnx-ppo-rodent-delays,finished,54643764,"ForwardModel,MLP,TrainEvalSplit,delay25,eff25,warp",Explicit forward model.,2026-06-19T07:52:23Z,expfm_old_current,old,rodent.xml,forward_model,torque,current_root,25,25,1.0,,0.1,AbsoluteImitation,42,32,0.001,250,0.01,newton,256,131072,warp,4096,600000000,600064000.0,NVIDIA H200,holygpu8a12303.rc.fas.harvard.edu,1559.510498046875,553.2080078125,384.7099609375,51431.76569471111,47335.61721248715,17061.898207737,,,
g6mz0mci,RodentForwardModel_delay30_eff30-20260619-035534,emiwar-team/nnx-ppo-rodent-delays,finished,54643764,"ForwardModel,MLP,TrainEvalSplit,delay30,eff30,warp",Explicit forward model.,2026-06-19T07:55:35Z,expfm_old_current,old,rodent.xml,forward_model,torque,current_root,30,30,1.0,,0.1,AbsoluteImitation,42,32,0.001,250,0.01,newton,256,131072,warp,4096,600000000,600064000.0,NVIDIA A100-SXM4-80GB,holygpu8a22404.rc.fas.harvard.edu,1501.1363525390625,579.9451904296875,372.8671875,30552.554426945426,31326.7214501192,22519.260829306,,,
1j36ffre,RodentForwardModel_delay40_eff40-20260619-035659,emiwar-team/nnx-ppo-rodent-delays,finished,54643764,"ForwardModel,MLP,TrainEvalSplit,delay40,eff40,warp",Explicit forward model.,2026-06-19T07:57:01Z,expfm_old_current,old,rodent.xml,forward_model,torque,current_root,40,40,1.0,,0.1,AbsoluteImitation,42,32,0.001,250,0.01,newton,256,131072,warp,4096,600000000,600064000.0,NVIDIA H200,holygpu8a12403.rc.fas.harvard.edu,1444.188720703125,560.1549072265625,370.2412109375,51063.97507124217,47184.412657999725,17148.546806587,,,
29h53tbw,RodentForwardModel_delay50_eff50-20260619-040449,emiwar-team/nnx-ppo-rodent-delays,finished,54643764,"ForwardModel,MLP,TrainEvalSplit,delay50,eff50,warp",Explicit forward model.,2026-06-19T08:04:52Z,expfm_old_current,old,rodent.xml,forward_model,torque,current_root,50,50,1.0,,0.1,AbsoluteImitation,42,32,0.001,250,0.01,newton,256,131072,warp,4096,600000000,600064000.0,NVIDIA H200,holygpu8a12501.rc.fas.harvard.edu,1345.9512939453125,589.0496826171875,352.9619140625,51099.25338914883,47088.1525538484,14119.906362531,,,
rmeykqfj,RodentForwardModel_delay60_eff60-20260619-040528,emiwar-team/nnx-ppo-rodent-delays,finished,54643764,"ForwardModel,MLP,TrainEvalSplit,delay60,eff60,warp",Explicit forward model.,2026-06-19T08:05:30Z,expfm_old_current,old,rodent.xml,forward_model,torque,current_root,60,60,1.0,,0.1,AbsoluteImitation,42,32,0.001,250,0.01,newton,256,131072,warp,4096,600000000,600064000.0,NVIDIA A100-SXM4-80GB,holygpu8a22206.rc.fas.harvard.edu,1293.4940185546875,588.5738525390625,342.857421875,29833.17521183064,31118.086440265448,25640.301013756,,,
5chxtk59,RodentForwardModel_delay70_eff70-20260619-040722,emiwar-team/nnx-ppo-rodent-delays,finished,54643764,"ForwardModel,MLP,TrainEvalSplit,delay70,eff70,warp",Explicit forward model.,2026-06-19T08:07:23Z,expfm_old_current,old,rodent.xml,forward_model,torque,current_root,70,70,1.0,,0.1,AbsoluteImitation,42,32,0.001,250,0.01,newton,256,131072,warp,4096,600000000,600064000.0,NVIDIA A100-SXM4-80GB,holygpu8a22106.rc.fas.harvard.edu,1196.955810546875,577.099853515625,326.1318359375,30061.991381026433,31140.314133318745,22860.287636555,,,
3wnn9itz,RodentForwardModel_delay80_eff80-20260619-040733,emiwar-team/nnx-ppo-rodent-delays,finished,54643764,"ForwardModel,MLP,TrainEvalSplit,delay80,eff80,warp",Explicit forward model.,2026-06-19T08:07:34Z,expfm_old_current,old,rodent.xml,forward_model,torque,current_root,80,80,1.0,,0.1,AbsoluteImitation,42,32,0.001,250,0.01,newton,256,131072,warp,4096,600000000,600064000.0,NVIDIA A100-SXM4-80GB,holygpu8a22602.rc.fas.harvard.edu,1211.232666015625,572.9645385742188,332.6005859375,29709.202231707197,31120.339969092747,23344.508905956,,,
zu36pzzv,RodentForwardModel_delay90_eff90-20260619-041422,emiwar-team/nnx-ppo-rodent-delays,finished,54643764,"ForwardModel,MLP,TrainEvalSplit,delay90,eff90,warp",Explicit forward model.,2026-06-19T08:14:24Z,expfm_old_current,old,rodent.xml,forward_model,torque,current_root,90,90,1.0,,0.1,AbsoluteImitation,42,32,0.001,250,0.01,newton,256,131072,warp,4096,600000000,600064000.0,NVIDIA H200,holygpu8a12602.rc.fas.harvard.edu,1163.7845458984375,552.7642822265625,325.5302734375,50114.09731469506,47311.79818820932,14291.8701994,,,
4dgvazws,RodentForwardModel_delay100_eff100-20260619-041703,emiwar-team/nnx-ppo-rodent-delays,finished,54643764,"ForwardModel,MLP,TrainEvalSplit,delay100,eff100,warp",Explicit forward model.,2026-06-19T08:17:04Z,expfm_old_current,old,rodent.xml,forward_model,torque,current_root,100,100,1.0,,0.1,AbsoluteImitation,42,32,0.001,250,0.01,newton,256,131072,warp,4096,600000000,600064000.0,NVIDIA A100-SXM4-80GB,holygpu8a22206.rc.fas.harvard.edu,1126.962646484375,545.8890991210938,320.2353515625,28938.77124873277,31164.248837087216,26307.442515501,,,
3f3r7yds,RodentForwardModel_delay0_eff0-20260706-171304,emiwar-team/nnx-ppo-rodent-delays,finished,891cd0d3,"ForwardModel,MLP,TrainEvalSplit,delay0,eff0,warp",Trying positional control.,2026-07-06T21:13:14Z,expfm_old_position,old,rodent.xml,forward_model,position,current_root,0,0,1.0,True,0.1,AbsoluteImitation,42,32,0.001,250,0.01,newton,256,131072,warp,4096,600000000,600064000.0,NVIDIA A100-SXM4-80GB,holygpu8a22105.rc.fas.harvard.edu,1947.108642578125,175.53871154785156,444.5986328125,26823.780696944777,35908.876394619925,25402.056998549,,,
un5lkdy3,RodentForwardModel_delay2_eff2-20260706-171304,emiwar-team/nnx-ppo-rodent-delays,finished,891cd0d3,"ForwardModel,MLP,TrainEvalSplit,delay2,eff2,warp",Trying positional control.,2026-07-06T21:13:14Z,expfm_old_position,old,rodent.xml,forward_model,position,current_root,2,2,1.0,True,0.1,AbsoluteImitation,42,32,0.001,250,0.01,newton,256,131072,warp,4096,600000000,600064000.0,NVIDIA A100-SXM4-80GB,holygpu8a22102.rc.fas.harvard.edu,1928.638916015625,191.83447265625,444.0126953125,26743.720123013387,35604.94423224,25634.431599559,,,
u1tiif7a,RodentForwardModel_delay5_eff5-20260706-171310,emiwar-team/nnx-ppo-rodent-delays,finished,891cd0d3,"ForwardModel,MLP,TrainEvalSplit,delay5,eff5,warp",Trying positional control.,2026-07-06T21:13:14Z,expfm_old_position,old,rodent.xml,forward_model,position,current_root,5,5,1.0,True,0.1,AbsoluteImitation,42,32,0.001,250,0.01,newton,256,131072,warp,4096,600000000,600064000.0,NVIDIA A100-SXM4-80GB,holygpu8a22301.rc.fas.harvard.edu,1909.39599609375,214.8074188232422,442.9462890625,25855.483080604674,35626.07493636814,28708.544321352,,,
m87hoxba,RodentForwardModel_delay10_eff10-20260706-171304,emiwar-team/nnx-ppo-rodent-delays,finished,891cd0d3,"ForwardModel,MLP,TrainEvalSplit,delay10,eff10,warp",Trying positional control.,2026-07-06T21:13:14Z,expfm_old_position,old,rodent.xml,forward_model,position,current_root,10,10,1.0,True,0.1,AbsoluteImitation,42,32,0.001,250,0.01,newton,256,131072,warp,4096,600000000,600064000.0,NVIDIA H200,holygpu8a12203.rc.fas.harvard.edu,1872.05615234375,284.9640197753906,436.91015625,40995.966282735004,52196.70886918934,17102.166247656,,,
ag0ppq7m,RodentForwardModel_delay20_eff20-20260706-171304,emiwar-team/nnx-ppo-rodent-delays,finished,891cd0d3,"ForwardModel,MLP,TrainEvalSplit,delay20,eff20,warp",Trying positional control.,2026-07-06T21:13:14Z,expfm_old_position,old,rodent.xml,forward_model,position,current_root,20,20,1.0,True,0.1,AbsoluteImitation,42,32,0.001,250,0.01,newton,256,131072,warp,4096,600000000,600064000.0,NVIDIA A100-SXM4-80GB,holygpu8a22101.rc.fas.harvard.edu,1864.33349609375,284.2835998535156,437.587890625,25552.532728092337,35614.31311214846,26634.514558957,,,
y9g2f9qe,RodentForwardModel_delay50_eff50-20260706-171304,emiwar-team/nnx-ppo-rodent-delays,finished,891cd0d3,"ForwardModel,MLP,TrainEvalSplit,delay50,eff50,warp",Trying positional control.,2026-07-06T21:13:14Z,expfm_old_position,old,rodent.xml,forward_model,position,current_root,50,50,1.0,True,0.1,AbsoluteImitation,42,32,0.001,250,0.01,newton,256,131072,warp,4096,600000000,600064000.0,NVIDIA A100-SXM4-80GB,holygpu8a22602.rc.fas.harvard.edu,1842.34912109375,310.5400695800781,434.8642578125,24622.355217914268,35332.19533092667,27477.539618969,,,
cour9ula,RodentForwardModel_delay70_eff70-20260706-171304,emiwar-team/nnx-ppo-rodent-delays,finished,891cd0d3,"ForwardModel,MLP,TrainEvalSplit,delay70,eff70,warp",Trying positional control.,2026-07-06T21:13:14Z,expfm_old_position,old,rodent.xml,forward_model,position,current_root,70,70,1.0,True,0.1,AbsoluteImitation,42,32,0.001,250,0.01,newton,256,131072,warp,4096,600000000,600064000.0,NVIDIA A100-SXM4-80GB,holygpu8a22105.rc.fas.harvard.edu,1856.4093017578125,278.7340087890625,437.6025390625,24105.602570056835,35483.938682520355,27732.649041867,,,
d4w728ul,RodentForwardModel_delay100_eff100-20260706-171304,emiwar-team/nnx-ppo-rodent-delays,finished,891cd0d3,"ForwardModel,MLP,TrainEvalSplit,delay100,eff100,warp",Trying positional control.,2026-07-06T21:13:14Z,expfm_old_position,old,rodent.xml,forward_model,position,current_root,100,100,1.0,True,0.1,AbsoluteImitation,42,32,0.001,250,0.01,newton,256,131072,warp,4096,600000000,600064000.0,NVIDIA A100-SXM4-80GB,holygpu8a22106.rc.fas.harvard.edu,1834.417724609375,319.46142578125,433.70703125,23220.777275074346,35477.088149722505,28286.052628945,,,
4jp6xwlz,RodentForwardModel_delay0_eff0-20260706-062716,emiwar-team/nnx-ppo-rodent-delays,finished,909e774d,"ForwardModel,MLP,TrainEvalSplit,delay0,eff0,warp",Running with body_target_frame actually equals to 'reference_root'.,2026-07-06T10:27:20Z,expfm_old_reference,old,rodent.xml,forward_model,torque,reference_root,0,0,1.0,True,0.1,AbsoluteImitation,42,32,0.001,250,0.01,newton,256,131072,warp,4096,600000000,600064000.0,NVIDIA A100-SXM4-80GB,holygpu8a22201.rc.fas.harvard.edu,1957.8184814453125,180.76760864257812,444.4140625,31674.52359370629,33936.25645381515,22005.612310044,,,
4rtd5osb,RodentForwardModel_delay2_eff2-20260706-062800,emiwar-team/nnx-ppo-rodent-delays,finished,909e774d,"ForwardModel,MLP,TrainEvalSplit,delay2,eff2,warp",Running with body_target_frame actually equals to 'reference_root'.,2026-07-06T10:28:01Z,expfm_old_reference,old,rodent.xml,forward_model,torque,reference_root,2,2,1.0,True,0.1,AbsoluteImitation,42,32,0.001,250,0.01,newton,256,131072,warp,4096,600000000,600064000.0,NVIDIA A100-SXM4-80GB,holygpu8a22102.rc.fas.harvard.edu,1950.105712890625,157.1907501220703,445.6240234375,31480.483719638807,33262.18846847354,21970.243978025,,,
588niguc,RodentForwardModel_delay5_eff5-20260706-062817,emiwar-team/nnx-ppo-rodent-delays,finished,909e774d,"ForwardModel,MLP,TrainEvalSplit,delay5,eff5,warp",Running with body_target_frame actually equals to 'reference_root'.,2026-07-06T10:28:18Z,expfm_old_reference,old,rodent.xml,forward_model,torque,reference_root,5,5,1.0,True,0.1,AbsoluteImitation,42,32,0.001,250,0.01,newton,256,131072,warp,4096,600000000,600064000.0,NVIDIA A100-SXM4-80GB,holygpu8a22102.rc.fas.harvard.edu,1911.4443359375,204.1765289306641,442.515625,31263.814005201122,32590.96708954345,22040.128003752,,,
996slefh,RodentForwardModel_delay10_eff10-20260706-062823,emiwar-team/nnx-ppo-rodent-delays,finished,909e774d,"ForwardModel,MLP,TrainEvalSplit,delay10,eff10,warp",Running with body_target_frame actually equals to 'reference_root'.,2026-07-06T10:28:24Z,expfm_old_reference,old,rodent.xml,forward_model,torque,reference_root,10,10,1.0,True,0.1,AbsoluteImitation,42,32,0.001,250,0.01,newton,256,131072,warp,4096,600000000,600064000.0,NVIDIA A100-SXM4-80GB,holygpu8a22402.rc.fas.harvard.edu,1826.55810546875,339.021240234375,430.9267578125,31052.098749538756,32169.003210170573,22214.644829679,,,
gkphkezd,RodentForwardModel_delay20_eff20-20260706-062824,emiwar-team/nnx-ppo-rodent-delays,finished,909e774d,"ForwardModel,MLP,TrainEvalSplit,delay20,eff20,warp",Running with body_target_frame actually equals to 'reference_root'.,2026-07-06T10:28:25Z,expfm_old_reference,old,rodent.xml,forward_model,torque,reference_root,20,20,1.0,True,0.1,AbsoluteImitation,42,32,0.001,250,0.01,newton,256,131072,warp,4096,600000000,600064000.0,NVIDIA A100-SXM4-80GB,holygpu8a22506.rc.fas.harvard.edu,1611.5552978515625,529.2078857421875,391.7880859375,30652.469458147178,31386.1747733976,22484.412549087,,,
jsuoivys,RodentForwardModel_delay50_eff50-20260706-062835,emiwar-team/nnx-ppo-rodent-delays,finished,909e774d,"ForwardModel,MLP,TrainEvalSplit,delay50,eff50,warp",Running with body_target_frame actually equals to 'reference_root'.,2026-07-06T10:28:36Z,expfm_old_reference,old,rodent.xml,forward_model,torque,reference_root,50,50,1.0,True,0.1,AbsoluteImitation,42,32,0.001,250,0.01,newton,256,131072,warp,4096,600000000,600064000.0,NVIDIA A100-SXM4-80GB,holygpu8a22603.rc.fas.harvard.edu,1389.973876953125,583.3875122070312,360.9580078125,30041.16555209835,30981.24315302233,23144.218031521,,,
efc0z8fe,RodentForwardModel_delay0_eff0_nodetach-20260812-072126,emiwar-team/nnx-ppo-rodent-delays,finished,25732c42,"ForwardModel,MLP,TrainEvalSplit,delay0,eff0,nodetach,warp",New XML + reference_root + nodetach.,2026-08-12T11:21:32Z,pgfm_new_reference,new,rodent_no_tail_collisions.xml,pg_forward_model,torque,reference_root,0,0,0.0,False,0.1,AbsoluteImitation,42,32,0.001,250,0.01,newton,256,131072,warp,4096,600000000,600064000.0,NVIDIA A100-SXM4-80GB,holygpu8a22406.rc.fas.harvard.edu,1999.728759765625,130.21652221679688,446.6044921875,32010.343721797548,34545.96681898972,21725.578526567,2131.067245573687,11186.551773071287,0.71875
mwaeczx8,RodentForwardModel_delay1_eff1_nodetach-20260812-074056,emiwar-team/nnx-ppo-rodent-delays,finished,25732c42,"ForwardModel,MLP,TrainEvalSplit,delay1,eff1,nodetach,warp",New XML + reference_root + nodetach.,2026-08-12T11:40:58Z,pgfm_new_reference,new,rodent_no_tail_collisions.xml,pg_forward_model,torque,reference_root,1,1,0.0,False,0.1,AbsoluteImitation,42,32,0.001,250,0.01,newton,256,131072,warp,4096,600000000,600064000.0,NVIDIA H200,holygpu8a12503.rc.fas.harvard.edu,1990.12890625,131.05242919921875,446.470703125,52362.613724531395,50627.99865207226,14129.441195179,2139.3350281122875,10761.007209777832,0.625
jtjbb7u6,RodentForwardModel_delay2_eff2_nodetach-20260812-084447,emiwar-team/nnx-ppo-rodent-delays,finished,25732c42,"ForwardModel,MLP,TrainEvalSplit,delay2,eff2,nodetach,warp",New XML + reference_root + nodetach.,2026-08-12T12:44:50Z,pgfm_new_reference,new,rodent_no_tail_collisions.xml,pg_forward_model,torque,reference_root,2,2,0.0,False,0.1,AbsoluteImitation,42,32,0.001,250,0.01,newton,256,131072,warp,4096,600000000,600064000.0,NVIDIA A100-SXM4-80GB,holygpu8a22105.rc.fas.harvard.edu,1966.13037109375,177.8401641845703,444.2880859375,31657.455599168028,33783.19153270757,21921.94167804,2120.740445289386,9499.412464141846,0.4375
7qsntx62,RodentForwardModel_delay3_eff3_nodetach-20260812-091605,emiwar-team/nnx-ppo-rodent-delays,finished,25732c42,"ForwardModel,MLP,TrainEvalSplit,delay3,eff3,nodetach,warp",New XML + reference_root + nodetach.,2026-08-12T13:16:07Z,pgfm_new_reference,new,rodent_no_tail_collisions.xml,pg_forward_model,torque,reference_root,3,3,0.0,False,0.1,AbsoluteImitation,42,32,0.001,250,0.01,newton,256,131072,warp,4096,600000000,600064000.0,NVIDIA A100-SXM4-80GB,holygpu8a22602.rc.fas.harvard.edu,1963.129638671875,158.9003448486328,445.283203125,31465.210640588284,33671.171504456855,22024.279182542,2107.35883489304,10881.298501968384,0.75
th9oxbti,RodentForwardModel_delay5_eff5_nodetach-20260812-092359,emiwar-team/nnx-ppo-rodent-delays,finished,25732c42,"ForwardModel,MLP,TrainEvalSplit,delay5,eff5,nodetach,warp",New XML + reference_root + nodetach.,2026-08-12T13:24:00Z,pgfm_new_reference,new,rodent_no_tail_collisions.xml,pg_forward_model,torque,reference_root,5,5,0.0,False,0.1,AbsoluteImitation,42,32,0.001,250,0.01,newton,256,131072,warp,4096,600000000,600064000.0,NVIDIA A100-SXM4-80GB,holygpu8a22102.rc.fas.harvard.edu,1918.3121337890625,231.1718292236328,441.1923828125,31356.064768125798,32955.54478411215,22105.405323274,2045.3765915187855,9968.423469543455,0.65625
cgs8q5gj,RodentForwardModel_delay10_eff10_nodetach-20260812-072521,emiwar-team/nnx-ppo-rodent-delays,finished,25732c42,"ForwardModel,MLP,TrainEvalSplit,delay10,eff10,nodetach,warp",New XML + reference_root + nodetach.,2026-08-12T11:25:23Z,pgfm_new_reference,new,rodent_no_tail_collisions.xml,pg_forward_model,torque,reference_root,10,10,0.0,False,0.1,AbsoluteImitation,42,32,0.001,250,0.01,newton,256,131072,warp,4096,600000000,600064000.0,NVIDIA H200,holygpu8a12304.rc.fas.harvard.edu,1753.2088623046875,405.5897216796875,419.25390625,52516.62065747472,47495.14105119031,13902.210468274,1734.5487459622896,5764.910205364227,0.1875
kwk401pl,RodentForwardModel_delay10_eff10_nodetach-20260812-100602,emiwar-team/nnx-ppo-rodent-delays,finished,25732c42,"ForwardModel,MLP,TrainEvalSplit,delay10,eff10,nodetach,warp",New XML + reference_root + nodetach.,2026-08-12T14:06:07Z,pgfm_new_reference,new,rodent_no_tail_collisions.xml,pg_forward_model,torque,reference_root,10,10,0.0,False,0.1,AbsoluteImitation,42,32,0.001,250,0.01,newton,256,131072,warp,4096,600000000,600064000.0,NVIDIA A100-SXM4-80GB,holygpu8a22605.rc.fas.harvard.edu,1775.4158935546875,375.3124694824219,423.8505859375,30989.71610972757,31553.16228867721,22350.142762658,1760.4528844709228,6896.924999237061,0.25
k4cwiv1u,RodentForwardModel_delay15_eff15_nodetach-20260813-060058,emiwar-team/nnx-ppo-rodent-delays,finished,25732c42,"ForwardModel,MLP,TrainEvalSplit,delay15,eff15,nodetach,warp",New XML + reference_root + nodetach.,2026-08-13T10:01:00Z,pgfm_new_reference,new,rodent_no_tail_collisions.xml,pg_forward_model,torque,reference_root,15,15,0.0,False,0.1,AbsoluteImitation,42,32,0.001,250,0.01,newton,256,131072,warp,4096,600000000,600064000.0,NVIDIA A100-SXM4-80GB,holygpu8a22101.rc.fas.harvard.edu,1594.3428955078125,496.567626953125,399.1767578125,30872.585317252742,31365.73659091418,22470.092540717,1495.274394650431,3776.750174999237,0.03125
yt776s6d,RodentForwardModel_delay20_eff20_nodetach-20260812-100615,emiwar-team/nnx-ppo-rodent-delays,finished,25732c42,"ForwardModel,MLP,TrainEvalSplit,delay20,eff20,nodetach,warp",New XML + reference_root + nodetach.,2026-08-12T14:06:16Z,pgfm_new_reference,new,rodent_no_tail_collisions.xml,pg_forward_model,torque,reference_root,20,20,0.0,False,0.1,AbsoluteImitation,42,32,0.001,250,0.01,newton,256,131072,warp,4096,600000000,600064000.0,NVIDIA H200,holygpu8a12203.rc.fas.harvard.edu,1438.64404296875,554.8970336914062,377.072265625,52192.296235251706,46625.25024032043,14031.007045009,1297.6101241704275,4133.366011619568,0.0625
via4qt5i,RodentForwardModel_delay30_eff30_nodetach-20260812-100615,emiwar-team/nnx-ppo-rodent-delays,finished,25732c42,"ForwardModel,MLP,TrainEvalSplit,delay30,eff30,nodetach,warp",New XML + reference_root + nodetach.,2026-08-12T14:06:16Z,pgfm_new_reference,new,rodent_no_tail_collisions.xml,pg_forward_model,torque,reference_root,30,30,0.0,False,0.1,AbsoluteImitation,42,32,0.001,250,0.01,newton,256,131072,warp,4096,600000000,600064000.0,NVIDIA H200,holygpu8a12203.rc.fas.harvard.edu,1034.98681640625,549.5888671875,307.8564453125,51731.13938756163,46648.932304158996,14065.840313096,941.5117715237408,2249.472403526306,0.0
lxgp2zfn,RodentForwardModel_delay50_eff50_nodetach-20260812-100615,emiwar-team/nnx-ppo-rodent-delays,finished,25732c42,"ForwardModel,MLP,TrainEvalSplit,delay50,eff50,nodetach,warp",New XML + reference_root + nodetach.,2026-08-12T14:06:17Z,pgfm_new_reference,new,rodent_no_tail_collisions.xml,pg_forward_model,torque,reference_root,50,50,0.0,False,0.1,AbsoluteImitation,42,32,0.001,250,0.01,newton,256,131072,warp,4096,600000000,600064000.0,NVIDIA H200,holygpu8a12203.rc.fas.harvard.edu,850.0670166015625,445.996337890625,283.49609375,51093.02131324735,46872.879397433484,14225.160190405,800.3206477870602,1728.964783191681,0.0
tb05rkir,RodentForwardModel_delay70_eff70_nodetach-20260813-055608,emiwar-team/nnx-ppo-rodent-delays,finished,25732c42,"ForwardModel,MLP,TrainEvalSplit,delay70,eff70,nodetach,warp",New XML + reference_root + nodetach.,2026-08-13T09:56:10Z,pgfm_new_reference,new,rodent_no_tail_collisions.xml,pg_forward_model,torque,reference_root,70,70,0.0,False,0.1,AbsoluteImitation,42,32,0.001,250,0.01,newton,256,131072,warp,4096,600000000,600064000.0,NVIDIA A100-SXM4-80GB,holygpu8a22302.rc.fas.harvard.edu,838.1060791015625,420.5086059570313,282.578125,29894.115076998223,31411.84516952233,23085.712338442,708.7466660448786,1512.1865124702454,0.0
16qfobwj,RodentForwardModel_delay100_eff100_nodetach-20260813-054949,emiwar-team/nnx-ppo-rodent-delays,finished,25732c42,"ForwardModel,MLP,TrainEvalSplit,delay100,eff100,nodetach,warp",New XML + reference_root + nodetach.,2026-08-13T09:50:04Z,pgfm_new_reference,new,rodent_no_tail_collisions.xml,pg_forward_model,torque,reference_root,100,100,0.0,False,0.1,AbsoluteImitation,42,32,0.001,250,0.01,newton,256,131072,warp,4096,600000000,600064000.0,NVIDIA A100-SXM4-80GB,holygpu8a22605.rc.fas.harvard.edu,789.1575927734375,382.2525634765625,274.46484375,29301.065591483908,31192.508607658783,23559.324760054,702.342085076507,1292.480453968048,0.0
ycs161ow,RodentForwardModel_delay0_eff0_nodetach-20260630-083013,emiwar-team/nnx-ppo-rodent-delays,finished,d4bd4dc0,"ForwardModel,MLP,TrainEvalSplit,delay0,eff0,nodetach,warp",Another architecture vs loss test.,2026-06-30T12:30:24Z,pgfm_old_current,old,rodent.xml,pg_forward_model,torque,current_root,0,0,0.0,False,0.1,AbsoluteImitation,42,32,0.001,250,0.01,newton,256,131072,warp,4096,600000000,600064000.0,NVIDIA H200,holygpu8a12104.rc.fas.harvard.edu,1994.4716796875,145.5896759033203,446.119140625,53527.788451645625,51004.2859723359,13550.295888059,,,
y0ht875v,RodentForwardModel_delay1_eff1_nodetach-20260630-083013,emiwar-team/nnx-ppo-rodent-delays,finished,d4bd4dc0,"ForwardModel,MLP,TrainEvalSplit,delay1,eff1,nodetach,warp",Another architecture vs loss test.,2026-06-30T12:30:24Z,pgfm_old_current,old,rodent.xml,pg_forward_model,torque,current_root,1,1,0.0,False,0.1,AbsoluteImitation,42,32,0.001,250,0.01,newton,256,131072,warp,4096,600000000,600064000.0,NVIDIA H200,holygpu8a12301.rc.fas.harvard.edu,1990.665771484375,148.2670135498047,446.037109375,53116.17459388115,50651.63673874577,13607.910815386,,,
ktd2pdlz,RodentForwardModel_delay2_eff2_nodetach-20260630-083037,emiwar-team/nnx-ppo-rodent-delays,finished,d4bd4dc0,"ForwardModel,MLP,TrainEvalSplit,delay2,eff2,nodetach,warp",Another architecture vs loss test.,2026-06-30T12:30:39Z,pgfm_old_current,old,rodent.xml,pg_forward_model,torque,current_root,2,2,0.0,False,0.1,AbsoluteImitation,42,32,0.001,250,0.01,newton,256,131072,warp,4096,600000000,600064000.0,NVIDIA H200,holygpu8a12303.rc.fas.harvard.edu,1983.7763671875,140.50091552734375,446.396484375,52418.53200195245,50243.401774558544,16768.360963947,,,
3vtfnx86,RodentForwardModel_delay4_eff4_nodetach-20260701-093042,emiwar-team/nnx-ppo-rodent-delays,finished,d33e5bcf,"ForwardModel,MLP,TrainEvalSplit,delay4,eff4,nodetach,warp",Another architecture vs loss test.,2026-07-01T13:30:45Z,pgfm_old_current,old,rodent.xml,pg_forward_model,torque,current_root,4,4,0.0,False,0.1,AbsoluteImitation,42,32,0.001,250,0.01,newton,256,131072,warp,4096,600000000,600064000.0,NVIDIA A100-SXM4-80GB,holygpu8a22301.rc.fas.harvard.edu,1951.3101806640625,161.27723693847656,445.2392578125,31076.527026662297,33324.267182111274,24769.31363731,,,
rgbe2wln,RodentForwardModel_delay5_eff5_nodetach-20260630-083050,emiwar-team/nnx-ppo-rodent-delays,finished,d4bd4dc0,"ForwardModel,MLP,TrainEvalSplit,delay5,eff5,nodetach,warp",Another architecture vs loss test.,2026-06-30T12:30:53Z,pgfm_old_current,old,rodent.xml,pg_forward_model,torque,current_root,5,5,0.0,False,0.1,AbsoluteImitation,42,32,0.001,250,0.01,newton,256,131072,warp,4096,600000000,600064000.0,NVIDIA H200,holygpu8a12403.rc.fas.harvard.edu,1938.328369140625,179.51678466796875,444.0537109375,52577.75077859438,49337.987878292886,16751.07390007,,,
5kut4rjy,RodentForwardModel_delay10_eff10_nodetach-20260630-083050,emiwar-team/nnx-ppo-rodent-delays,finished,d4bd4dc0,"ForwardModel,MLP,TrainEvalSplit,delay10,eff10,nodetach,warp",Another architecture vs loss test.,2026-06-30T12:30:53Z,pgfm_old_current,old,rodent.xml,pg_forward_model,torque,current_root,10,10,0.0,False,0.1,AbsoluteImitation,42,32,0.001,250,0.01,newton,256,131072,warp,4096,600000000,600064000.0,NVIDIA H200,holygpu8a12403.rc.fas.harvard.edu,1842.625244140625,298.6861877441406,434.0498046875,51919.80255727001,47751.95788779379,17057.922385121,,,
8oz65ycv,RodentForwardModel_delay12_eff12_nodetach-20260701-092451,emiwar-team/nnx-ppo-rodent-delays,finished,d33e5bcf,"ForwardModel,MLP,TrainEvalSplit,delay12,eff12,nodetach,warp",Another architecture vs loss test.,2026-07-01T13:25:01Z,pgfm_old_current,old,rodent.xml,pg_forward_model,torque,current_root,12,12,0.0,False,0.1,AbsoluteImitation,42,32,0.001,250,0.01,newton,256,131072,warp,4096,600000000,600064000.0,NVIDIA A100-SXM4-80GB,holygpu8a22404.rc.fas.harvard.edu,1736.94970703125,429.4019775390625,413.90625,30769.224126120687,31686.881341078144,22338.189799099,,,
2q4lp1ad,RodentForwardModel_delay15_eff15_nodetach-20260701-092554,emiwar-team/nnx-ppo-rodent-delays,finished,d33e5bcf,"ForwardModel,MLP,TrainEvalSplit,delay15,eff15,nodetach,warp",Another architecture vs loss test.,2026-07-01T13:25:56Z,pgfm_old_current,old,rodent.xml,pg_forward_model,torque,current_root,15,15,0.0,False,0.1,AbsoluteImitation,42,32,0.001,250,0.01,newton,256,131072,warp,4096,600000000,600064000.0,NVIDIA A100-SXM4-80GB,holygpu8a22101.rc.fas.harvard.edu,1646.1044921875,496.045166015625,398.1767578125,30841.96811775548,31439.926991278473,22293.849614771,,,
k31whkph,RodentForwardModel_delay20_eff20_nodetach-20260630-083014,emiwar-team/nnx-ppo-rodent-delays,finished,d4bd4dc0,"ForwardModel,MLP,TrainEvalSplit,delay20,eff20,nodetach,warp",Another architecture vs loss test.,2026-06-30T12:30:24Z,pgfm_old_current,old,rodent.xml,pg_forward_model,torque,current_root,20,20,0.0,False,0.1,AbsoluteImitation,42,32,0.001,250,0.01,newton,256,131072,warp,4096,600000000,600064000.0,NVIDIA H200,holygpu8a12404.rc.fas.harvard.edu,1508.4644775390625,547.6675415039062,382.232421875,51796.92747518141,46856.89193356612,13926.446335209,,,
1swpf440,RodentForwardModel_delay25_eff25_nodetach-20260701-092452,emiwar-team/nnx-ppo-rodent-delays,finished,d33e5bcf,"ForwardModel,MLP,TrainEvalSplit,delay25,eff25,nodetach,warp",Another architecture vs loss test.,2026-07-01T13:25:01Z,pgfm_old_current,old,rodent.xml,pg_forward_model,torque,current_root,25,25,0.0,False,0.1,AbsoluteImitation,42,32,0.001,250,0.01,newton,256,131072,warp,4096,600000000,600064000.0,NVIDIA H200,holygpu8a12603.rc.fas.harvard.edu,1365.2279052734375,567.968017578125,357.138671875,51602.07352059026,46491.14590947761,14016.803135028,,,
wtzpzgii,RodentForwardModel_delay30_eff30_nodetach-20260701-092451,emiwar-team/nnx-ppo-rodent-delays,finished,d33e5bcf,"ForwardModel,MLP,TrainEvalSplit,delay30,eff30,nodetach,warp",Another architecture vs loss test.,2026-07-01T13:25:01Z,pgfm_old_current,old,rodent.xml,pg_forward_model,torque,current_root,30,30,0.0,False,0.1,AbsoluteImitation,42,32,0.001,250,0.01,newton,256,131072,warp,4096,600000000,600064000.0,NVIDIA A100-SXM4-80GB,holygpu8a22502.rc.fas.harvard.edu,1317.8887939453125,576.42919921875,352.025390625,30282.292449346467,30661.496938916018,22713.44283127,,,
e2gls1el,RodentForwardModel_delay50_eff50_nodetach-20260630-083033,emiwar-team/nnx-ppo-rodent-delays,finished,d4bd4dc0,"ForwardModel,MLP,TrainEvalSplit,delay50,eff50,nodetach,warp",Another architecture vs loss test.,2026-06-30T12:30:34Z,pgfm_old_current,old,rodent.xml,pg_forward_model,torque,current_root,50,50,0.0,False,0.1,AbsoluteImitation,42,32,0.001,250,0.01,newton,256,131072,warp,4096,600000000,600064000.0,NVIDIA H200,holygpu8a12504.rc.fas.harvard.edu,1001.95166015625,553.364013671875,287.6279296875,50787.69921770786,46425.752203705066,14151.477434715,,,
61tqhars,RodentForwardModel_delay80_eff80_nodetach-20260630-083054,emiwar-team/nnx-ppo-rodent-delays,finished,d4bd4dc0,"ForwardModel,MLP,TrainEvalSplit,delay80,eff80,nodetach,warp",Another architecture vs loss test.,2026-06-30T12:30:55Z,pgfm_old_current,old,rodent.xml,pg_forward_model,torque,current_root,80,80,0.0,False,0.1,AbsoluteImitation,42,32,0.001,250,0.01,newton,256,131072,warp,4096,600000000,600064000.0,NVIDIA H200,holygpu8a12202.rc.fas.harvard.edu,749.8599243164062,372.8224792480469,223.3740234375,49945.28678255977,46944.20366144965,14355.027666591,,,
6zfy0rac,RodentForwardModel_delay100_eff100_nodetach-20260630-083054,emiwar-team/nnx-ppo-rodent-delays,finished,d4bd4dc0,"ForwardModel,MLP,TrainEvalSplit,delay100,eff100,nodetach,warp",Another architecture vs loss test.,2026-06-30T12:30:55Z,pgfm_old_current,old,rodent.xml,pg_forward_model,torque,current_root,100,100,0.0,False,0.1,AbsoluteImitation,42,32,0.001,250,0.01,newton,256,131072,warp,4096,600000000,600064000.0,NVIDIA H200,holygpu8a12202.rc.fas.harvard.edu,714.180419921875,334.56866455078125,214.447265625,49519.11158377494,46605.641178770136,14477.207418423,,,
