run_name,delay_k,efference_length,step,network_class,dataset,decode_seed,decode_version,group_version,frac_valid,condition,arm,budget,wandb_id,seed,group,n_layers,target,target_degenerate,test_r2,val_r2,lambda,n_train,n_test,n_features
RodentForwardModel_delay10_eff10-20260811-174250,10,10,600064000,RodentForwardModel,old_eval,0,1,1,0.8420636978712369,expfm,explicit,600000000,25io6a70,42,decoder,5,delta,False,0.4149015755648919,0.374846335866885,1000.0,50264,21175,2124
RodentForwardModel_delay10_eff10-20260811-174250,10,10,600064000,RodentForwardModel,old_eval,0,1,1,0.8420636978712369,expfm,explicit,600000000,25io6a70,42,encoder,7,delta,False,0.0311389651531337,0.0110353515013011,100000.0,50264,21175,2784
RodentForwardModel_delay10_eff10-20260811-174250,10,10,600064000,RodentForwardModel,old_eval,0,1,1,0.8420636978712369,expfm,explicit,600000000,25io6a70,42,fm_plus_decoder,10,delta,False,0.7160340522215982,0.7057928320716181,100.0,50264,21175,4449
RodentForwardModel_delay10_eff10-20260811-174250,10,10,600064000,RodentForwardModel,old_eval,0,1,1,0.8420636978712369,expfm,explicit,600000000,25io6a70,42,forward_model,5,delta,False,0.7288958370226502,0.7137967829530757,100.0,50264,21175,2325
RodentForwardModel_delay10_eff10-20260811-174250,10,10,600064000,RodentForwardModel,old_eval,0,1,1,0.8420636978712369,expfm,explicit,600000000,25io6a70,42,input,1,delta,False,0.8352947497124867,0.807486898748884,100.0,50264,21175,657
RodentForwardModel_delay10_eff10-20260811-174250,10,10,600064000,RodentForwardModel,old_eval,0,1,1,0.8420636978712369,expfm,explicit,600000000,25io6a70,42,latent_z,1,delta,False,0.0118047266682315,0.0045952692322127,10000.0,50264,21175,32
RodentForwardModel_delay10_eff10-20260811-174250,10,10,600064000,RodentForwardModel,old_eval,0,1,1,0.8420636978712369,expfm,explicit,600000000,25io6a70,42,p_hat,1,delta,False,0.4731840694146594,0.4396290257894277,1.0,50264,21175,277
RodentForwardModel_delay10_eff10-20260811-174250,10,10,600064000,RodentForwardModel,old_eval,0,1,1,0.8420636978712369,expfm,explicit,600000000,25io6a70,42,whole_network,17,delta,False,0.6218362629998009,0.5581701242765924,1000.0,50264,21175,7233
RodentForwardModel_delay10_eff10-20260811-174250,10,10,600064000,RodentForwardModel,old_eval,0,1,1,0.8420636978712369,expfm,explicit,600000000,25io6a70,42,decoder,5,proprio,False,0.7614505800433315,0.7609510915916466,1000.0,50264,21175,2124
RodentForwardModel_delay10_eff10-20260811-174250,10,10,600064000,RodentForwardModel,old_eval,0,1,1,0.8420636978712369,expfm,explicit,600000000,25io6a70,42,encoder,7,proprio,False,0.1029538431491329,0.0853330043186101,100000.0,50264,21175,2784
RodentForwardModel_delay10_eff10-20260811-174250,10,10,600064000,RodentForwardModel,old_eval,0,1,1,0.8420636978712369,expfm,explicit,600000000,25io6a70,42,fm_plus_decoder,10,proprio,False,0.8487799766294426,0.8456303153724831,1000.0,50264,21175,4449
RodentForwardModel_delay10_eff10-20260811-174250,10,10,600064000,RodentForwardModel,old_eval,0,1,1,0.8420636978712369,expfm,explicit,600000000,25io6a70,42,forward_model,5,proprio,False,0.8421338916115919,0.8436053374335626,10.0,50264,21175,2325
RodentForwardModel_delay10_eff10-20260811-174250,10,10,600064000,RodentForwardModel,old_eval,0,1,1,0.8420636978712369,expfm,explicit,600000000,25io6a70,42,input,1,proprio,False,0.6907124378702338,0.6444467721544176,100.0,50264,21175,657
RodentForwardModel_delay10_eff10-20260811-174250,10,10,600064000,RodentForwardModel,old_eval,0,1,1,0.8420636978712369,expfm,explicit,600000000,25io6a70,42,latent_z,1,proprio,False,0.0408803516838552,0.03691519895255,10000.0,50264,21175,32
RodentForwardModel_delay10_eff10-20260811-174250,10,10,600064000,RodentForwardModel,old_eval,0,1,1,0.8420636978712369,expfm,explicit,600000000,25io6a70,42,p_hat,1,proprio,False,0.8381417593130512,0.8340231566166842,1000.0,50264,21175,277
RodentForwardModel_delay10_eff10-20260811-174250,10,10,600064000,RodentForwardModel,old_eval,0,1,1,0.8420636978712369,expfm,explicit,600000000,25io6a70,42,whole_network,17,proprio,False,0.8431326436370679,0.8275406438108468,10000.0,50264,21175,7233
RodentForwardModel_delay20_eff20-20260811-174441,20,20,600064000,RodentForwardModel,old_eval,0,1,1,0.7438529904052429,expfm,explicit,600000000,48icppj0,42,decoder,5,delta,False,0.3527271399689725,0.3078914059881723,10000.0,44832,18275,2124
RodentForwardModel_delay20_eff20-20260811-174441,20,20,600064000,RodentForwardModel,old_eval,0,1,1,0.7438529904052429,expfm,explicit,600000000,48icppj0,42,encoder,7,delta,False,0.0328554982798316,0.0054448080150213,100000.0,44832,18275,2784
RodentForwardModel_delay20_eff20-20260811-174441,20,20,600064000,RodentForwardModel,old_eval,0,1,1,0.7438529904052429,expfm,explicit,600000000,48icppj0,42,fm_plus_decoder,10,delta,False,0.475696791421538,0.5038558631086371,100.0,44832,18275,4449
RodentForwardModel_delay20_eff20-20260811-174441,20,20,600064000,RodentForwardModel,old_eval,0,1,1,0.7438529904052429,expfm,explicit,600000000,48icppj0,42,forward_model,5,delta,False,0.5120685829379032,0.5394005028297754,100.0,44832,18275,2325
RodentForwardModel_delay20_eff20-20260811-174441,20,20,600064000,RodentForwardModel,old_eval,0,1,1,0.7438529904052429,expfm,explicit,600000000,48icppj0,42,input,1,delta,False,0.8134487002962407,0.7535038007944372,1000.0,44832,18275,1037
RodentForwardModel_delay20_eff20-20260811-174441,20,20,600064000,RodentForwardModel,old_eval,0,1,1,0.7438529904052429,expfm,explicit,600000000,48icppj0,42,latent_z,1,delta,False,0.0133357609136806,0.0033016057320501,10000.0,44832,18275,32
RodentForwardModel_delay20_eff20-20260811-174441,20,20,600064000,RodentForwardModel,old_eval,0,1,1,0.7438529904052429,expfm,explicit,600000000,48icppj0,42,p_hat,1,delta,False,0.4172566824838698,0.3837991690313506,1000.0,44832,18275,277
RodentForwardModel_delay20_eff20-20260811-174441,20,20,600064000,RodentForwardModel,old_eval,0,1,1,0.7438529904052429,expfm,explicit,600000000,48icppj0,42,whole_network,17,delta,False,0.4907526731832027,0.3990889479238457,10000.0,44832,18275,7233
RodentForwardModel_delay20_eff20-20260811-174441,20,20,600064000,RodentForwardModel,old_eval,0,1,1,0.7438529904052429,expfm,explicit,600000000,48icppj0,42,decoder,5,proprio,False,0.6897435561361429,0.643061094916721,1000.0,44832,18275,2124
RodentForwardModel_delay20_eff20-20260811-174441,20,20,600064000,RodentForwardModel,old_eval,0,1,1,0.7438529904052429,expfm,explicit,600000000,48icppj0,42,encoder,7,proprio,False,0.0892687585285898,0.070263714393488,100000.0,44832,18275,2784
RodentForwardModel_delay20_eff20-20260811-174441,20,20,600064000,RodentForwardModel,old_eval,0,1,1,0.7438529904052429,expfm,explicit,600000000,48icppj0,42,fm_plus_decoder,10,proprio,False,0.8132914431211326,0.7526612674814777,10000.0,44832,18275,4449
RodentForwardModel_delay20_eff20-20260811-174441,20,20,600064000,RodentForwardModel,old_eval,0,1,1,0.7438529904052429,expfm,explicit,600000000,48icppj0,42,forward_model,5,proprio,False,0.8167737609970568,0.7581578379234362,1000.0,44832,18275,2325
RodentForwardModel_delay20_eff20-20260811-174441,20,20,600064000,RodentForwardModel,old_eval,0,1,1,0.7438529904052429,expfm,explicit,600000000,48icppj0,42,input,1,proprio,False,0.6426124026266236,0.5489103982290653,1000.0,44832,18275,1037
RodentForwardModel_delay20_eff20-20260811-174441,20,20,600064000,RodentForwardModel,old_eval,0,1,1,0.7438529904052429,expfm,explicit,600000000,48icppj0,42,latent_z,1,proprio,False,0.0347847227380031,0.0326428214781703,10000.0,44832,18275,32
RodentForwardModel_delay20_eff20-20260811-174441,20,20,600064000,RodentForwardModel,old_eval,0,1,1,0.7438529904052429,expfm,explicit,600000000,48icppj0,42,p_hat,1,proprio,False,0.8027299406111603,0.7503286000739616,1000.0,44832,18275,277
RodentForwardModel_delay20_eff20-20260811-174441,20,20,600064000,RodentForwardModel,old_eval,0,1,1,0.7438529904052429,expfm,explicit,600000000,48icppj0,42,whole_network,17,proprio,False,0.8109279224027577,0.7352396824201689,10000.0,44832,18275,7233
RodentForwardModel_delay10_eff10-20260813-074327,10,10,2000076800,RodentForwardModel,old_eval,0,1,1,0.921403144817181,expfm_2g,explicit,2000000000,itedqjyt,42,decoder,5,delta,False,0.3753785725063049,0.3237750419828916,1000.0,54644,23526,2124
RodentForwardModel_delay10_eff10-20260813-074327,10,10,2000076800,RodentForwardModel,old_eval,0,1,1,0.921403144817181,expfm_2g,explicit,2000000000,itedqjyt,42,encoder,7,delta,False,0.0284993961773215,0.00787500013311,100000.0,54644,23526,2784
RodentForwardModel_delay10_eff10-20260813-074327,10,10,2000076800,RodentForwardModel,old_eval,0,1,1,0.921403144817181,expfm_2g,explicit,2000000000,itedqjyt,42,fm_plus_decoder,10,delta,False,0.6650704573780593,0.6105363214574373,100.0,54644,23526,4449
RodentForwardModel_delay10_eff10-20260813-074327,10,10,2000076800,RodentForwardModel,old_eval,0,1,1,0.921403144817181,expfm_2g,explicit,2000000000,itedqjyt,42,forward_model,5,delta,False,0.6889158857785518,0.6426518492172599,100.0,54644,23526,2325
RodentForwardModel_delay10_eff10-20260813-074327,10,10,2000076800,RodentForwardModel,old_eval,0,1,1,0.921403144817181,expfm_2g,explicit,2000000000,itedqjyt,42,input,1,delta,False,0.83896776056477,0.8045046684336574,100.0,54644,23526,657
RodentForwardModel_delay10_eff10-20260813-074327,10,10,2000076800,RodentForwardModel,old_eval,0,1,1,0.921403144817181,expfm_2g,explicit,2000000000,itedqjyt,42,latent_z,1,delta,False,0.0104492725978103,0.0045024188747839,10000.0,54644,23526,32
RodentForwardModel_delay10_eff10-20260813-074327,10,10,2000076800,RodentForwardModel,old_eval,0,1,1,0.921403144817181,expfm_2g,explicit,2000000000,itedqjyt,42,p_hat,1,delta,False,0.4643702916406402,0.4310456695059915,10.0,54644,23526,277
RodentForwardModel_delay10_eff10-20260813-074327,10,10,2000076800,RodentForwardModel,old_eval,0,1,1,0.921403144817181,expfm_2g,explicit,2000000000,itedqjyt,42,whole_network,17,delta,False,0.5561868282999207,0.5003918758179609,1000.0,54644,23526,7233
RodentForwardModel_delay10_eff10-20260813-074327,10,10,2000076800,RodentForwardModel,old_eval,0,1,1,0.921403144817181,expfm_2g,explicit,2000000000,itedqjyt,42,decoder,5,proprio,False,0.758976379267096,0.7214369117704618,1000.0,54644,23526,2124
RodentForwardModel_delay10_eff10-20260813-074327,10,10,2000076800,RodentForwardModel,old_eval,0,1,1,0.921403144817181,expfm_2g,explicit,2000000000,itedqjyt,42,encoder,7,proprio,False,0.1104690585421841,0.0838422519467129,100000.0,54644,23526,2784
RodentForwardModel_delay10_eff10-20260813-074327,10,10,2000076800,RodentForwardModel,old_eval,0,1,1,0.921403144817181,expfm_2g,explicit,2000000000,itedqjyt,42,fm_plus_decoder,10,proprio,False,0.889505768665539,0.878505167433222,1000.0,54644,23526,4449
RodentForwardModel_delay10_eff10-20260813-074327,10,10,2000076800,RodentForwardModel,old_eval,0,1,1,0.921403144817181,expfm_2g,explicit,2000000000,itedqjyt,42,forward_model,5,proprio,False,0.891201634104599,0.8792838477718765,1000.0,54644,23526,2325
RodentForwardModel_delay10_eff10-20260813-074327,10,10,2000076800,RodentForwardModel,old_eval,0,1,1,0.921403144817181,expfm_2g,explicit,2000000000,itedqjyt,42,input,1,proprio,False,0.7029781663238115,0.6470038561614004,100.0,54644,23526,657
RodentForwardModel_delay10_eff10-20260813-074327,10,10,2000076800,RodentForwardModel,old_eval,0,1,1,0.921403144817181,expfm_2g,explicit,2000000000,itedqjyt,42,latent_z,1,proprio,False,0.0477885365450098,0.0386761477390934,10000.0,54644,23526,32
RodentForwardModel_delay10_eff10-20260813-074327,10,10,2000076800,RodentForwardModel,old_eval,0,1,1,0.921403144817181,expfm_2g,explicit,2000000000,itedqjyt,42,p_hat,1,proprio,False,0.8878460085874413,0.8753890396505019,100.0,54644,23526,277
RodentForwardModel_delay10_eff10-20260813-074327,10,10,2000076800,RodentForwardModel,old_eval,0,1,1,0.921403144817181,expfm_2g,explicit,2000000000,itedqjyt,42,whole_network,17,proprio,False,0.8715581254581198,0.8554799078883355,10000.0,54644,23526,7233
RodentForwardModel_delay10_eff10_nodetach-20260812-072521,10,10,600064000,RodentForwardModel,old_eval,0,1,1,0.8362644098163559,pgfm,implicit,600000000,cgs8q5gj,42,decoder,5,delta,False,0.3737250906130624,0.2866306851730708,1000.0,50355,20592,2124
RodentForwardModel_delay10_eff10_nodetach-20260812-100602,10,10,600064000,RodentForwardModel,old_eval,0,1,1,0.8174638723213654,pgfm,implicit,600000000,kwk401pl,42,decoder,5,delta,False,0.3594168967547693,0.3105434778892798,1000.0,48403,20949,2124
RodentForwardModel_delay10_eff10_nodetach-20260812-072521,10,10,600064000,RodentForwardModel,old_eval,0,1,1,0.8362644098163559,pgfm,implicit,600000000,cgs8q5gj,42,encoder,7,delta,False,0.0373866750930901,0.0124533124738325,100000.0,50355,20592,2784
RodentForwardModel_delay10_eff10_nodetach-20260812-100602,10,10,600064000,RodentForwardModel,old_eval,0,1,1,0.8174638723213654,pgfm,implicit,600000000,kwk401pl,42,encoder,7,delta,False,0.0312384074145012,0.0107314453150966,100000.0,48403,20949,2784
RodentForwardModel_delay10_eff10_nodetach-20260812-072521,10,10,600064000,RodentForwardModel,old_eval,0,1,1,0.8362644098163559,pgfm,implicit,600000000,cgs8q5gj,42,fm_plus_decoder,10,delta,False,0.7610636306548644,0.7207439411432257,1000.0,50355,20592,4449
RodentForwardModel_delay10_eff10_nodetach-20260812-100602,10,10,600064000,RodentForwardModel,old_eval,0,1,1,0.8174638723213654,pgfm,implicit,600000000,kwk401pl,42,fm_plus_decoder,10,delta,False,0.7653462816469102,0.7523520618300206,100.0,48403,20949,4449
RodentForwardModel_delay10_eff10_nodetach-20260812-072521,10,10,600064000,RodentForwardModel,old_eval,0,1,1,0.8362644098163559,pgfm,implicit,600000000,cgs8q5gj,42,forward_model,5,delta,False,0.7547111763028264,0.7146393670188868,1000.0,50355,20592,2325
RodentForwardModel_delay10_eff10_nodetach-20260812-100602,10,10,600064000,RodentForwardModel,old_eval,0,1,1,0.8174638723213654,pgfm,implicit,600000000,kwk401pl,42,forward_model,5,delta,False,0.7679891802413085,0.742386388628588,100.0,48403,20949,2325
RodentForwardModel_delay10_eff10_nodetach-20260812-072521,10,10,600064000,RodentForwardModel,old_eval,0,1,1,0.8362644098163559,pgfm,implicit,600000000,cgs8q5gj,42,input,1,delta,False,0.8597131880667919,0.8165689905655943,100.0,50355,20592,657
RodentForwardModel_delay10_eff10_nodetach-20260812-100602,10,10,600064000,RodentForwardModel,old_eval,0,1,1,0.8174638723213654,pgfm,implicit,600000000,kwk401pl,42,input,1,delta,False,0.8495355024982584,0.8328577131028698,100.0,48403,20949,657
RodentForwardModel_delay10_eff10_nodetach-20260812-072521,10,10,600064000,RodentForwardModel,old_eval,0,1,1,0.8362644098163559,pgfm,implicit,600000000,cgs8q5gj,42,latent_z,1,delta,False,0.0148392530296964,0.00563865537426,10000.0,50355,20592,32
RodentForwardModel_delay10_eff10_nodetach-20260812-100602,10,10,600064000,RodentForwardModel,old_eval,0,1,1,0.8174638723213654,pgfm,implicit,600000000,kwk401pl,42,latent_z,1,delta,False,0.0133248024863672,0.0052193864934664,10000.0,48403,20949,32
RodentForwardModel_delay10_eff10_nodetach-20260812-072521,10,10,600064000,RodentForwardModel,old_eval,0,1,1,0.8362644098163559,pgfm,implicit,600000000,cgs8q5gj,42,p_hat,1,delta,False,0.3461572295633568,0.2669092119796792,100.0,50355,20592,277
RodentForwardModel_delay10_eff10_nodetach-20260812-100602,10,10,600064000,RodentForwardModel,old_eval,0,1,1,0.8174638723213654,pgfm,implicit,600000000,kwk401pl,42,p_hat,1,delta,False,0.3383557936830995,0.2756036058142463,100.0,48403,20949,277
RodentForwardModel_delay10_eff10_nodetach-20260812-072521,10,10,600064000,RodentForwardModel,old_eval,0,1,1,0.8362644098163559,pgfm,implicit,600000000,cgs8q5gj,42,whole_network,17,delta,False,0.7194112795354399,0.6092405344783779,1000.0,50355,20592,7233
RodentForwardModel_delay10_eff10_nodetach-20260812-100602,10,10,600064000,RodentForwardModel,old_eval,0,1,1,0.8174638723213654,pgfm,implicit,600000000,kwk401pl,42,whole_network,17,delta,False,0.719386349730346,0.6613126401399054,1000.0,48403,20949,7233
RodentForwardModel_delay10_eff10_nodetach-20260812-072521,10,10,600064000,RodentForwardModel,old_eval,0,1,1,0.8362644098163559,pgfm,implicit,600000000,cgs8q5gj,42,decoder,5,proprio,False,0.6078952595257704,0.5479424547236776,1000.0,50355,20592,2124
RodentForwardModel_delay10_eff10_nodetach-20260812-100602,10,10,600064000,RodentForwardModel,old_eval,0,1,1,0.8174638723213654,pgfm,implicit,600000000,kwk401pl,42,decoder,5,proprio,False,0.6005064039490418,0.5813659280129891,1000.0,48403,20949,2124
RodentForwardModel_delay10_eff10_nodetach-20260812-072521,10,10,600064000,RodentForwardModel,old_eval,0,1,1,0.8362644098163559,pgfm,implicit,600000000,cgs8q5gj,42,encoder,7,proprio,False,0.0877390334930863,0.065002790223795,100000.0,50355,20592,2784
RodentForwardModel_delay10_eff10_nodetach-20260812-100602,10,10,600064000,RodentForwardModel,old_eval,0,1,1,0.8174638723213654,pgfm,implicit,600000000,kwk401pl,42,encoder,7,proprio,False,0.0875837105887963,0.074684665989916,100000.0,48403,20949,2784
RodentForwardModel_delay10_eff10_nodetach-20260812-072521,10,10,600064000,RodentForwardModel,old_eval,0,1,1,0.8362644098163559,pgfm,implicit,600000000,cgs8q5gj,42,fm_plus_decoder,10,proprio,False,0.7249777828836259,0.6786097094800942,1000.0,50355,20592,4449
RodentForwardModel_delay10_eff10_nodetach-20260812-100602,10,10,600064000,RodentForwardModel,old_eval,0,1,1,0.8174638723213654,pgfm,implicit,600000000,kwk401pl,42,fm_plus_decoder,10,proprio,False,0.7226481400955527,0.709734360190238,1000.0,48403,20949,4449
RodentForwardModel_delay10_eff10_nodetach-20260812-072521,10,10,600064000,RodentForwardModel,old_eval,0,1,1,0.8362644098163559,pgfm,implicit,600000000,cgs8q5gj,42,forward_model,5,proprio,False,0.7127053863697717,0.6646189135149434,1000.0,50355,20592,2325
RodentForwardModel_delay10_eff10_nodetach-20260812-100602,10,10,600064000,RodentForwardModel,old_eval,0,1,1,0.8174638723213654,pgfm,implicit,600000000,kwk401pl,42,forward_model,5,proprio,False,0.711302207036526,0.693094716227433,1000.0,48403,20949,2325
RodentForwardModel_delay10_eff10_nodetach-20260812-072521,10,10,600064000,RodentForwardModel,old_eval,0,1,1,0.8362644098163559,pgfm,implicit,600000000,cgs8q5gj,42,input,1,proprio,False,0.7270550202671016,0.6570591635254495,1000.0,50355,20592,657
RodentForwardModel_delay10_eff10_nodetach-20260812-100602,10,10,600064000,RodentForwardModel,old_eval,0,1,1,0.8174638723213654,pgfm,implicit,600000000,kwk401pl,42,input,1,proprio,False,0.7095690017819398,0.6917218994843048,1000.0,48403,20949,657
RodentForwardModel_delay10_eff10_nodetach-20260812-072521,10,10,600064000,RodentForwardModel,old_eval,0,1,1,0.8362644098163559,pgfm,implicit,600000000,cgs8q5gj,42,latent_z,1,proprio,False,0.0337514730106457,0.0301181354865788,10000.0,50355,20592,32
RodentForwardModel_delay10_eff10_nodetach-20260812-100602,10,10,600064000,RodentForwardModel,old_eval,0,1,1,0.8174638723213654,pgfm,implicit,600000000,kwk401pl,42,latent_z,1,proprio,False,0.0355419925892687,0.0318507154955328,10000.0,48403,20949,32
RodentForwardModel_delay10_eff10_nodetach-20260812-072521,10,10,600064000,RodentForwardModel,old_eval,0,1,1,0.8362644098163559,pgfm,implicit,600000000,cgs8q5gj,42,p_hat,1,proprio,False,0.5328576839433149,0.4829706140186505,100.0,50355,20592,277
RodentForwardModel_delay10_eff10_nodetach-20260812-100602,10,10,600064000,RodentForwardModel,old_eval,0,1,1,0.8174638723213654,pgfm,implicit,600000000,kwk401pl,42,p_hat,1,proprio,False,0.5293472564490008,0.4850055979147855,100.0,48403,20949,277
RodentForwardModel_delay10_eff10_nodetach-20260812-072521,10,10,600064000,RodentForwardModel,old_eval,0,1,1,0.8362644098163559,pgfm,implicit,600000000,cgs8q5gj,42,whole_network,17,proprio,False,0.6812535480511935,0.6117877182775316,10000.0,50355,20592,7233
RodentForwardModel_delay10_eff10_nodetach-20260812-100602,10,10,600064000,RodentForwardModel,old_eval,0,1,1,0.8174638723213654,pgfm,implicit,600000000,kwk401pl,42,whole_network,17,proprio,False,0.667764721661262,0.6395940565357846,10000.0,48403,20949,7233
RodentForwardModel_delay20_eff20_nodetach-20260812-100615,20,20,600064000,RodentForwardModel,old_eval,0,1,1,0.6823003842617695,pgfm,implicit,600000000,yt776s6d,42,decoder,5,delta,False,0.3123506979520828,0.2489775448323169,1000.0,40796,17089,2124
RodentForwardModel_delay20_eff20_nodetach-20260812-100615,20,20,600064000,RodentForwardModel,old_eval,0,1,1,0.6823003842617695,pgfm,implicit,600000000,yt776s6d,42,encoder,7,delta,False,0.0421153333490809,0.0045360600835635,100000.0,40796,17089,2784
RodentForwardModel_delay20_eff20_nodetach-20260812-100615,20,20,600064000,RodentForwardModel,old_eval,0,1,1,0.6823003842617695,pgfm,implicit,600000000,yt776s6d,42,fm_plus_decoder,10,delta,False,0.6739642843885929,0.6176525826500463,1000.0,40796,17089,4449
RodentForwardModel_delay20_eff20_nodetach-20260812-100615,20,20,600064000,RodentForwardModel,old_eval,0,1,1,0.6823003842617695,pgfm,implicit,600000000,yt776s6d,42,forward_model,5,delta,False,0.6670662498454636,0.616184921786777,1000.0,40796,17089,2325
RodentForwardModel_delay20_eff20_nodetach-20260812-100615,20,20,600064000,RodentForwardModel,old_eval,0,1,1,0.6823003842617695,pgfm,implicit,600000000,yt776s6d,42,input,1,delta,False,0.7967937198270665,0.7759066543534621,1000.0,40796,17089,1037
RodentForwardModel_delay20_eff20_nodetach-20260812-100615,20,20,600064000,RodentForwardModel,old_eval,0,1,1,0.6823003842617695,pgfm,implicit,600000000,yt776s6d,42,latent_z,1,delta,False,0.0164362247300483,0.0036615352942622,10000.0,40796,17089,32
RodentForwardModel_delay20_eff20_nodetach-20260812-100615,20,20,600064000,RodentForwardModel,old_eval,0,1,1,0.6823003842617695,pgfm,implicit,600000000,yt776s6d,42,p_hat,1,delta,False,0.2941966272884033,0.2074467031710309,100.0,40796,17089,277
RodentForwardModel_delay20_eff20_nodetach-20260812-100615,20,20,600064000,RodentForwardModel,old_eval,0,1,1,0.6823003842617695,pgfm,implicit,600000000,yt776s6d,42,whole_network,17,delta,False,0.5969406098809388,0.5123097225785826,10000.0,40796,17089,7233
RodentForwardModel_delay20_eff20_nodetach-20260812-100615,20,20,600064000,RodentForwardModel,old_eval,0,1,1,0.6823003842617695,pgfm,implicit,600000000,yt776s6d,42,decoder,5,proprio,False,0.5247819758806669,0.4748099032931848,1000.0,40796,17089,2124
RodentForwardModel_delay20_eff20_nodetach-20260812-100615,20,20,600064000,RodentForwardModel,old_eval,0,1,1,0.6823003842617695,pgfm,implicit,600000000,yt776s6d,42,encoder,7,proprio,False,0.0818638375912294,0.0644672656645274,100000.0,40796,17089,2784
RodentForwardModel_delay20_eff20_nodetach-20260812-100615,20,20,600064000,RodentForwardModel,old_eval,0,1,1,0.6823003842617695,pgfm,implicit,600000000,yt776s6d,42,fm_plus_decoder,10,proprio,False,0.6129941876370926,0.5794227472728632,1000.0,40796,17089,4449
RodentForwardModel_delay20_eff20_nodetach-20260812-100615,20,20,600064000,RodentForwardModel,old_eval,0,1,1,0.6823003842617695,pgfm,implicit,600000000,yt776s6d,42,forward_model,5,proprio,False,0.5996965536705843,0.5736107997011425,1000.0,40796,17089,2325
RodentForwardModel_delay20_eff20_nodetach-20260812-100615,20,20,600064000,RodentForwardModel,old_eval,0,1,1,0.6823003842617695,pgfm,implicit,600000000,yt776s6d,42,input,1,proprio,False,0.6124511718535119,0.5778445975821187,1000.0,40796,17089,1037
RodentForwardModel_delay20_eff20_nodetach-20260812-100615,20,20,600064000,RodentForwardModel,old_eval,0,1,1,0.6823003842617695,pgfm,implicit,600000000,yt776s6d,42,latent_z,1,proprio,False,0.0331955849923302,0.0224232670116706,10000.0,40796,17089,32
RodentForwardModel_delay20_eff20_nodetach-20260812-100615,20,20,600064000,RodentForwardModel,old_eval,0,1,1,0.6823003842617695,pgfm,implicit,600000000,yt776s6d,42,p_hat,1,proprio,False,0.4725318434547876,0.4001587513426928,10.0,40796,17089,277
RodentForwardModel_delay20_eff20_nodetach-20260812-100615,20,20,600064000,RodentForwardModel,old_eval,0,1,1,0.6823003842617695,pgfm,implicit,600000000,yt776s6d,42,whole_network,17,proprio,False,0.578024843989772,0.5114824615677795,10000.0,40796,17089,7233
RodentForwardModel_delay10_eff10_nodetach-20260813-064420,10,10,2000076800,RodentForwardModel,old_eval,0,1,1,0.9088262335274288,pgfm_2g,implicit,2000000000,1dbmh27r,42,decoder,5,delta,False,0.2883526245039356,0.2446615711649854,10000.0,53958,23145,2124
RodentForwardModel_delay10_eff10_nodetach-20260813-064420,10,10,2000076800,RodentForwardModel,old_eval,0,1,1,0.9088262335274288,pgfm_2g,implicit,2000000000,1dbmh27r,42,encoder,7,delta,False,0.0297307801641689,0.0176839634942229,100000.0,53958,23145,2784
RodentForwardModel_delay10_eff10_nodetach-20260813-064420,10,10,2000076800,RodentForwardModel,old_eval,0,1,1,0.9088262335274288,pgfm_2g,implicit,2000000000,1dbmh27r,42,fm_plus_decoder,10,delta,False,0.648044410110961,0.5848392918441195,1000.0,53958,23145,4449
RodentForwardModel_delay10_eff10_nodetach-20260813-064420,10,10,2000076800,RodentForwardModel,old_eval,0,1,1,0.9088262335274288,pgfm_2g,implicit,2000000000,1dbmh27r,42,forward_model,5,delta,False,0.649211355960241,0.5921690445080054,1000.0,53958,23145,2325
RodentForwardModel_delay10_eff10_nodetach-20260813-064420,10,10,2000076800,RodentForwardModel,old_eval,0,1,1,0.9088262335274288,pgfm_2g,implicit,2000000000,1dbmh27r,42,input,1,delta,False,0.8592832100165261,0.8280145323967975,100.0,53958,23145,657
RodentForwardModel_delay10_eff10_nodetach-20260813-064420,10,10,2000076800,RodentForwardModel,old_eval,0,1,1,0.9088262335274288,pgfm_2g,implicit,2000000000,1dbmh27r,42,latent_z,1,delta,False,0.0125294105365606,0.0084648413317937,1000.0,53958,23145,32
RodentForwardModel_delay10_eff10_nodetach-20260813-064420,10,10,2000076800,RodentForwardModel,old_eval,0,1,1,0.9088262335274288,pgfm_2g,implicit,2000000000,1dbmh27r,42,p_hat,1,delta,False,0.2766805160515281,0.2313721283870368,100.0,53958,23145,277
RodentForwardModel_delay10_eff10_nodetach-20260813-064420,10,10,2000076800,RodentForwardModel,old_eval,0,1,1,0.9088262335274288,pgfm_2g,implicit,2000000000,1dbmh27r,42,whole_network,17,delta,False,0.5446433877083632,0.4896545046900717,10000.0,53958,23145,7233
RodentForwardModel_delay10_eff10_nodetach-20260813-064420,10,10,2000076800,RodentForwardModel,old_eval,0,1,1,0.9088262335274288,pgfm_2g,implicit,2000000000,1dbmh27r,42,decoder,5,proprio,False,0.5623814655660322,0.5137065680622965,1000.0,53958,23145,2124
RodentForwardModel_delay10_eff10_nodetach-20260813-064420,10,10,2000076800,RodentForwardModel,old_eval,0,1,1,0.9088262335274288,pgfm_2g,implicit,2000000000,1dbmh27r,42,encoder,7,proprio,False,0.1026964039164359,0.094647119825702,100000.0,53958,23145,2784
RodentForwardModel_delay10_eff10_nodetach-20260813-064420,10,10,2000076800,RodentForwardModel,old_eval,0,1,1,0.9088262335274288,pgfm_2g,implicit,2000000000,1dbmh27r,42,fm_plus_decoder,10,proprio,False,0.7203012302752504,0.6623211530969764,1000.0,53958,23145,4449
RodentForwardModel_delay10_eff10_nodetach-20260813-064420,10,10,2000076800,RodentForwardModel,old_eval,0,1,1,0.9088262335274288,pgfm_2g,implicit,2000000000,1dbmh27r,42,forward_model,5,proprio,False,0.7110562031823547,0.6572636440201118,1000.0,53958,23145,2325
RodentForwardModel_delay10_eff10_nodetach-20260813-064420,10,10,2000076800,RodentForwardModel,old_eval,0,1,1,0.9088262335274288,pgfm_2g,implicit,2000000000,1dbmh27r,42,input,1,proprio,False,0.7397944315732272,0.6929130111056976,100.0,53958,23145,657
RodentForwardModel_delay10_eff10_nodetach-20260813-064420,10,10,2000076800,RodentForwardModel,old_eval,0,1,1,0.9088262335274288,pgfm_2g,implicit,2000000000,1dbmh27r,42,latent_z,1,proprio,False,0.039663827048449,0.0330859214400821,1000.0,53958,23145,32
RodentForwardModel_delay10_eff10_nodetach-20260813-064420,10,10,2000076800,RodentForwardModel,old_eval,0,1,1,0.9088262335274288,pgfm_2g,implicit,2000000000,1dbmh27r,42,p_hat,1,proprio,False,0.5086763253124863,0.4759682264881888,100.0,53958,23145,277
RodentForwardModel_delay10_eff10_nodetach-20260813-064420,10,10,2000076800,RodentForwardModel,old_eval,0,1,1,0.9088262335274288,pgfm_2g,implicit,2000000000,1dbmh27r,42,whole_network,17,proprio,False,0.6665065362385525,0.6111281678929453,10000.0,53958,23145,7233
