wandb_id,wandb_name,wandb_project,state,git_commit,tags,notes,env,delay_k,efference_length,latent_size,kl_weight,body_target_frame,enc_hidden_sizes,dec_hidden_sizes,critic_hidden_sizes,fm_hidden_sizes,n_envs,total_steps,episode_reward/mean,episode_reward/std,actual_step,condition,extra_hidden_params
734woltb,RodentEncDec_delay0_eff0-20260612-065718,nnx-ppo-rodent-delays,finished,1cd5838f55449417b0aa477b8452a1fbdd77f392,"EncDec,MLP,TrainEvalSplit,delay0,eff0,warp",Train-eval split,AbsoluteImitation,0,0,32,0.001,reference_root,"[512, 512, 512, 512]","[512, 512, 512, 512]","[1024, 1024]",,4096,600000000,2004.005615234375,142.3390350341797,600064000,efference,787968
ukzi7fjb,RodentEncDec_delay0_eff0-20260611-103104,nnx-ppo-rodent-delays,finished,1cd5838f55449417b0aa477b8452a1fbdd77f392,"EncDec,MLP,TrainEvalSplit,delay0,eff0,warp",Train-eval split,AbsoluteImitation,0,0,32,0.001,reference_root,"[512, 512, 512, 512]","[512, 512, 512, 512]","[1024, 1024]",,4096,600000000,2006.21875,135.2272186279297,600064000,efference,787968
68b8d25g,RodentEncDec_delay1_eff1-20260611-103118,nnx-ppo-rodent-delays,finished,1cd5838f55449417b0aa477b8452a1fbdd77f392,"EncDec,MLP,TrainEvalSplit,delay1,eff1,warp",Train-eval split,AbsoluteImitation,1,1,32,0.001,reference_root,"[512, 512, 512, 512]","[512, 512, 512, 512]","[1024, 1024]",,4096,600000000,1984.201904296875,163.73997497558594,600064000,efference,787968
n9982rin,RodentEncDec_delay2_eff2-20260611-103514,nnx-ppo-rodent-delays,finished,1cd5838f55449417b0aa477b8452a1fbdd77f392,"EncDec,MLP,TrainEvalSplit,delay2,eff2,warp",Train-eval split,AbsoluteImitation,2,2,32,0.001,reference_root,"[512, 512, 512, 512]","[512, 512, 512, 512]","[1024, 1024]",,4096,600000000,1968.72412109375,195.2876739501953,600064000,efference,787968
jir5btpe,RodentEncDec_delay3_eff3-20260611-120639,nnx-ppo-rodent-delays,finished,1cd5838f55449417b0aa477b8452a1fbdd77f392,"EncDec,MLP,TrainEvalSplit,delay3,eff3,warp",Train-eval split,AbsoluteImitation,3,3,32,0.001,reference_root,"[512, 512, 512, 512]","[512, 512, 512, 512]","[1024, 1024]",,4096,600000000,1961.134765625,201.85113525390625,600064000,efference,787968
nvyg0bhj,RodentEncDec_delay4_eff4-20260611-120639,nnx-ppo-rodent-delays,finished,1cd5838f55449417b0aa477b8452a1fbdd77f392,"EncDec,MLP,TrainEvalSplit,delay4,eff4,warp",Train-eval split,AbsoluteImitation,4,4,32,0.001,reference_root,"[512, 512, 512, 512]","[512, 512, 512, 512]","[1024, 1024]",,4096,600000000,1941.1436767578125,189.53216552734375,600064000,efference,787968
8ygr9sf4,RodentEncDec_delay5_eff5-20260611-120639,nnx-ppo-rodent-delays,finished,1cd5838f55449417b0aa477b8452a1fbdd77f392,"EncDec,MLP,TrainEvalSplit,delay5,eff5,warp",Train-eval split,AbsoluteImitation,5,5,32,0.001,reference_root,"[512, 512, 512, 512]","[512, 512, 512, 512]","[1024, 1024]",,4096,600000000,1905.016357421875,272.0177917480469,600064000,efference,787968
mgk9ejcb,RodentEncDec_delay6_eff6-20260611-120818,nnx-ppo-rodent-delays,finished,1cd5838f55449417b0aa477b8452a1fbdd77f392,"EncDec,MLP,TrainEvalSplit,delay6,eff6,warp",Train-eval split,AbsoluteImitation,6,6,32,0.001,reference_root,"[512, 512, 512, 512]","[512, 512, 512, 512]","[1024, 1024]",,4096,600000000,1896.0284423828125,259.7897644042969,600064000,efference,787968
a6929dxz,RodentEncDec_delay7_eff7-20260611-120818,nnx-ppo-rodent-delays,finished,1cd5838f55449417b0aa477b8452a1fbdd77f392,"EncDec,MLP,TrainEvalSplit,delay7,eff7,warp",Train-eval split,AbsoluteImitation,7,7,32,0.001,reference_root,"[512, 512, 512, 512]","[512, 512, 512, 512]","[1024, 1024]",,4096,600000000,1897.8070068359375,259.460205078125,600064000,efference,787968
5d5tvuuv,RodentEncDec_delay8_eff8-20260611-120725,nnx-ppo-rodent-delays,finished,1cd5838f55449417b0aa477b8452a1fbdd77f392,"EncDec,MLP,TrainEvalSplit,delay8,eff8,warp",Train-eval split,AbsoluteImitation,8,8,32,0.001,reference_root,"[512, 512, 512, 512]","[512, 512, 512, 512]","[1024, 1024]",,4096,600000000,1865.0511474609375,290.9252014160156,600064000,efference,787968
u9j3se06,RodentEncDec_delay9_eff9-20260611-120839,nnx-ppo-rodent-delays,finished,1cd5838f55449417b0aa477b8452a1fbdd77f392,"EncDec,MLP,TrainEvalSplit,delay9,eff9,warp",Train-eval split,AbsoluteImitation,9,9,32,0.001,reference_root,"[512, 512, 512, 512]","[512, 512, 512, 512]","[1024, 1024]",,4096,600000000,1833.096435546875,331.099853515625,600064000,efference,787968
k0i287kl,RodentEncDec_delay10_eff10-20260611-120848,nnx-ppo-rodent-delays,finished,1cd5838f55449417b0aa477b8452a1fbdd77f392,"EncDec,MLP,TrainEvalSplit,delay10,eff10,warp",Train-eval split,AbsoluteImitation,10,10,32,0.001,reference_root,"[512, 512, 512, 512]","[512, 512, 512, 512]","[1024, 1024]",,4096,600000000,1789.60986328125,376.0146789550781,600064000,efference,787968
xj1agjno,RodentEncDec_delay15_eff15-20260611-120902,nnx-ppo-rodent-delays,finished,1cd5838f55449417b0aa477b8452a1fbdd77f392,"EncDec,MLP,TrainEvalSplit,delay15,eff15,warp",Train-eval split,AbsoluteImitation,15,15,32,0.001,reference_root,"[512, 512, 512, 512]","[512, 512, 512, 512]","[1024, 1024]",,4096,600000000,1592.833984375,512.7891235351562,600064000,efference,787968
gunf0ivv,RodentEncDec_delay20_eff20-20260611-120904,nnx-ppo-rodent-delays,finished,1cd5838f55449417b0aa477b8452a1fbdd77f392,"EncDec,MLP,TrainEvalSplit,delay20,eff20,warp",Train-eval split,AbsoluteImitation,20,20,32,0.001,reference_root,"[512, 512, 512, 512]","[512, 512, 512, 512]","[1024, 1024]",,4096,600000000,1435.531005859375,590.2176513671875,600064000,efference,787968
w2498exh,RodentEncDec_delay30_eff30-20260611-120904,nnx-ppo-rodent-delays,finished,1cd5838f55449417b0aa477b8452a1fbdd77f392,"EncDec,MLP,TrainEvalSplit,delay30,eff30,warp",Train-eval split,AbsoluteImitation,30,30,32,0.001,reference_root,"[512, 512, 512, 512]","[512, 512, 512, 512]","[1024, 1024]",,4096,600000000,1327.683349609375,564.8617553710938,600064000,efference,787968
rv3u3x7n,RodentEncDec_delay40_eff40-20260611-120905,nnx-ppo-rodent-delays,finished,1cd5838f55449417b0aa477b8452a1fbdd77f392,"EncDec,MLP,TrainEvalSplit,delay40,eff40,warp",Train-eval split,AbsoluteImitation,40,40,32,0.001,reference_root,"[512, 512, 512, 512]","[512, 512, 512, 512]","[1024, 1024]",,4096,600000000,1232.233642578125,572.444580078125,600064000,efference,787968
1w7nuehe,RodentEncDec_delay50_eff50-20260611-120955,nnx-ppo-rodent-delays,finished,1cd5838f55449417b0aa477b8452a1fbdd77f392,"EncDec,MLP,TrainEvalSplit,delay50,eff50,warp",Train-eval split,AbsoluteImitation,50,50,32,0.001,reference_root,"[512, 512, 512, 512]","[512, 512, 512, 512]","[1024, 1024]",,4096,600000000,1045.143310546875,559.1459350585938,600064000,efference,787968
y7dh46ee,RodentEncDec_delay60_eff60-20260611-120954,nnx-ppo-rodent-delays,finished,1cd5838f55449417b0aa477b8452a1fbdd77f392,"EncDec,MLP,TrainEvalSplit,delay60,eff60,warp",Train-eval split,AbsoluteImitation,60,60,32,0.001,reference_root,"[512, 512, 512, 512]","[512, 512, 512, 512]","[1024, 1024]",,4096,600000000,992.5313110351562,530.5802001953125,600064000,efference,787968
oe9lq9ej,RodentEncDec_delay70_eff70-20260611-120906,nnx-ppo-rodent-delays,finished,1cd5838f55449417b0aa477b8452a1fbdd77f392,"EncDec,MLP,TrainEvalSplit,delay70,eff70,warp",Train-eval split,AbsoluteImitation,70,70,32,0.001,reference_root,"[512, 512, 512, 512]","[512, 512, 512, 512]","[1024, 1024]",,4096,600000000,878.22802734375,466.50384521484375,600064000,efference,787968
fgt63dqc,RodentEncDec_delay80_eff80-20260611-120906,nnx-ppo-rodent-delays,finished,1cd5838f55449417b0aa477b8452a1fbdd77f392,"EncDec,MLP,TrainEvalSplit,delay80,eff80,warp",Train-eval split,AbsoluteImitation,80,80,32,0.001,reference_root,"[512, 512, 512, 512]","[512, 512, 512, 512]","[1024, 1024]",,4096,600000000,871.5228881835938,463.3311767578125,600064000,efference,787968
2l2lwxl0,RodentEncDec_delay90_eff90-20260611-120905,nnx-ppo-rodent-delays,finished,1cd5838f55449417b0aa477b8452a1fbdd77f392,"EncDec,MLP,TrainEvalSplit,delay90,eff90,warp",Train-eval split,AbsoluteImitation,90,90,32,0.001,reference_root,"[512, 512, 512, 512]","[512, 512, 512, 512]","[1024, 1024]",,4096,600000000,789.737548828125,413.3051452636719,600064000,efference,787968
fmypxy1t,RodentEncDec_delay100_eff100-20260611-120955,nnx-ppo-rodent-delays,finished,1cd5838f55449417b0aa477b8452a1fbdd77f392,"EncDec,MLP,TrainEvalSplit,delay100,eff100,warp",Train-eval split,AbsoluteImitation,100,100,32,0.001,reference_root,"[512, 512, 512, 512]","[512, 512, 512, 512]","[1024, 1024]",,4096,600000000,772.2216796875,408.118896484375,600064000,efference,787968
cx8yt74u,RodentEncDec_delay0_eff0-20260622-065616,nnx-ppo-rodent-delays,finished,546437641064f2c18793e24dd96a84bccd1a9088,"EncDec,MLP,TrainEvalSplit,delay0,eff0,warp",Deeper decoder,AbsoluteImitation,0,0,32,0.001,reference_root,"[512, 512, 512, 512]","[512, 512, 512, 512, 512, 512, 512, 512]","[1024, 1024]",,4096,600000000,2004.7509765625,133.0346221923828,600064000,efference_deeper,1838592
bpuy81ua,RodentEncDec_delay2_eff2-20260622-090746,nnx-ppo-rodent-delays,finished,546437641064f2c18793e24dd96a84bccd1a9088,"EncDec,MLP,TrainEvalSplit,delay2,eff2,warp",Deeper decoder,AbsoluteImitation,2,2,32,0.001,reference_root,"[512, 512, 512, 512]","[512, 512, 512, 512, 512, 512, 512, 512]","[1024, 1024]",,4096,600000000,1972.239013671875,182.59127807617188,600064000,efference_deeper,1838592
47sr0li2,RodentEncDec_delay5_eff5-20260622-090747,nnx-ppo-rodent-delays,finished,546437641064f2c18793e24dd96a84bccd1a9088,"EncDec,MLP,TrainEvalSplit,delay5,eff5,warp",Deeper decoder,AbsoluteImitation,5,5,32,0.001,reference_root,"[512, 512, 512, 512]","[512, 512, 512, 512, 512, 512, 512, 512]","[1024, 1024]",,4096,600000000,1927.6602783203125,219.09461975097656,600064000,efference_deeper,1838592
z9slm127,RodentEncDec_delay20_eff20-20260622-065514,nnx-ppo-rodent-delays,finished,546437641064f2c18793e24dd96a84bccd1a9088,"EncDec,MLP,TrainEvalSplit,delay20,eff20,warp",Deeper decoder,AbsoluteImitation,20,20,32,0.001,reference_root,"[512, 512, 512, 512]","[512, 512, 512, 512, 512, 512, 512, 512]","[1024, 1024]",,4096,600000000,1441.5030517578125,562.3218994140625,600064000,efference_deeper,1838592
zjaft7mu,RodentEncDec_delay50_eff50-20260622-065626,nnx-ppo-rodent-delays,finished,546437641064f2c18793e24dd96a84bccd1a9088,"EncDec,MLP,TrainEvalSplit,delay50,eff50,warp",Deeper decoder,AbsoluteImitation,50,50,32,0.001,reference_root,"[512, 512, 512, 512]","[512, 512, 512, 512, 512, 512, 512, 512]","[1024, 1024]",,4096,600000000,1083.9656982421875,557.8644409179688,600064000,efference_deeper,1838592
8dd076kr,RodentEncDec_delay80_eff80-20260622-065944,nnx-ppo-rodent-delays,finished,546437641064f2c18793e24dd96a84bccd1a9088,"EncDec,MLP,TrainEvalSplit,delay80,eff80,warp",Deeper decoder,AbsoluteImitation,80,80,32,0.001,reference_root,"[512, 512, 512, 512]","[512, 512, 512, 512, 512, 512, 512, 512]","[1024, 1024]",,4096,600000000,844.5152587890625,455.0349426269531,600064000,efference_deeper,1838592
gy0ozpvk,RodentEncDec_delay100_eff100-20260622-090747,nnx-ppo-rodent-delays,finished,546437641064f2c18793e24dd96a84bccd1a9088,"EncDec,MLP,TrainEvalSplit,delay100,eff100,warp",Deeper decoder,AbsoluteImitation,100,100,32,0.001,reference_root,"[512, 512, 512, 512]","[512, 512, 512, 512, 512, 512, 512, 512]","[1024, 1024]",,4096,600000000,759.90966796875,402.8160095214844,600064000,efference_deeper,1838592
gs9zrobn,RodentEncDec_delay0_eff0-20260622-063455,nnx-ppo-rodent-delays,finished,546437641064f2c18793e24dd96a84bccd1a9088,"EncDec,MLP,TrainEvalSplit,delay0,eff0,warp",Larger decoder,AbsoluteImitation,0,0,32,0.001,reference_root,"[512, 512, 512, 512]","[1024, 1024, 1024, 1024]","[1024, 1024]",,4096,600000000,1999.824462890625,125.62958526611328,600064000,efference_larger,3148800
ehm8f8o9,RodentEncDec_delay10_eff10-20260622-063455,nnx-ppo-rodent-delays,finished,546437641064f2c18793e24dd96a84bccd1a9088,"EncDec,MLP,TrainEvalSplit,delay10,eff10,warp",Larger decoder,AbsoluteImitation,10,10,32,0.001,reference_root,"[512, 512, 512, 512]","[1024, 1024, 1024, 1024]","[1024, 1024]",,4096,600000000,1799.195556640625,350.9238586425781,600064000,efference_larger,3148800
lx7tizob,RodentEncDec_delay20_eff20-20260622-063455,nnx-ppo-rodent-delays,finished,546437641064f2c18793e24dd96a84bccd1a9088,"EncDec,MLP,TrainEvalSplit,delay20,eff20,warp",Larger decoder,AbsoluteImitation,20,20,32,0.001,reference_root,"[512, 512, 512, 512]","[1024, 1024, 1024, 1024]","[1024, 1024]",,4096,600000000,1413.29638671875,576.1824340820312,600064000,efference_larger,3148800
6qlk4p5i,RodentEncDec_delay30_eff30-20260622-063455,nnx-ppo-rodent-delays,finished,546437641064f2c18793e24dd96a84bccd1a9088,"EncDec,MLP,TrainEvalSplit,delay30,eff30,warp",Larger decoder,AbsoluteImitation,30,30,32,0.001,reference_root,"[512, 512, 512, 512]","[1024, 1024, 1024, 1024]","[1024, 1024]",,4096,600000000,1066.6956787109375,543.667724609375,600064000,efference_larger,3148800
mk7dw4ix,RodentEncDec_delay40_eff40-20260622-063455,nnx-ppo-rodent-delays,finished,546437641064f2c18793e24dd96a84bccd1a9088,"EncDec,MLP,TrainEvalSplit,delay40,eff40,warp",Larger decoder,AbsoluteImitation,40,40,32,0.001,reference_root,"[512, 512, 512, 512]","[1024, 1024, 1024, 1024]","[1024, 1024]",,4096,600000000,912.598876953125,526.7371826171875,600064000,efference_larger,3148800
oxczkvj0,RodentEncDec_delay50_eff50-20260622-063455,nnx-ppo-rodent-delays,finished,546437641064f2c18793e24dd96a84bccd1a9088,"EncDec,MLP,TrainEvalSplit,delay50,eff50,warp",Larger decoder,AbsoluteImitation,50,50,32,0.001,reference_root,"[512, 512, 512, 512]","[1024, 1024, 1024, 1024]","[1024, 1024]",,4096,600000000,926.740234375,507.64801025390625,600064000,efference_larger,3148800
vec32p7c,RodentEncDec_delay80_eff80-20260622-063455,nnx-ppo-rodent-delays,finished,546437641064f2c18793e24dd96a84bccd1a9088,"EncDec,MLP,TrainEvalSplit,delay80,eff80,warp",Larger decoder,AbsoluteImitation,80,80,32,0.001,reference_root,"[512, 512, 512, 512]","[1024, 1024, 1024, 1024]","[1024, 1024]",,4096,600000000,662.8753662109375,349.9542236328125,600064000,efference_larger,3148800
oof7uath,RodentForwardModel_delay0_eff0-20260619-032834,nnx-ppo-rodent-delays,finished,546437641064f2c18793e24dd96a84bccd1a9088,"ForwardModel,MLP,TrainEvalSplit,delay0,eff0,warp",Explicit forward model.,AbsoluteImitation,0,0,32,0.001,reference_root,"[512, 512, 512, 512]","[512, 512, 512, 512]","[1024, 1024]","[512, 512, 512, 512]",4096,600000000,1985.561767578125,137.70921325683594,600064000,forward_model,1575936
n360ngyz,RodentForwardModel_delay1_eff1-20260619-032834,nnx-ppo-rodent-delays,finished,546437641064f2c18793e24dd96a84bccd1a9088,"ForwardModel,MLP,TrainEvalSplit,delay1,eff1,warp",Explicit forward model.,AbsoluteImitation,1,1,32,0.001,reference_root,"[512, 512, 512, 512]","[512, 512, 512, 512]","[1024, 1024]","[512, 512, 512, 512]",4096,600000000,1966.170654296875,165.7288360595703,600064000,forward_model,1575936
cux09djh,RodentForwardModel_delay2_eff2-20260619-033003,nnx-ppo-rodent-delays,finished,546437641064f2c18793e24dd96a84bccd1a9088,"ForwardModel,MLP,TrainEvalSplit,delay2,eff2,warp",Explicit forward model.,AbsoluteImitation,2,2,32,0.001,reference_root,"[512, 512, 512, 512]","[512, 512, 512, 512]","[1024, 1024]","[512, 512, 512, 512]",4096,600000000,1944.8040771484375,197.5319671630859,600064000,forward_model,1575936
7mbhtcl1,RodentForwardModel_delay3_eff3-20260619-033153,nnx-ppo-rodent-delays,finished,546437641064f2c18793e24dd96a84bccd1a9088,"ForwardModel,MLP,TrainEvalSplit,delay3,eff3,warp",Explicit forward model.,AbsoluteImitation,3,3,32,0.001,reference_root,"[512, 512, 512, 512]","[512, 512, 512, 512]","[1024, 1024]","[512, 512, 512, 512]",4096,600000000,1921.68408203125,215.3975372314453,600064000,forward_model,1575936
0v244yas,RodentForwardModel_delay4_eff4-20260619-033209,nnx-ppo-rodent-delays,finished,546437641064f2c18793e24dd96a84bccd1a9088,"ForwardModel,MLP,TrainEvalSplit,delay4,eff4,warp",Explicit forward model.,AbsoluteImitation,4,4,32,0.001,reference_root,"[512, 512, 512, 512]","[512, 512, 512, 512]","[1024, 1024]","[512, 512, 512, 512]",4096,600000000,1829.670166015625,358.48358154296875,600064000,forward_model,1575936
nuqt0890,RodentForwardModel_delay5_eff5-20260619-033243,nnx-ppo-rodent-delays,finished,546437641064f2c18793e24dd96a84bccd1a9088,"ForwardModel,MLP,TrainEvalSplit,delay5,eff5,warp",Explicit forward model.,AbsoluteImitation,5,5,32,0.001,reference_root,"[512, 512, 512, 512]","[512, 512, 512, 512]","[1024, 1024]","[512, 512, 512, 512]",4096,600000000,1902.5728759765625,229.8212890625,600064000,forward_model,1575936
oeb11ok2,RodentForwardModel_delay6_eff6-20260619-033349,nnx-ppo-rodent-delays,finished,546437641064f2c18793e24dd96a84bccd1a9088,"ForwardModel,MLP,TrainEvalSplit,delay6,eff6,warp",Explicit forward model.,AbsoluteImitation,6,6,32,0.001,reference_root,"[512, 512, 512, 512]","[512, 512, 512, 512]","[1024, 1024]","[512, 512, 512, 512]",4096,600000000,1899.109619140625,238.67958068847656,600064000,forward_model,1575936
dcgsgytz,RodentForwardModel_delay7_eff7-20260619-033456,nnx-ppo-rodent-delays,finished,546437641064f2c18793e24dd96a84bccd1a9088,"ForwardModel,MLP,TrainEvalSplit,delay7,eff7,warp",Explicit forward model.,AbsoluteImitation,7,7,32,0.001,reference_root,"[512, 512, 512, 512]","[512, 512, 512, 512]","[1024, 1024]","[512, 512, 512, 512]",4096,600000000,1899.5849609375,231.030517578125,600064000,forward_model,1575936
4spnzcd6,RodentForwardModel_delay8_eff8-20260619-033515,nnx-ppo-rodent-delays,finished,546437641064f2c18793e24dd96a84bccd1a9088,"ForwardModel,MLP,TrainEvalSplit,delay8,eff8,warp",Explicit forward model.,AbsoluteImitation,8,8,32,0.001,reference_root,"[512, 512, 512, 512]","[512, 512, 512, 512]","[1024, 1024]","[512, 512, 512, 512]",4096,600000000,1856.89404296875,286.3036193847656,600064000,forward_model,1575936
3h12kbno,RodentForwardModel_delay9_eff9-20260619-033655,nnx-ppo-rodent-delays,finished,546437641064f2c18793e24dd96a84bccd1a9088,"ForwardModel,MLP,TrainEvalSplit,delay9,eff9,warp",Explicit forward model.,AbsoluteImitation,9,9,32,0.001,reference_root,"[512, 512, 512, 512]","[512, 512, 512, 512]","[1024, 1024]","[512, 512, 512, 512]",4096,600000000,1875.90234375,255.567626953125,600064000,forward_model,1575936
6rp2ntz7,RodentForwardModel_delay10_eff10-20260619-033822,nnx-ppo-rodent-delays,finished,546437641064f2c18793e24dd96a84bccd1a9088,"ForwardModel,MLP,TrainEvalSplit,delay10,eff10,warp",Explicit forward model.,AbsoluteImitation,10,10,32,0.001,reference_root,"[512, 512, 512, 512]","[512, 512, 512, 512]","[1024, 1024]","[512, 512, 512, 512]",4096,600000000,1856.0142822265625,281.79296875,600064000,forward_model,1575936
lwf9q634,RodentForwardModel_delay12_eff12-20260619-033905,nnx-ppo-rodent-delays,finished,546437641064f2c18793e24dd96a84bccd1a9088,"ForwardModel,MLP,TrainEvalSplit,delay12,eff12,warp",Explicit forward model.,AbsoluteImitation,12,12,32,0.001,reference_root,"[512, 512, 512, 512]","[512, 512, 512, 512]","[1024, 1024]","[512, 512, 512, 512]",4096,600000000,1739.9691162109375,447.7511291503906,600064000,forward_model,1575936
oelpm5vy,RodentForwardModel_delay15_eff15-20260619-034343,nnx-ppo-rodent-delays,finished,546437641064f2c18793e24dd96a84bccd1a9088,"ForwardModel,MLP,TrainEvalSplit,delay15,eff15,warp",Explicit forward model.,AbsoluteImitation,15,15,32,0.001,reference_root,"[512, 512, 512, 512]","[512, 512, 512, 512]","[1024, 1024]","[512, 512, 512, 512]",4096,600000000,1665.438720703125,504.8869018554687,600064000,forward_model,1575936
bge1cw3s,RodentForwardModel_delay20_eff20-20260619-034701,nnx-ppo-rodent-delays,finished,546437641064f2c18793e24dd96a84bccd1a9088,"ForwardModel,MLP,TrainEvalSplit,delay20,eff20,warp",Explicit forward model.,AbsoluteImitation,20,20,32,0.001,reference_root,"[512, 512, 512, 512]","[512, 512, 512, 512]","[1024, 1024]","[512, 512, 512, 512]",4096,600000000,1587.1820068359375,555.6929931640625,600064000,forward_model,1575936
7wqiu7d3,RodentForwardModel_delay25_eff25-20260619-035219,nnx-ppo-rodent-delays,finished,546437641064f2c18793e24dd96a84bccd1a9088,"ForwardModel,MLP,TrainEvalSplit,delay25,eff25,warp",Explicit forward model.,AbsoluteImitation,25,25,32,0.001,reference_root,"[512, 512, 512, 512]","[512, 512, 512, 512]","[1024, 1024]","[512, 512, 512, 512]",4096,600000000,1559.510498046875,553.2080078125,600064000,forward_model,1575936
g6mz0mci,RodentForwardModel_delay30_eff30-20260619-035534,nnx-ppo-rodent-delays,finished,546437641064f2c18793e24dd96a84bccd1a9088,"ForwardModel,MLP,TrainEvalSplit,delay30,eff30,warp",Explicit forward model.,AbsoluteImitation,30,30,32,0.001,reference_root,"[512, 512, 512, 512]","[512, 512, 512, 512]","[1024, 1024]","[512, 512, 512, 512]",4096,600000000,1501.1363525390625,579.9451904296875,600064000,forward_model,1575936
1j36ffre,RodentForwardModel_delay40_eff40-20260619-035659,nnx-ppo-rodent-delays,finished,546437641064f2c18793e24dd96a84bccd1a9088,"ForwardModel,MLP,TrainEvalSplit,delay40,eff40,warp",Explicit forward model.,AbsoluteImitation,40,40,32,0.001,reference_root,"[512, 512, 512, 512]","[512, 512, 512, 512]","[1024, 1024]","[512, 512, 512, 512]",4096,600000000,1444.188720703125,560.1549072265625,600064000,forward_model,1575936
29h53tbw,RodentForwardModel_delay50_eff50-20260619-040449,nnx-ppo-rodent-delays,finished,546437641064f2c18793e24dd96a84bccd1a9088,"ForwardModel,MLP,TrainEvalSplit,delay50,eff50,warp",Explicit forward model.,AbsoluteImitation,50,50,32,0.001,reference_root,"[512, 512, 512, 512]","[512, 512, 512, 512]","[1024, 1024]","[512, 512, 512, 512]",4096,600000000,1345.9512939453125,589.0496826171875,600064000,forward_model,1575936
rmeykqfj,RodentForwardModel_delay60_eff60-20260619-040528,nnx-ppo-rodent-delays,finished,546437641064f2c18793e24dd96a84bccd1a9088,"ForwardModel,MLP,TrainEvalSplit,delay60,eff60,warp",Explicit forward model.,AbsoluteImitation,60,60,32,0.001,reference_root,"[512, 512, 512, 512]","[512, 512, 512, 512]","[1024, 1024]","[512, 512, 512, 512]",4096,600000000,1293.4940185546875,588.5738525390625,600064000,forward_model,1575936
5chxtk59,RodentForwardModel_delay70_eff70-20260619-040722,nnx-ppo-rodent-delays,finished,546437641064f2c18793e24dd96a84bccd1a9088,"ForwardModel,MLP,TrainEvalSplit,delay70,eff70,warp",Explicit forward model.,AbsoluteImitation,70,70,32,0.001,reference_root,"[512, 512, 512, 512]","[512, 512, 512, 512]","[1024, 1024]","[512, 512, 512, 512]",4096,600000000,1196.955810546875,577.099853515625,600064000,forward_model,1575936
3wnn9itz,RodentForwardModel_delay80_eff80-20260619-040733,nnx-ppo-rodent-delays,finished,546437641064f2c18793e24dd96a84bccd1a9088,"ForwardModel,MLP,TrainEvalSplit,delay80,eff80,warp",Explicit forward model.,AbsoluteImitation,80,80,32,0.001,reference_root,"[512, 512, 512, 512]","[512, 512, 512, 512]","[1024, 1024]","[512, 512, 512, 512]",4096,600000000,1211.232666015625,572.9645385742188,600064000,forward_model,1575936
zu36pzzv,RodentForwardModel_delay90_eff90-20260619-041422,nnx-ppo-rodent-delays,finished,546437641064f2c18793e24dd96a84bccd1a9088,"ForwardModel,MLP,TrainEvalSplit,delay90,eff90,warp",Explicit forward model.,AbsoluteImitation,90,90,32,0.001,reference_root,"[512, 512, 512, 512]","[512, 512, 512, 512]","[1024, 1024]","[512, 512, 512, 512]",4096,600000000,1163.7845458984375,552.7642822265625,600064000,forward_model,1575936
4dgvazws,RodentForwardModel_delay100_eff100-20260619-041703,nnx-ppo-rodent-delays,finished,546437641064f2c18793e24dd96a84bccd1a9088,"ForwardModel,MLP,TrainEvalSplit,delay100,eff100,warp",Explicit forward model.,AbsoluteImitation,100,100,32,0.001,reference_root,"[512, 512, 512, 512]","[512, 512, 512, 512]","[1024, 1024]","[512, 512, 512, 512]",4096,600000000,1126.962646484375,545.8890991210938,600064000,forward_model,1575936
