wandb_id,wandb_name,wandb_project,git_commit,tags,condition,control_mode,network,delay_k,efference_length,torque_actuators,fm_loss_weight,detach_prediction,body_target_frame,seed,latent_size,kl_weight,enc_hidden_sizes,dec_hidden_sizes,critic_hidden_sizes,clip_length,actual_step,reward_mean,reward_std,lifespan_mean,fm_pred_mse
zjuovm3u,RodentEncDec_delay0_eff0-20260706-105452,emiwar-team/nnx-ppo-rodent-delays,891cd0d3,"EncDec,MLP,TrainEvalSplit,delay0,eff0,warp",pos_efference,position,efference,0,0,False,,,current_root,42,32,0.001,"(512, 512, 512, 512)","(512, 512, 512, 512)","(1024, 1024)",250,600064000,1958.0142822265625,176.44534301757812,444.796875,
trd8wxes,RodentEncDec_delay2_eff2-20260706-105513,emiwar-team/nnx-ppo-rodent-delays,891cd0d3,"EncDec,MLP,TrainEvalSplit,delay2,eff2,warp",pos_efference,position,efference,2,2,False,,,current_root,42,32,0.001,"(512, 512, 512, 512)","(512, 512, 512, 512)","(1024, 1024)",250,600064000,1928.8905029296875,236.5509796142578,441.7138671875,
vqs4c6f6,RodentEncDec_delay3_eff3-20260707-090642,emiwar-team/nnx-ppo-rodent-delays,b18513ae,"EncDec,MLP,TrainEvalSplit,delay3,eff3,warp",pos_efference,position,efference,3,3,False,,,current_root,42,32,0.001,"(512, 512, 512, 512)","(512, 512, 512, 512)","(1024, 1024)",250,600064000,1918.1328125,223.8963623046875,442.126953125,
wl9tuybw,RodentEncDec_delay4_eff4-20260707-090714,emiwar-team/nnx-ppo-rodent-delays,b18513ae,"EncDec,MLP,TrainEvalSplit,delay4,eff4,warp",pos_efference,position,efference,4,4,False,,,current_root,42,32,0.001,"(512, 512, 512, 512)","(512, 512, 512, 512)","(1024, 1024)",250,600064000,1920.2366943359375,208.28797912597656,443.4521484375,
2ecbceb0,RodentEncDec_delay5_eff5-20260706-105738,emiwar-team/nnx-ppo-rodent-delays,891cd0d3,"EncDec,MLP,TrainEvalSplit,delay5,eff5,warp",pos_efference,position,efference,5,5,False,,,current_root,42,32,0.001,"(512, 512, 512, 512)","(512, 512, 512, 512)","(1024, 1024)",250,600064000,1912.617919921875,224.15777587890625,442.1259765625,
95c5q3ct,RodentEncDec_delay6_eff6-20260707-090727,emiwar-team/nnx-ppo-rodent-delays,b18513ae,"EncDec,MLP,TrainEvalSplit,delay6,eff6,warp",pos_efference,position,efference,6,6,False,,,current_root,42,32,0.001,"(512, 512, 512, 512)","(512, 512, 512, 512)","(1024, 1024)",250,600064000,1902.833251953125,252.2974090576172,440.501953125,
5nkfsp9k,RodentEncDec_delay7_eff7-20260707-090730,emiwar-team/nnx-ppo-rodent-delays,b18513ae,"EncDec,MLP,TrainEvalSplit,delay7,eff7,warp",pos_efference,position,efference,7,7,False,,,current_root,42,32,0.001,"(512, 512, 512, 512)","(512, 512, 512, 512)","(1024, 1024)",250,600064000,1867.554931640625,308.75921630859375,433.9150390625,
ixcxllws,RodentEncDec_delay8_eff8-20260707-090735,emiwar-team/nnx-ppo-rodent-delays,b18513ae,"EncDec,MLP,TrainEvalSplit,delay8,eff8,warp",pos_efference,position,efference,8,8,False,,,current_root,42,32,0.001,"(512, 512, 512, 512)","(512, 512, 512, 512)","(1024, 1024)",250,600064000,1879.00927734375,284.6828918457031,437.404296875,
lrolo3mu,RodentEncDec_delay9_eff9-20260707-090744,emiwar-team/nnx-ppo-rodent-delays,b18513ae,"EncDec,MLP,TrainEvalSplit,delay9,eff9,warp",pos_efference,position,efference,9,9,False,,,current_root,42,32,0.001,"(512, 512, 512, 512)","(512, 512, 512, 512)","(1024, 1024)",250,600064000,1881.6932373046875,266.687255859375,438.9921875,
xzhowley,RodentEncDec_delay10_eff10-20260706-105738,emiwar-team/nnx-ppo-rodent-delays,891cd0d3,"EncDec,MLP,TrainEvalSplit,delay10,eff10,warp",pos_efference,position,efference,10,10,False,,,current_root,42,32,0.001,"(512, 512, 512, 512)","(512, 512, 512, 512)","(1024, 1024)",250,600064000,1875.4892578125,281.8836364746094,437.4921875,
nek7c77v,RodentEncDec_delay12_eff12-20260707-090750,emiwar-team/nnx-ppo-rodent-delays,b18513ae,"EncDec,MLP,TrainEvalSplit,delay12,eff12,warp",pos_efference,position,efference,12,12,False,,,current_root,42,32,0.001,"(512, 512, 512, 512)","(512, 512, 512, 512)","(1024, 1024)",250,600064000,1845.1842041015625,332.711669921875,432.2138671875,
8di7zd23,RodentEncDec_delay15_eff15-20260707-090757,emiwar-team/nnx-ppo-rodent-delays,b18513ae,"EncDec,MLP,TrainEvalSplit,delay15,eff15,warp",pos_efference,position,efference,15,15,False,,,current_root,42,32,0.001,"(512, 512, 512, 512)","(512, 512, 512, 512)","(1024, 1024)",250,600064000,1838.1839599609375,342.86248779296875,430.701171875,
8ykr1nha,RodentEncDec_delay20_eff20-20260706-105901,emiwar-team/nnx-ppo-rodent-delays,891cd0d3,"EncDec,MLP,TrainEvalSplit,delay20,eff20,warp",pos_efference,position,efference,20,20,False,,,current_root,42,32,0.001,"(512, 512, 512, 512)","(512, 512, 512, 512)","(1024, 1024)",250,600064000,1830.5322265625,341.0394287109375,430.0771484375,
ec0i0481,RodentEncDec_delay25_eff25-20260707-092552,emiwar-team/nnx-ppo-rodent-delays,b18513ae,"EncDec,MLP,TrainEvalSplit,delay25,eff25,warp",pos_efference,position,efference,25,25,False,,,current_root,42,32,0.001,"(512, 512, 512, 512)","(512, 512, 512, 512)","(1024, 1024)",250,600064000,1821.9376220703125,357.0536193847656,428.001953125,
nsnfdku1,RodentEncDec_delay30_eff30-20260707-090909,emiwar-team/nnx-ppo-rodent-delays,b18513ae,"EncDec,MLP,TrainEvalSplit,delay30,eff30,warp",pos_efference,position,efference,30,30,False,,,current_root,42,32,0.001,"(512, 512, 512, 512)","(512, 512, 512, 512)","(1024, 1024)",250,600064000,1777.7584228515625,409.5358581542969,419.703125,
wx2sx7a9,RodentEncDec_delay40_eff40-20260707-092552,emiwar-team/nnx-ppo-rodent-delays,b18513ae,"EncDec,MLP,TrainEvalSplit,delay40,eff40,warp",pos_efference,position,efference,40,40,False,,,current_root,42,32,0.001,"(512, 512, 512, 512)","(512, 512, 512, 512)","(1024, 1024)",250,600064000,1776.5562744140625,416.94189453125,419.111328125,
shi2kpky,RodentEncDec_delay50_eff50-20260706-110520,emiwar-team/nnx-ppo-rodent-delays,891cd0d3,"EncDec,MLP,TrainEvalSplit,delay50,eff50,warp",pos_efference,position,efference,50,50,False,,,current_root,42,32,0.001,"(512, 512, 512, 512)","(512, 512, 512, 512)","(1024, 1024)",250,600064000,1805.9808349609375,351.8737487792969,427.9853515625,
vafxejxs,RodentEncDec_delay60_eff60-20260707-092613,emiwar-team/nnx-ppo-rodent-delays,b18513ae,"EncDec,MLP,TrainEvalSplit,delay60,eff60,warp",pos_efference,position,efference,60,60,False,,,current_root,42,32,0.001,"(512, 512, 512, 512)","(512, 512, 512, 512)","(1024, 1024)",250,600064000,1772.958251953125,394.4669494628906,421.11328125,
p57vkvkk,RodentEncDec_delay70_eff70-20260706-171312,emiwar-team/nnx-ppo-rodent-delays,891cd0d3,"EncDec,MLP,TrainEvalSplit,delay70,eff70,warp",pos_efference,position,efference,70,70,False,,,current_root,42,32,0.001,"(512, 512, 512, 512)","(512, 512, 512, 512)","(1024, 1024)",250,600064000,1799.6058349609375,357.7773132324219,427.390625,
vhb10bbx,RodentEncDec_delay80_eff80-20260707-090938,emiwar-team/nnx-ppo-rodent-delays,b18513ae,"EncDec,MLP,TrainEvalSplit,delay80,eff80,warp",pos_efference,position,efference,80,80,False,,,current_root,42,32,0.001,"(512, 512, 512, 512)","(512, 512, 512, 512)","(1024, 1024)",250,600064000,1788.1083984375,362.8762512207031,426.427734375,
uo9l3o1s,RodentEncDec_delay90_eff90-20260707-090935,emiwar-team/nnx-ppo-rodent-delays,b18513ae,"EncDec,MLP,TrainEvalSplit,delay90,eff90,warp",pos_efference,position,efference,90,90,False,,,current_root,42,32,0.001,"(512, 512, 512, 512)","(512, 512, 512, 512)","(1024, 1024)",250,600064000,1721.676513671875,448.4441223144531,410.43359375,
9lycwxlg,RodentEncDec_delay100_eff100-20260706-171321,emiwar-team/nnx-ppo-rodent-delays,891cd0d3,"EncDec,MLP,TrainEvalSplit,delay100,eff100,warp",pos_efference,position,efference,100,100,False,,,current_root,42,32,0.001,"(512, 512, 512, 512)","(512, 512, 512, 512)","(1024, 1024)",250,600064000,1737.036865234375,413.9548645019531,416.423828125,
3f3r7yds,RodentForwardModel_delay0_eff0-20260706-171304,emiwar-team/nnx-ppo-rodent-delays,891cd0d3,"ForwardModel,MLP,TrainEvalSplit,delay0,eff0,warp",pos_forward_model,position,forward_model,0,0,False,1.0,True,current_root,42,32,0.001,"(512, 512, 512, 512)","(512, 512, 512, 512)","(1024, 1024)",250,600064000,1947.108642578125,175.53871154785156,444.5986328125,0.00053093780297786
un5lkdy3,RodentForwardModel_delay2_eff2-20260706-171304,emiwar-team/nnx-ppo-rodent-delays,891cd0d3,"ForwardModel,MLP,TrainEvalSplit,delay2,eff2,warp",pos_forward_model,position,forward_model,2,2,False,1.0,True,current_root,42,32,0.001,"(512, 512, 512, 512)","(512, 512, 512, 512)","(1024, 1024)",250,600064000,1928.638916015625,191.83447265625,444.0126953125,0.033720605075359344
u1tiif7a,RodentForwardModel_delay5_eff5-20260706-171310,emiwar-team/nnx-ppo-rodent-delays,891cd0d3,"ForwardModel,MLP,TrainEvalSplit,delay5,eff5,warp",pos_forward_model,position,forward_model,5,5,False,1.0,True,current_root,42,32,0.001,"(512, 512, 512, 512)","(512, 512, 512, 512)","(1024, 1024)",250,600064000,1909.39599609375,214.8074188232422,442.9462890625,0.04226577654480934
m87hoxba,RodentForwardModel_delay10_eff10-20260706-171304,emiwar-team/nnx-ppo-rodent-delays,891cd0d3,"ForwardModel,MLP,TrainEvalSplit,delay10,eff10,warp",pos_forward_model,position,forward_model,10,10,False,1.0,True,current_root,42,32,0.001,"(512, 512, 512, 512)","(512, 512, 512, 512)","(1024, 1024)",250,600064000,1872.05615234375,284.9640197753906,436.91015625,0.053125254809856415
ag0ppq7m,RodentForwardModel_delay20_eff20-20260706-171304,emiwar-team/nnx-ppo-rodent-delays,891cd0d3,"ForwardModel,MLP,TrainEvalSplit,delay20,eff20,warp",pos_forward_model,position,forward_model,20,20,False,1.0,True,current_root,42,32,0.001,"(512, 512, 512, 512)","(512, 512, 512, 512)","(1024, 1024)",250,600064000,1864.33349609375,284.2835998535156,437.587890625,0.05738794058561325
y9g2f9qe,RodentForwardModel_delay50_eff50-20260706-171304,emiwar-team/nnx-ppo-rodent-delays,891cd0d3,"ForwardModel,MLP,TrainEvalSplit,delay50,eff50,warp",pos_forward_model,position,forward_model,50,50,False,1.0,True,current_root,42,32,0.001,"(512, 512, 512, 512)","(512, 512, 512, 512)","(1024, 1024)",250,600064000,1842.34912109375,310.5400695800781,434.8642578125,0.059050168842077255
cour9ula,RodentForwardModel_delay70_eff70-20260706-171304,emiwar-team/nnx-ppo-rodent-delays,891cd0d3,"ForwardModel,MLP,TrainEvalSplit,delay70,eff70,warp",pos_forward_model,position,forward_model,70,70,False,1.0,True,current_root,42,32,0.001,"(512, 512, 512, 512)","(512, 512, 512, 512)","(1024, 1024)",250,600064000,1856.4093017578125,278.7340087890625,437.6025390625,0.061541955918073654
d4w728ul,RodentForwardModel_delay100_eff100-20260706-171304,emiwar-team/nnx-ppo-rodent-delays,891cd0d3,"ForwardModel,MLP,TrainEvalSplit,delay100,eff100,warp",pos_forward_model,position,forward_model,100,100,False,1.0,True,current_root,42,32,0.001,"(512, 512, 512, 512)","(512, 512, 512, 512)","(1024, 1024)",250,600064000,1834.417724609375,319.46142578125,433.70703125,0.06112349405884743
734woltb,RodentEncDec_delay0_eff0-20260612-065718,emiwar-team/nnx-ppo-rodent-delays,1cd5838f,"EncDec,MLP,TrainEvalSplit,delay0,eff0,warp",torque_efference,torque,efference,0,0,True,,,current_root,42,32,0.001,"(512, 512, 512, 512)","(512, 512, 512, 512)","(1024, 1024)",250,600064000,2004.005615234375,142.3390350341797,446.1865234375,
ukzi7fjb,RodentEncDec_delay0_eff0-20260611-103104,emiwar-team/nnx-ppo-rodent-delays,1cd5838f,"EncDec,MLP,TrainEvalSplit,delay0,eff0,warp",torque_efference,torque,efference,0,0,True,,,current_root,42,32,0.001,"(512, 512, 512, 512)","(512, 512, 512, 512)","(1024, 1024)",250,600064000,2006.21875,135.2272186279297,446.3984375,
68b8d25g,RodentEncDec_delay1_eff1-20260611-103118,emiwar-team/nnx-ppo-rodent-delays,1cd5838f,"EncDec,MLP,TrainEvalSplit,delay1,eff1,warp",torque_efference,torque,efference,1,1,True,,,current_root,42,32,0.001,"(512, 512, 512, 512)","(512, 512, 512, 512)","(1024, 1024)",250,600064000,1984.201904296875,163.73997497558594,445.052734375,
n9982rin,RodentEncDec_delay2_eff2-20260611-103514,emiwar-team/nnx-ppo-rodent-delays,1cd5838f,"EncDec,MLP,TrainEvalSplit,delay2,eff2,warp",torque_efference,torque,efference,2,2,True,,,current_root,42,32,0.001,"(512, 512, 512, 512)","(512, 512, 512, 512)","(1024, 1024)",250,600064000,1968.72412109375,195.2876739501953,443.71875,
jir5btpe,RodentEncDec_delay3_eff3-20260611-120639,emiwar-team/nnx-ppo-rodent-delays,1cd5838f,"EncDec,MLP,TrainEvalSplit,delay3,eff3,warp",torque_efference,torque,efference,3,3,True,,,current_root,42,32,0.001,"(512, 512, 512, 512)","(512, 512, 512, 512)","(1024, 1024)",250,600064000,1961.134765625,201.85113525390625,443.0625,
nvyg0bhj,RodentEncDec_delay4_eff4-20260611-120639,emiwar-team/nnx-ppo-rodent-delays,1cd5838f,"EncDec,MLP,TrainEvalSplit,delay4,eff4,warp",torque_efference,torque,efference,4,4,True,,,current_root,42,32,0.001,"(512, 512, 512, 512)","(512, 512, 512, 512)","(1024, 1024)",250,600064000,1941.1436767578125,189.53216552734375,443.1787109375,
8ygr9sf4,RodentEncDec_delay5_eff5-20260611-120639,emiwar-team/nnx-ppo-rodent-delays,1cd5838f,"EncDec,MLP,TrainEvalSplit,delay5,eff5,warp",torque_efference,torque,efference,5,5,True,,,current_root,42,32,0.001,"(512, 512, 512, 512)","(512, 512, 512, 512)","(1024, 1024)",250,600064000,1905.016357421875,272.0177917480469,436.7861328125,
mgk9ejcb,RodentEncDec_delay6_eff6-20260611-120818,emiwar-team/nnx-ppo-rodent-delays,1cd5838f,"EncDec,MLP,TrainEvalSplit,delay6,eff6,warp",torque_efference,torque,efference,6,6,True,,,current_root,42,32,0.001,"(512, 512, 512, 512)","(512, 512, 512, 512)","(1024, 1024)",250,600064000,1896.0284423828125,259.7897644042969,437.6357421875,
a6929dxz,RodentEncDec_delay7_eff7-20260611-120818,emiwar-team/nnx-ppo-rodent-delays,1cd5838f,"EncDec,MLP,TrainEvalSplit,delay7,eff7,warp",torque_efference,torque,efference,7,7,True,,,current_root,42,32,0.001,"(512, 512, 512, 512)","(512, 512, 512, 512)","(1024, 1024)",250,600064000,1897.8070068359375,259.460205078125,439.384765625,
5d5tvuuv,RodentEncDec_delay8_eff8-20260611-120725,emiwar-team/nnx-ppo-rodent-delays,1cd5838f,"EncDec,MLP,TrainEvalSplit,delay8,eff8,warp",torque_efference,torque,efference,8,8,True,,,current_root,42,32,0.001,"(512, 512, 512, 512)","(512, 512, 512, 512)","(1024, 1024)",250,600064000,1865.0511474609375,290.9252014160156,435.0087890625,
u9j3se06,RodentEncDec_delay9_eff9-20260611-120839,emiwar-team/nnx-ppo-rodent-delays,1cd5838f,"EncDec,MLP,TrainEvalSplit,delay9,eff9,warp",torque_efference,torque,efference,9,9,True,,,current_root,42,32,0.001,"(512, 512, 512, 512)","(512, 512, 512, 512)","(1024, 1024)",250,600064000,1833.096435546875,331.099853515625,430.830078125,
k0i287kl,RodentEncDec_delay10_eff10-20260611-120848,emiwar-team/nnx-ppo-rodent-delays,1cd5838f,"EncDec,MLP,TrainEvalSplit,delay10,eff10,warp",torque_efference,torque,efference,10,10,True,,,current_root,42,32,0.001,"(512, 512, 512, 512)","(512, 512, 512, 512)","(1024, 1024)",250,600064000,1789.60986328125,376.0146789550781,423.0419921875,
xj1agjno,RodentEncDec_delay15_eff15-20260611-120902,emiwar-team/nnx-ppo-rodent-delays,1cd5838f,"EncDec,MLP,TrainEvalSplit,delay15,eff15,warp",torque_efference,torque,efference,15,15,True,,,current_root,42,32,0.001,"(512, 512, 512, 512)","(512, 512, 512, 512)","(1024, 1024)",250,600064000,1592.833984375,512.7891235351562,389.765625,
gunf0ivv,RodentEncDec_delay20_eff20-20260611-120904,emiwar-team/nnx-ppo-rodent-delays,1cd5838f,"EncDec,MLP,TrainEvalSplit,delay20,eff20,warp",torque_efference,torque,efference,20,20,True,,,current_root,42,32,0.001,"(512, 512, 512, 512)","(512, 512, 512, 512)","(1024, 1024)",250,600064000,1435.531005859375,590.2176513671875,363.3037109375,
w2498exh,RodentEncDec_delay30_eff30-20260611-120904,emiwar-team/nnx-ppo-rodent-delays,1cd5838f,"EncDec,MLP,TrainEvalSplit,delay30,eff30,warp",torque_efference,torque,efference,30,30,True,,,current_root,42,32,0.001,"(512, 512, 512, 512)","(512, 512, 512, 512)","(1024, 1024)",250,600064000,1327.683349609375,564.8617553710938,351.955078125,
rv3u3x7n,RodentEncDec_delay40_eff40-20260611-120905,emiwar-team/nnx-ppo-rodent-delays,1cd5838f,"EncDec,MLP,TrainEvalSplit,delay40,eff40,warp",torque_efference,torque,efference,40,40,True,,,current_root,42,32,0.001,"(512, 512, 512, 512)","(512, 512, 512, 512)","(1024, 1024)",250,600064000,1232.233642578125,572.444580078125,337.2822265625,
1w7nuehe,RodentEncDec_delay50_eff50-20260611-120955,emiwar-team/nnx-ppo-rodent-delays,1cd5838f,"EncDec,MLP,TrainEvalSplit,delay50,eff50,warp",torque_efference,torque,efference,50,50,True,,,current_root,42,32,0.001,"(512, 512, 512, 512)","(512, 512, 512, 512)","(1024, 1024)",250,600064000,1045.143310546875,559.1459350585938,296.958984375,
y7dh46ee,RodentEncDec_delay60_eff60-20260611-120954,emiwar-team/nnx-ppo-rodent-delays,1cd5838f,"EncDec,MLP,TrainEvalSplit,delay60,eff60,warp",torque_efference,torque,efference,60,60,True,,,current_root,42,32,0.001,"(512, 512, 512, 512)","(512, 512, 512, 512)","(1024, 1024)",250,600064000,992.5313110351562,530.5802001953125,284.494140625,
oe9lq9ej,RodentEncDec_delay70_eff70-20260611-120906,emiwar-team/nnx-ppo-rodent-delays,1cd5838f,"EncDec,MLP,TrainEvalSplit,delay70,eff70,warp",torque_efference,torque,efference,70,70,True,,,current_root,42,32,0.001,"(512, 512, 512, 512)","(512, 512, 512, 512)","(1024, 1024)",250,600064000,878.22802734375,466.50384521484375,256.2177734375,
fgt63dqc,RodentEncDec_delay80_eff80-20260611-120906,emiwar-team/nnx-ppo-rodent-delays,1cd5838f,"EncDec,MLP,TrainEvalSplit,delay80,eff80,warp",torque_efference,torque,efference,80,80,True,,,current_root,42,32,0.001,"(512, 512, 512, 512)","(512, 512, 512, 512)","(1024, 1024)",250,600064000,871.5228881835938,463.3311767578125,261.283203125,
2l2lwxl0,RodentEncDec_delay90_eff90-20260611-120905,emiwar-team/nnx-ppo-rodent-delays,1cd5838f,"EncDec,MLP,TrainEvalSplit,delay90,eff90,warp",torque_efference,torque,efference,90,90,True,,,current_root,42,32,0.001,"(512, 512, 512, 512)","(512, 512, 512, 512)","(1024, 1024)",250,600064000,789.737548828125,413.3051452636719,235.224609375,
fmypxy1t,RodentEncDec_delay100_eff100-20260611-120955,emiwar-team/nnx-ppo-rodent-delays,1cd5838f,"EncDec,MLP,TrainEvalSplit,delay100,eff100,warp",torque_efference,torque,efference,100,100,True,,,current_root,42,32,0.001,"(512, 512, 512, 512)","(512, 512, 512, 512)","(1024, 1024)",250,600064000,772.2216796875,408.118896484375,229.779296875,
oof7uath,RodentForwardModel_delay0_eff0-20260619-032834,emiwar-team/nnx-ppo-rodent-delays,54643764,"ForwardModel,MLP,TrainEvalSplit,delay0,eff0,warp",torque_forward_model,torque,forward_model,0,0,True,1.0,,current_root,42,32,0.001,"(512, 512, 512, 512)","(512, 512, 512, 512)","(1024, 1024)",250,600064000,1985.561767578125,137.70921325683594,446.412109375,
n360ngyz,RodentForwardModel_delay1_eff1-20260619-032834,emiwar-team/nnx-ppo-rodent-delays,54643764,"ForwardModel,MLP,TrainEvalSplit,delay1,eff1,warp",torque_forward_model,torque,forward_model,1,1,True,1.0,,current_root,42,32,0.001,"(512, 512, 512, 512)","(512, 512, 512, 512)","(1024, 1024)",250,600064000,1966.170654296875,165.7288360595703,444.765625,
cux09djh,RodentForwardModel_delay2_eff2-20260619-033003,emiwar-team/nnx-ppo-rodent-delays,54643764,"ForwardModel,MLP,TrainEvalSplit,delay2,eff2,warp",torque_forward_model,torque,forward_model,2,2,True,1.0,,current_root,42,32,0.001,"(512, 512, 512, 512)","(512, 512, 512, 512)","(1024, 1024)",250,600064000,1944.8040771484375,197.5319671630859,442.9287109375,
7mbhtcl1,RodentForwardModel_delay3_eff3-20260619-033153,emiwar-team/nnx-ppo-rodent-delays,54643764,"ForwardModel,MLP,TrainEvalSplit,delay3,eff3,warp",torque_forward_model,torque,forward_model,3,3,True,1.0,,current_root,42,32,0.001,"(512, 512, 512, 512)","(512, 512, 512, 512)","(1024, 1024)",250,600064000,1921.68408203125,215.3975372314453,441.646484375,
0v244yas,RodentForwardModel_delay4_eff4-20260619-033209,emiwar-team/nnx-ppo-rodent-delays,54643764,"ForwardModel,MLP,TrainEvalSplit,delay4,eff4,warp",torque_forward_model,torque,forward_model,4,4,True,1.0,,current_root,42,32,0.001,"(512, 512, 512, 512)","(512, 512, 512, 512)","(1024, 1024)",250,600064000,1829.670166015625,358.48358154296875,424.4609375,
nuqt0890,RodentForwardModel_delay5_eff5-20260619-033243,emiwar-team/nnx-ppo-rodent-delays,54643764,"ForwardModel,MLP,TrainEvalSplit,delay5,eff5,warp",torque_forward_model,torque,forward_model,5,5,True,1.0,,current_root,42,32,0.001,"(512, 512, 512, 512)","(512, 512, 512, 512)","(1024, 1024)",250,600064000,1902.5728759765625,229.8212890625,440.79296875,
oeb11ok2,RodentForwardModel_delay6_eff6-20260619-033349,emiwar-team/nnx-ppo-rodent-delays,54643764,"ForwardModel,MLP,TrainEvalSplit,delay6,eff6,warp",torque_forward_model,torque,forward_model,6,6,True,1.0,,current_root,42,32,0.001,"(512, 512, 512, 512)","(512, 512, 512, 512)","(1024, 1024)",250,600064000,1899.109619140625,238.67958068847656,440.880859375,
dcgsgytz,RodentForwardModel_delay7_eff7-20260619-033456,emiwar-team/nnx-ppo-rodent-delays,54643764,"ForwardModel,MLP,TrainEvalSplit,delay7,eff7,warp",torque_forward_model,torque,forward_model,7,7,True,1.0,,current_root,42,32,0.001,"(512, 512, 512, 512)","(512, 512, 512, 512)","(1024, 1024)",250,600064000,1899.5849609375,231.030517578125,441.1201171875,
4spnzcd6,RodentForwardModel_delay8_eff8-20260619-033515,emiwar-team/nnx-ppo-rodent-delays,54643764,"ForwardModel,MLP,TrainEvalSplit,delay8,eff8,warp",torque_forward_model,torque,forward_model,8,8,True,1.0,,current_root,42,32,0.001,"(512, 512, 512, 512)","(512, 512, 512, 512)","(1024, 1024)",250,600064000,1856.89404296875,286.3036193847656,434.419921875,
3h12kbno,RodentForwardModel_delay9_eff9-20260619-033655,emiwar-team/nnx-ppo-rodent-delays,54643764,"ForwardModel,MLP,TrainEvalSplit,delay9,eff9,warp",torque_forward_model,torque,forward_model,9,9,True,1.0,,current_root,42,32,0.001,"(512, 512, 512, 512)","(512, 512, 512, 512)","(1024, 1024)",250,600064000,1875.90234375,255.567626953125,438.853515625,
6rp2ntz7,RodentForwardModel_delay10_eff10-20260619-033822,emiwar-team/nnx-ppo-rodent-delays,54643764,"ForwardModel,MLP,TrainEvalSplit,delay10,eff10,warp",torque_forward_model,torque,forward_model,10,10,True,1.0,,current_root,42,32,0.001,"(512, 512, 512, 512)","(512, 512, 512, 512)","(1024, 1024)",250,600064000,1856.0142822265625,281.79296875,436.525390625,
lwf9q634,RodentForwardModel_delay12_eff12-20260619-033905,emiwar-team/nnx-ppo-rodent-delays,54643764,"ForwardModel,MLP,TrainEvalSplit,delay12,eff12,warp",torque_forward_model,torque,forward_model,12,12,True,1.0,,current_root,42,32,0.001,"(512, 512, 512, 512)","(512, 512, 512, 512)","(1024, 1024)",250,600064000,1739.9691162109375,447.7511291503906,412.904296875,
oelpm5vy,RodentForwardModel_delay15_eff15-20260619-034343,emiwar-team/nnx-ppo-rodent-delays,54643764,"ForwardModel,MLP,TrainEvalSplit,delay15,eff15,warp",torque_forward_model,torque,forward_model,15,15,True,1.0,,current_root,42,32,0.001,"(512, 512, 512, 512)","(512, 512, 512, 512)","(1024, 1024)",250,600064000,1665.438720703125,504.8869018554687,399.89453125,
bge1cw3s,RodentForwardModel_delay20_eff20-20260619-034701,emiwar-team/nnx-ppo-rodent-delays,54643764,"ForwardModel,MLP,TrainEvalSplit,delay20,eff20,warp",torque_forward_model,torque,forward_model,20,20,True,1.0,,current_root,42,32,0.001,"(512, 512, 512, 512)","(512, 512, 512, 512)","(1024, 1024)",250,600064000,1587.1820068359375,555.6929931640625,384.4345703125,
7wqiu7d3,RodentForwardModel_delay25_eff25-20260619-035219,emiwar-team/nnx-ppo-rodent-delays,54643764,"ForwardModel,MLP,TrainEvalSplit,delay25,eff25,warp",torque_forward_model,torque,forward_model,25,25,True,1.0,,current_root,42,32,0.001,"(512, 512, 512, 512)","(512, 512, 512, 512)","(1024, 1024)",250,600064000,1559.510498046875,553.2080078125,384.7099609375,
g6mz0mci,RodentForwardModel_delay30_eff30-20260619-035534,emiwar-team/nnx-ppo-rodent-delays,54643764,"ForwardModel,MLP,TrainEvalSplit,delay30,eff30,warp",torque_forward_model,torque,forward_model,30,30,True,1.0,,current_root,42,32,0.001,"(512, 512, 512, 512)","(512, 512, 512, 512)","(1024, 1024)",250,600064000,1501.1363525390625,579.9451904296875,372.8671875,
1j36ffre,RodentForwardModel_delay40_eff40-20260619-035659,emiwar-team/nnx-ppo-rodent-delays,54643764,"ForwardModel,MLP,TrainEvalSplit,delay40,eff40,warp",torque_forward_model,torque,forward_model,40,40,True,1.0,,current_root,42,32,0.001,"(512, 512, 512, 512)","(512, 512, 512, 512)","(1024, 1024)",250,600064000,1444.188720703125,560.1549072265625,370.2412109375,
29h53tbw,RodentForwardModel_delay50_eff50-20260619-040449,emiwar-team/nnx-ppo-rodent-delays,54643764,"ForwardModel,MLP,TrainEvalSplit,delay50,eff50,warp",torque_forward_model,torque,forward_model,50,50,True,1.0,,current_root,42,32,0.001,"(512, 512, 512, 512)","(512, 512, 512, 512)","(1024, 1024)",250,600064000,1345.9512939453125,589.0496826171875,352.9619140625,
rmeykqfj,RodentForwardModel_delay60_eff60-20260619-040528,emiwar-team/nnx-ppo-rodent-delays,54643764,"ForwardModel,MLP,TrainEvalSplit,delay60,eff60,warp",torque_forward_model,torque,forward_model,60,60,True,1.0,,current_root,42,32,0.001,"(512, 512, 512, 512)","(512, 512, 512, 512)","(1024, 1024)",250,600064000,1293.4940185546875,588.5738525390625,342.857421875,
5chxtk59,RodentForwardModel_delay70_eff70-20260619-040722,emiwar-team/nnx-ppo-rodent-delays,54643764,"ForwardModel,MLP,TrainEvalSplit,delay70,eff70,warp",torque_forward_model,torque,forward_model,70,70,True,1.0,,current_root,42,32,0.001,"(512, 512, 512, 512)","(512, 512, 512, 512)","(1024, 1024)",250,600064000,1196.955810546875,577.099853515625,326.1318359375,
3wnn9itz,RodentForwardModel_delay80_eff80-20260619-040733,emiwar-team/nnx-ppo-rodent-delays,54643764,"ForwardModel,MLP,TrainEvalSplit,delay80,eff80,warp",torque_forward_model,torque,forward_model,80,80,True,1.0,,current_root,42,32,0.001,"(512, 512, 512, 512)","(512, 512, 512, 512)","(1024, 1024)",250,600064000,1211.232666015625,572.9645385742188,332.6005859375,
zu36pzzv,RodentForwardModel_delay90_eff90-20260619-041422,emiwar-team/nnx-ppo-rodent-delays,54643764,"ForwardModel,MLP,TrainEvalSplit,delay90,eff90,warp",torque_forward_model,torque,forward_model,90,90,True,1.0,,current_root,42,32,0.001,"(512, 512, 512, 512)","(512, 512, 512, 512)","(1024, 1024)",250,600064000,1163.7845458984375,552.7642822265625,325.5302734375,
4dgvazws,RodentForwardModel_delay100_eff100-20260619-041703,emiwar-team/nnx-ppo-rodent-delays,54643764,"ForwardModel,MLP,TrainEvalSplit,delay100,eff100,warp",torque_forward_model,torque,forward_model,100,100,True,1.0,,current_root,42,32,0.001,"(512, 512, 512, 512)","(512, 512, 512, 512)","(1024, 1024)",250,600064000,1126.962646484375,545.8890991210938,320.2353515625,
