condition,wandb_id,wandb_name,created_at,state
expfm_2g,3dfjggpw,RodentForwardModel_delay20_eff20-20260813-074628,2026-08-13T11:46:32Z,finished
expfm_2g,7wpzx8cl,RodentForwardModel_delay50_eff50-20260813-074948,2026-08-13T11:49:49Z,finished
expfm_2g,dgv264dt,RodentForwardModel_delay0_eff0-20260813-073550,2026-08-13T11:35:59Z,finished
expfm_2g,itedqjyt,RodentForwardModel_delay10_eff10-20260813-074327,2026-08-13T11:43:29Z,finished
expfm_4g,5282izw1,RodentForwardModel_delay50_eff50-20260818-223722,2026-08-19T02:37:33Z,finished
expfm_4g,eqr1acos,RodentForwardModel_delay30_eff30-20260818-043638,2026-08-18T08:36:49Z,crashed
expfm_4g,gla1tfc5,RodentForwardModel_delay20_eff20-20260818-034224,2026-08-18T07:42:36Z,finished
expfm_4g,macs28xu,RodentForwardModel_delay40_eff40-20260818-223722,2026-08-19T02:37:33Z,finished
expfm_4g,vvcvtmzl,RodentForwardModel_delay30_eff30-20260819-015223,2026-08-19T05:52:33Z,running
expfm_600m,25io6a70,RodentForwardModel_delay10_eff10-20260811-174250,2026-08-11T21:42:52Z,failed
expfm_600m,2696la26,RodentForwardModel_delay7_eff7-20260811-173808,2026-08-11T21:38:09Z,failed
expfm_600m,3osnm0o6,RodentForwardModel_delay25_eff25-20260811-175025,2026-08-11T21:50:26Z,failed
expfm_600m,48icppj0,RodentForwardModel_delay20_eff20-20260811-174441,2026-08-11T21:44:43Z,failed
expfm_600m,6cbzq5on,RodentForwardModel_delay50_eff50-20260811-180113,2026-08-11T22:01:16Z,failed
expfm_600m,6ugicoso,RodentForwardModel_delay30_eff30-20260811-175615,2026-08-11T21:56:21Z,failed
expfm_600m,7c6xmp09,RodentForwardModel_delay9_eff9-20260811-173842,2026-08-11T21:38:43Z,failed
expfm_600m,co9cu5aw,RodentForwardModel_delay3_eff3-20260811-163204,2026-08-11T20:32:06Z,failed
expfm_600m,czsyqfjy,RodentForwardModel_delay70_eff70-20260811-180332,2026-08-11T22:03:34Z,failed
expfm_600m,eq25n7dm,RodentForwardModel_delay4_eff4-20260811-173716,2026-08-11T21:37:20Z,failed
expfm_600m,f0a0360u,RodentForwardModel_delay100_eff100-20260811-181425,2026-08-11T22:14:26Z,failed
expfm_600m,j2bmags2,RodentForwardModel_delay5_eff5-20260811-173716,2026-08-11T21:37:20Z,failed
expfm_600m,m5fbx6tq,RodentForwardModel_delay6_eff6-20260811-173748,2026-08-11T21:37:49Z,failed
expfm_600m,q7e7028r,RodentForwardModel_delay0_eff0-20260811-162018,2026-08-11T20:20:34Z,failed
expfm_600m,qqzdghe9,RodentForwardModel_delay40_eff40-20260811-175614,2026-08-11T21:56:21Z,failed
expfm_600m,qubjc67b,RodentForwardModel_delay80_eff80-20260811-181325,2026-08-11T22:13:28Z,failed
expfm_600m,t4lisyr9,RodentForwardModel_delay8_eff8-20260811-173834,2026-08-11T21:38:35Z,failed
expfm_600m,tuakxoap,RodentForwardModel_delay60_eff60-20260811-180332,2026-08-11T22:03:34Z,failed
expfm_600m,vxo6rooq,RodentForwardModel_delay90_eff90-20260811-181317,2026-08-11T22:13:21Z,failed
expfm_600m,wdnsv6wt,RodentForwardModel_delay1_eff1-20260811-163030,2026-08-11T20:30:32Z,failed
expfm_600m,yws4x1hj,RodentForwardModel_delay15_eff15-20260811-174441,2026-08-11T21:44:43Z,failed
expfm_600m,zgwma7ta,RodentForwardModel_delay2_eff2-20260811-163022,2026-08-11T20:30:29Z,failed
expfm_600m,zq4rpcds,RodentForwardModel_delay12_eff12-20260811-174307,2026-08-11T21:43:09Z,failed
pgfm_2g,1dbmh27r,RodentForwardModel_delay10_eff10_nodetach-20260813-064420,2026-08-13T10:44:30Z,finished
pgfm_2g,6jz9o5p4,RodentForwardModel_delay50_eff50_nodetach-20260813-070412,2026-08-13T11:04:14Z,finished
pgfm_2g,nsfdsuk2,RodentForwardModel_delay0_eff0_nodetach-20260813-064425,2026-08-13T10:44:30Z,finished
pgfm_2g,x1wjdvt9,RodentForwardModel_delay20_eff20_nodetach-20260813-070304,2026-08-13T11:03:09Z,finished
pgfm_4g,2pk2qbb4,RodentForwardModel_delay20_eff20_nodetach-20260819-010920,2026-08-19T05:09:23Z,running
pgfm_4g,4298lhzu,RodentForwardModel_delay30_eff30_nodetach-20260819-010613,2026-08-19T05:06:24Z,finished
pgfm_4g,eaj28ijq,RodentForwardModel_delay40_eff40_nodetach-20260819-005044,2026-08-19T04:50:58Z,finished
pgfm_4g,hrchcmls,RodentForwardModel_delay50_eff50_nodetach-20260818-223722,2026-08-19T02:37:33Z,finished
pgfm_4g,jhghg9vt,RodentForwardModel_delay20_eff20_nodetach-20260814-183946,2026-08-14T22:39:57Z,crashed
pgfm_600m,16qfobwj,RodentForwardModel_delay100_eff100_nodetach-20260813-054949,2026-08-13T09:50:04Z,finished
pgfm_600m,7qsntx62,RodentForwardModel_delay3_eff3_nodetach-20260812-091605,2026-08-12T13:16:07Z,finished
pgfm_600m,8ghybcam,RodentForwardModel_delay15_eff15_nodetach-20260812-100615,2026-08-12T14:06:16Z,crashed
pgfm_600m,cgs8q5gj,RodentForwardModel_delay10_eff10_nodetach-20260812-072521,2026-08-12T11:25:23Z,finished
pgfm_600m,efc0z8fe,RodentForwardModel_delay0_eff0_nodetach-20260812-072126,2026-08-12T11:21:32Z,finished
pgfm_600m,jbok6wg3,RodentForwardModel_delay100_eff100_nodetach-20260812-101059,2026-08-12T14:11:00Z,crashed
pgfm_600m,jr2fxeil,RodentForwardModel_delay70_eff70_nodetach-20260812-100839,2026-08-12T14:08:40Z,crashed
pgfm_600m,jtjbb7u6,RodentForwardModel_delay2_eff2_nodetach-20260812-084447,2026-08-12T12:44:50Z,finished
pgfm_600m,k4cwiv1u,RodentForwardModel_delay15_eff15_nodetach-20260813-060058,2026-08-13T10:01:00Z,finished
pgfm_600m,kwk401pl,RodentForwardModel_delay10_eff10_nodetach-20260812-100602,2026-08-12T14:06:07Z,finished
pgfm_600m,lxgp2zfn,RodentForwardModel_delay50_eff50_nodetach-20260812-100615,2026-08-12T14:06:17Z,finished
pgfm_600m,mwaeczx8,RodentForwardModel_delay1_eff1_nodetach-20260812-074056,2026-08-12T11:40:58Z,finished
pgfm_600m,tb05rkir,RodentForwardModel_delay70_eff70_nodetach-20260813-055608,2026-08-13T09:56:10Z,finished
pgfm_600m,th9oxbti,RodentForwardModel_delay5_eff5_nodetach-20260812-092359,2026-08-12T13:24:00Z,finished
pgfm_600m,via4qt5i,RodentForwardModel_delay30_eff30_nodetach-20260812-100615,2026-08-12T14:06:16Z,finished
pgfm_600m,yt776s6d,RodentForwardModel_delay20_eff20_nodetach-20260812-100615,2026-08-12T14:06:16Z,finished
