run_name,condition,network_class,dataset,delay_k,efference_length,step,proprio_size,probe,target,test_r2,val_r2,lambda,n_train,n_test,n_features
RodentEncDec_delay0_eff0-20260629-090548,efference,RodentEncDecDelays,old_eval,0,0,600064000,277,input::current_proprio,delta,,-inf,1.0,57019,24990,277
RodentEncDec_delay5_eff5-20260623-085807,efference,RodentEncDecDelays,old_eval,5,5,600064000,277,input::current_proprio,delta,0.6065150766374438,0.5575253284280275,1.0,54687,23992,277
RodentEncDec_delay10_eff10-20260611-120848,efference,RodentEncDecDelays,old_eval,10,10,600064000,277,input::current_proprio,delta,0.5313984090467423,0.500934645849276,100.0,49173,18907,277
RodentEncDec_delay20_eff20-20260626-084448,efference,RodentEncDecDelays,old_eval,20,20,600064000,277,input::current_proprio,delta,0.5575265630293746,0.5181238443790199,100.0,36353,14130,277
RodentEncDec_delay0_eff0-20260629-090548,efference,RodentEncDecDelays,old_eval,0,0,600064000,277,input::delayed_proprio,delta,,-inf,1.0,57019,24990,277
RodentEncDec_delay5_eff5-20260623-085807,efference,RodentEncDecDelays,old_eval,5,5,600064000,277,input::delayed_proprio,delta,0.5891834228714782,0.5505709587024966,100.0,54687,23992,277
RodentEncDec_delay10_eff10-20260611-120848,efference,RodentEncDecDelays,old_eval,10,10,600064000,277,input::delayed_proprio,delta,0.5087064433673147,0.4914855248904304,100.0,49173,18907,277
RodentEncDec_delay20_eff20-20260626-084448,efference,RodentEncDecDelays,old_eval,20,20,600064000,277,input::delayed_proprio,delta,0.5264216390857167,0.48083293490034873,100.0,36353,14130,277
RodentEncDec_delay0_eff0-20260629-090548,efference,RodentEncDecDelays,old_eval,0,0,600064000,277,layer::0/state/proprioception,delta,,-inf,1.0,57019,24990,277
RodentEncDec_delay5_eff5-20260623-085807,efference,RodentEncDecDelays,old_eval,5,5,600064000,277,layer::0/state/proprioception,delta,0.6064915659940346,0.5575116077194535,1.0,54687,23992,277
RodentEncDec_delay10_eff10-20260611-120848,efference,RodentEncDecDelays,old_eval,10,10,600064000,277,layer::0/state/proprioception,delta,0.5313971261801131,0.5009263473827531,100.0,49173,18907,277
RodentEncDec_delay20_eff20-20260626-084448,efference,RodentEncDecDelays,old_eval,20,20,600064000,277,layer::0/state/proprioception,delta,0.5575271446982848,0.5181222634597606,100.0,36353,14130,277
RodentEncDec_delay0_eff0-20260629-090548,efference,RodentEncDecDelays,old_eval,0,0,600064000,277,layer::0/state/task_obs,delta,,-inf,1.0,57019,24990,640
RodentEncDec_delay5_eff5-20260623-085807,efference,RodentEncDecDelays,old_eval,5,5,600064000,277,layer::0/state/task_obs,delta,0.0072256612997827485,0.0010503202413381096,1000.0,54687,23992,640
RodentEncDec_delay10_eff10-20260611-120848,efference,RodentEncDecDelays,old_eval,10,10,600064000,277,layer::0/state/task_obs,delta,0.007566595675862153,0.0026779698074954617,1000.0,49173,18907,640
RodentEncDec_delay20_eff20-20260626-084448,efference,RodentEncDecDelays,old_eval,20,20,600064000,277,layer::0/state/task_obs,delta,0.007132066225779554,-0.001865608719631373,1000.0,36353,14130,640
RodentEncDec_delay0_eff0-20260629-090548,efference,RodentEncDecDelays,old_eval,0,0,600064000,277,layer::1/state/proprioception,delta,,-inf,1.0,57019,24990,277
RodentEncDec_delay5_eff5-20260623-085807,efference,RodentEncDecDelays,old_eval,5,5,600064000,277,layer::1/state/proprioception,delta,0.6065019345717995,0.5575216981572173,1.0,54687,23992,277
RodentEncDec_delay10_eff10-20260611-120848,efference,RodentEncDecDelays,old_eval,10,10,600064000,277,layer::1/state/proprioception,delta,0.5313984918123313,0.5009337017123663,100.0,49173,18907,277
RodentEncDec_delay20_eff20-20260626-084448,efference,RodentEncDecDelays,old_eval,20,20,600064000,277,layer::1/state/proprioception,delta,0.5575265182856124,0.5181217364866741,100.0,36353,14130,277
RodentEncDec_delay0_eff0-20260629-090548,efference,RodentEncDecDelays,old_eval,0,0,600064000,277,layer::1/state/task_obs,delta,,-inf,1.0,57019,24990,640
RodentEncDec_delay5_eff5-20260623-085807,efference,RodentEncDecDelays,old_eval,5,5,600064000,277,layer::1/state/task_obs,delta,0.007219090266960548,0.0010539790969578133,1000.0,54687,23992,640
RodentEncDec_delay10_eff10-20260611-120848,efference,RodentEncDecDelays,old_eval,10,10,600064000,277,layer::1/state/task_obs,delta,0.007566430144684166,0.0026786654873237614,1000.0,49173,18907,640
RodentEncDec_delay20_eff20-20260626-084448,efference,RodentEncDecDelays,old_eval,20,20,600064000,277,layer::1/state/task_obs,delta,0.00713099237548398,-0.0018657327132989288,1000.0,36353,14130,640
RodentEncDec_delay0_eff0-20260629-090548,efference,RodentEncDecDelays,old_eval,0,0,600064000,277,layer::2/proprioception,delta,,-inf,1.0,57019,24990,277
RodentEncDec_delay5_eff5-20260623-085807,efference,RodentEncDecDelays,old_eval,5,5,600064000,277,layer::2/proprioception,delta,0.6065019345717995,0.5575216981572173,1.0,54687,23992,277
RodentEncDec_delay10_eff10-20260611-120848,efference,RodentEncDecDelays,old_eval,10,10,600064000,277,layer::2/proprioception,delta,0.5313984918123313,0.5009337017123663,100.0,49173,18907,277
RodentEncDec_delay20_eff20-20260626-084448,efference,RodentEncDecDelays,old_eval,20,20,600064000,277,layer::2/proprioception,delta,0.5575265182856124,0.5181217364866741,100.0,36353,14130,277
RodentEncDec_delay0_eff0-20260629-090548,efference,RodentEncDecDelays,old_eval,0,0,600064000,277,layer::2/task_obs,delta,,-inf,1.0,57019,24990,640
RodentEncDec_delay5_eff5-20260623-085807,efference,RodentEncDecDelays,old_eval,5,5,600064000,277,layer::2/task_obs,delta,0.007219090266960548,0.0010539790969578133,1000.0,54687,23992,640
RodentEncDec_delay10_eff10-20260611-120848,efference,RodentEncDecDelays,old_eval,10,10,600064000,277,layer::2/task_obs,delta,0.007566430144684166,0.0026786654873237614,1000.0,49173,18907,640
RodentEncDec_delay20_eff20-20260626-084448,efference,RodentEncDecDelays,old_eval,20,20,600064000,277,layer::2/task_obs,delta,0.00713099237548398,-0.0018657327132989288,1000.0,36353,14130,640
RodentEncDec_delay0_eff0-20260629-090548,efference,RodentEncDecDelays,old_eval,0,0,600064000,277,layer::3/action/0/proprioception/0,delta,,-inf,1.0,57019,24990,277
RodentEncDec_delay5_eff5-20260623-085807,efference,RodentEncDecDelays,old_eval,5,5,600064000,277,layer::3/action/0/proprioception/0,delta,0.6065019345717995,0.5575216981572173,1.0,54687,23992,277
RodentEncDec_delay10_eff10-20260611-120848,efference,RodentEncDecDelays,old_eval,10,10,600064000,277,layer::3/action/0/proprioception/0,delta,0.5313984918123313,0.5009337017123663,100.0,49173,18907,277
RodentEncDec_delay20_eff20-20260626-084448,efference,RodentEncDecDelays,old_eval,20,20,600064000,277,layer::3/action/0/proprioception/0,delta,0.5575265182856124,0.5181217364866741,100.0,36353,14130,277
RodentEncDec_delay5_eff5-20260623-085807,efference,RodentEncDecDelays,old_eval,5,5,600064000,277,layer::3/action/0/proprioception/1,delta,0.5891831241881681,0.5505697581404965,100.0,54687,23992,277
RodentEncDec_delay10_eff10-20260611-120848,efference,RodentEncDecDelays,old_eval,10,10,600064000,277,layer::3/action/0/proprioception/1,delta,0.5087044569931791,0.4914845310621043,100.0,49173,18907,277
RodentEncDec_delay20_eff20-20260626-084448,efference,RodentEncDecDelays,old_eval,20,20,600064000,277,layer::3/action/0/proprioception/1,delta,0.5264197151039371,0.48083274890984773,100.0,36353,14130,277
RodentEncDec_delay0_eff0-20260629-090548,efference,RodentEncDecDelays,old_eval,0,0,600064000,277,layer::3/action/0/task_obs/0,delta,,-inf,1.0,57019,24990,640
RodentEncDec_delay5_eff5-20260623-085807,efference,RodentEncDecDelays,old_eval,5,5,600064000,277,layer::3/action/0/task_obs/0,delta,0.007219090266960548,0.0010539790969578133,1000.0,54687,23992,640
RodentEncDec_delay10_eff10-20260611-120848,efference,RodentEncDecDelays,old_eval,10,10,600064000,277,layer::3/action/0/task_obs/0,delta,0.007566430144684166,0.0026786654873237614,1000.0,49173,18907,640
RodentEncDec_delay20_eff20-20260626-084448,efference,RodentEncDecDelays,old_eval,20,20,600064000,277,layer::3/action/0/task_obs/0,delta,0.00713099237548398,-0.0018657327132989288,1000.0,36353,14130,640
RodentEncDec_delay0_eff0-20260629-090548,efference,RodentEncDecDelays,old_eval,0,0,600064000,277,layer::3/action/0/task_obs/1,delta,,-inf,1.0,57019,24990,512
RodentEncDec_delay5_eff5-20260623-085807,efference,RodentEncDecDelays,old_eval,5,5,600064000,277,layer::3/action/0/task_obs/1,delta,0.0079418185393072,-0.030636169800171587,1000.0,54687,23992,512
RodentEncDec_delay10_eff10-20260611-120848,efference,RodentEncDecDelays,old_eval,10,10,600064000,277,layer::3/action/0/task_obs/1,delta,0.008324231877398391,-0.01695471124317982,1000.0,49173,18907,512
RodentEncDec_delay20_eff20-20260626-084448,efference,RodentEncDecDelays,old_eval,20,20,600064000,277,layer::3/action/0/task_obs/1,delta,0.014030033087117366,-0.03571711985525483,1000.0,36353,14130,512
RodentEncDec_delay0_eff0-20260629-090548,efference,RodentEncDecDelays,old_eval,0,0,600064000,277,layer::3/action/0/task_obs/2,delta,,-inf,1.0,57019,24990,512
RodentEncDec_delay5_eff5-20260623-085807,efference,RodentEncDecDelays,old_eval,5,5,600064000,277,layer::3/action/0/task_obs/2,delta,0.007191867416697417,-0.0613029825161584,1000.0,54687,23992,512
RodentEncDec_delay10_eff10-20260611-120848,efference,RodentEncDecDelays,old_eval,10,10,600064000,277,layer::3/action/0/task_obs/2,delta,0.009559425527357557,-0.035939614990906366,1000.0,49173,18907,512
RodentEncDec_delay20_eff20-20260626-084448,efference,RodentEncDecDelays,old_eval,20,20,600064000,277,layer::3/action/0/task_obs/2,delta,0.012266144489062936,-0.06794728979601561,1000.0,36353,14130,512
RodentEncDec_delay0_eff0-20260629-090548,efference,RodentEncDecDelays,old_eval,0,0,600064000,277,layer::3/action/0/task_obs/3,delta,,-inf,1.0,57019,24990,512
RodentEncDec_delay5_eff5-20260623-085807,efference,RodentEncDecDelays,old_eval,5,5,600064000,277,layer::3/action/0/task_obs/3,delta,0.015232422124513922,-0.034319837034570755,1000.0,54687,23992,512
RodentEncDec_delay10_eff10-20260611-120848,efference,RodentEncDecDelays,old_eval,10,10,600064000,277,layer::3/action/0/task_obs/3,delta,0.017658038409192445,-0.025219983899981147,1000.0,49173,18907,512
RodentEncDec_delay20_eff20-20260626-084448,efference,RodentEncDecDelays,old_eval,20,20,600064000,277,layer::3/action/0/task_obs/3,delta,0.033713530030491934,-0.054383374532295914,1000.0,36353,14130,512
RodentEncDec_delay0_eff0-20260629-090548,efference,RodentEncDecDelays,old_eval,0,0,600064000,277,layer::3/action/0/task_obs/4,delta,,-inf,1.0,57019,24990,512
RodentEncDec_delay5_eff5-20260623-085807,efference,RodentEncDecDelays,old_eval,5,5,600064000,277,layer::3/action/0/task_obs/4,delta,0.01912520437405496,-0.02687429452690071,1000.0,54687,23992,512
RodentEncDec_delay10_eff10-20260611-120848,efference,RodentEncDecDelays,old_eval,10,10,600064000,277,layer::3/action/0/task_obs/4,delta,0.015366259250296,-0.019514813011200394,1000.0,49173,18907,512
RodentEncDec_delay20_eff20-20260626-084448,efference,RodentEncDecDelays,old_eval,20,20,600064000,277,layer::3/action/0/task_obs/4,delta,0.042001685587014004,-0.03633225243920335,1000.0,36353,14130,512
RodentEncDec_delay0_eff0-20260629-090548,efference,RodentEncDecDelays,old_eval,0,0,600064000,277,layer::3/action/0/task_obs/5,delta,,-inf,1.0,57019,24990,64
RodentEncDec_delay5_eff5-20260623-085807,efference,RodentEncDecDelays,old_eval,5,5,600064000,277,layer::3/action/0/task_obs/5,delta,0.016654752047196797,0.002692689057643416,1000.0,54687,23992,64
RodentEncDec_delay10_eff10-20260611-120848,efference,RodentEncDecDelays,old_eval,10,10,600064000,277,layer::3/action/0/task_obs/5,delta,0.024592470516414222,0.010823983065165299,1000.0,49173,18907,64
RodentEncDec_delay20_eff20-20260626-084448,efference,RodentEncDecDelays,old_eval,20,20,600064000,277,layer::3/action/0/task_obs/5,delta,0.037839978766400106,0.002701078050541761,1000.0,36353,14130,64
RodentEncDec_delay0_eff0-20260629-090548,efference,RodentEncDecDelays,old_eval,0,0,600064000,277,layer::3/action/0/task_obs/6,delta,,-inf,1.0,57019,24990,32
RodentEncDec_delay5_eff5-20260623-085807,efference,RodentEncDecDelays,old_eval,5,5,600064000,277,layer::3/action/0/task_obs/6,delta,0.011433341096254823,0.002847847403767534,1000.0,54687,23992,32
RodentEncDec_delay10_eff10-20260611-120848,efference,RodentEncDecDelays,old_eval,10,10,600064000,277,layer::3/action/0/task_obs/6,delta,0.01664747056772886,0.007770346150405949,1000.0,49173,18907,32
RodentEncDec_delay20_eff20-20260626-084448,efference,RodentEncDecDelays,old_eval,20,20,600064000,277,layer::3/action/0/task_obs/6,delta,0.02303874219198976,0.007818544691285512,1000.0,36353,14130,32
RodentEncDec_delay0_eff0-20260629-090548,efference,RodentEncDecDelays,old_eval,0,0,600064000,277,layer::3/action/1/0,delta,,-inf,1.0,57019,24990,512
RodentEncDec_delay5_eff5-20260623-085807,efference,RodentEncDecDelays,old_eval,5,5,600064000,277,layer::3/action/1/0,delta,0.6311410461954701,0.5515226327661498,100.0,54687,23992,512
RodentEncDec_delay10_eff10-20260611-120848,efference,RodentEncDecDelays,old_eval,10,10,600064000,277,layer::3/action/1/0,delta,0.6217173925926123,0.557706095149124,100.0,49173,18907,512
RodentEncDec_delay20_eff20-20260626-084448,efference,RodentEncDecDelays,old_eval,20,20,600064000,277,layer::3/action/1/0,delta,0.5485559308662339,0.4573705431716192,1000.0,36353,14130,512
RodentEncDec_delay0_eff0-20260629-090548,efference,RodentEncDecDelays,old_eval,0,0,600064000,277,layer::3/action/1/1,delta,,-inf,1.0,57019,24990,512
RodentEncDec_delay5_eff5-20260623-085807,efference,RodentEncDecDelays,old_eval,5,5,600064000,277,layer::3/action/1/1,delta,0.43664470434064506,0.3513728254963695,1000.0,54687,23992,512
RodentEncDec_delay10_eff10-20260611-120848,efference,RodentEncDecDelays,old_eval,10,10,600064000,277,layer::3/action/1/1,delta,0.4108469353061118,0.3348932131463611,1000.0,49173,18907,512
RodentEncDec_delay20_eff20-20260626-084448,efference,RodentEncDecDelays,old_eval,20,20,600064000,277,layer::3/action/1/1,delta,0.3944443191619099,0.2834012281324768,1000.0,36353,14130,512
RodentEncDec_delay0_eff0-20260629-090548,efference,RodentEncDecDelays,old_eval,0,0,600064000,277,layer::3/action/1/2,delta,,-inf,1.0,57019,24990,512
RodentEncDec_delay5_eff5-20260623-085807,efference,RodentEncDecDelays,old_eval,5,5,600064000,277,layer::3/action/1/2,delta,0.36846981212051755,0.2894753932812434,1000.0,54687,23992,512
RodentEncDec_delay10_eff10-20260611-120848,efference,RodentEncDecDelays,old_eval,10,10,600064000,277,layer::3/action/1/2,delta,0.3260435333755548,0.2611993520239314,1000.0,49173,18907,512
RodentEncDec_delay20_eff20-20260626-084448,efference,RodentEncDecDelays,old_eval,20,20,600064000,277,layer::3/action/1/2,delta,0.33916299812559436,0.2432265979311905,1000.0,36353,14130,512
RodentEncDec_delay0_eff0-20260629-090548,efference,RodentEncDecDelays,old_eval,0,0,600064000,277,layer::3/action/1/3,delta,,-inf,1.0,57019,24990,512
RodentEncDec_delay5_eff5-20260623-085807,efference,RodentEncDecDelays,old_eval,5,5,600064000,277,layer::3/action/1/3,delta,0.3378417161079994,0.25638950530442595,1000.0,54687,23992,512
RodentEncDec_delay10_eff10-20260611-120848,efference,RodentEncDecDelays,old_eval,10,10,600064000,277,layer::3/action/1/3,delta,0.30184312345414566,0.23143990817026272,1000.0,49173,18907,512
RodentEncDec_delay20_eff20-20260626-084448,efference,RodentEncDecDelays,old_eval,20,20,600064000,277,layer::3/action/1/3,delta,0.31658082128428555,0.21334412408889458,1000.0,36353,14130,512
RodentEncDec_delay0_eff0-20260629-090548,efference,RodentEncDecDelays,old_eval,0,0,600064000,277,layer::3/action/1/4,delta,,-inf,1.0,57019,24990,76
RodentEncDec_delay5_eff5-20260623-085807,efference,RodentEncDecDelays,old_eval,5,5,600064000,277,layer::3/action/1/4,delta,0.22888025248468247,0.1826244605474746,1000.0,54687,23992,76
RodentEncDec_delay10_eff10-20260611-120848,efference,RodentEncDecDelays,old_eval,10,10,600064000,277,layer::3/action/1/4,delta,0.2102381695694766,0.16053050556046944,1000.0,49173,18907,76
RodentEncDec_delay20_eff20-20260626-084448,efference,RodentEncDecDelays,old_eval,20,20,600064000,277,layer::3/action/1/4,delta,0.2271660500081344,0.1567791429756099,1000.0,36353,14130,76
RodentEncDec_delay0_eff0-20260629-090548,efference,RodentEncDecDelays,old_eval,0,0,600064000,277,layer::3/action/1/5/action,delta,,-inf,1.0,57019,24990,38
RodentEncDec_delay5_eff5-20260623-085807,efference,RodentEncDecDelays,old_eval,5,5,600064000,277,layer::3/action/1/5/action,delta,0.20429537321631663,0.16468680653252077,1000.0,54687,23992,38
RodentEncDec_delay10_eff10-20260611-120848,efference,RodentEncDecDelays,old_eval,10,10,600064000,277,layer::3/action/1/5/action,delta,0.18351191940353162,0.1448211605927192,1000.0,49173,18907,38
RodentEncDec_delay20_eff20-20260626-084448,efference,RodentEncDecDelays,old_eval,20,20,600064000,277,layer::3/action/1/5/action,delta,0.19657992998854024,0.1430753008582346,1000.0,36353,14130,38
RodentEncDec_delay0_eff0-20260629-090548,efference,RodentEncDecDelays,old_eval,0,0,600064000,277,layer::3/action/1/5/log_likelihood,delta,,-inf,1.0,57019,24990,1
RodentEncDec_delay5_eff5-20260623-085807,efference,RodentEncDecDelays,old_eval,5,5,600064000,277,layer::3/action/1/5/log_likelihood,delta,0.00022247639697814403,0.00015778814860079038,1000.0,54687,23992,1
RodentEncDec_delay10_eff10-20260611-120848,efference,RodentEncDecDelays,old_eval,10,10,600064000,277,layer::3/action/1/5/log_likelihood,delta,0.00016106183615793856,0.00011180568668567314,1000.0,49173,18907,1
RodentEncDec_delay20_eff20-20260626-084448,efference,RodentEncDecDelays,old_eval,20,20,600064000,277,layer::3/action/1/5/log_likelihood,delta,0.0005562544531229063,0.00025090118597459465,1000.0,36353,14130,1
RodentEncDec_delay0_eff0-20260629-090548,efference,RodentEncDecDelays,old_eval,0,0,600064000,277,layer::3/value/0,delta,,-inf,1.0,57019,24990,917
RodentEncDec_delay5_eff5-20260623-085807,efference,RodentEncDecDelays,old_eval,5,5,600064000,277,layer::3/value/0,delta,0.6047739662847986,0.555913145170585,1000.0,54687,23992,917
RodentEncDec_delay10_eff10-20260611-120848,efference,RodentEncDecDelays,old_eval,10,10,600064000,277,layer::3/value/0,delta,0.5311287173750463,0.4984167320936982,100.0,49173,18907,917
RodentEncDec_delay20_eff20-20260626-084448,efference,RodentEncDecDelays,old_eval,20,20,600064000,277,layer::3/value/0,delta,0.5560489450226234,0.5149542562562245,1000.0,36353,14130,917
RodentEncDec_delay0_eff0-20260629-090548,efference,RodentEncDecDelays,old_eval,0,0,600064000,277,layer::3/value/1,delta,,-inf,1.0,57019,24990,1024
RodentEncDec_delay5_eff5-20260623-085807,efference,RodentEncDecDelays,old_eval,5,5,600064000,277,layer::3/value/1,delta,0.2408348386261011,0.0964979720792728,1000.0,54687,23992,1024
RodentEncDec_delay10_eff10-20260611-120848,efference,RodentEncDecDelays,old_eval,10,10,600064000,277,layer::3/value/1,delta,0.21510859341867905,0.08931853191679673,1000.0,49173,18907,1024
RodentEncDec_delay20_eff20-20260626-084448,efference,RodentEncDecDelays,old_eval,20,20,600064000,277,layer::3/value/1,delta,0.1999629163697918,0.0460443044252844,1000.0,36353,14130,1024
RodentEncDec_delay0_eff0-20260629-090548,efference,RodentEncDecDelays,old_eval,0,0,600064000,277,layer::3/value/2,delta,,-inf,1.0,57019,24990,1024
RodentEncDec_delay5_eff5-20260623-085807,efference,RodentEncDecDelays,old_eval,5,5,600064000,277,layer::3/value/2,delta,0.10299018688785389,-0.017165521139953066,1000.0,54687,23992,1024
RodentEncDec_delay10_eff10-20260611-120848,efference,RodentEncDecDelays,old_eval,10,10,600064000,277,layer::3/value/2,delta,0.08076944850639567,-0.01606821637630307,1000.0,49173,18907,1024
RodentEncDec_delay20_eff20-20260626-084448,efference,RodentEncDecDelays,old_eval,20,20,600064000,277,layer::3/value/2,delta,0.07460843391283667,-0.05744849799031071,1000.0,36353,14130,1024
RodentEncDec_delay0_eff0-20260629-090548,efference,RodentEncDecDelays,old_eval,0,0,600064000,277,layer::3/value/3,delta,,-inf,1.0,57019,24990,1
RodentEncDec_delay5_eff5-20260623-085807,efference,RodentEncDecDelays,old_eval,5,5,600064000,277,layer::3/value/3,delta,1.834768904884765e-05,6.9746935250636355e-06,1000.0,54687,23992,1
RodentEncDec_delay10_eff10-20260611-120848,efference,RodentEncDecDelays,old_eval,10,10,600064000,277,layer::3/value/3,delta,0.00010320868945989936,2.3255582830672417e-05,1000.0,49173,18907,1
RodentEncDec_delay20_eff20-20260626-084448,efference,RodentEncDecDelays,old_eval,20,20,600064000,277,layer::3/value/3,delta,0.0003792481293974914,0.0005006864289427426,1.0,36353,14130,1
RodentEncDec_delay0_eff0-20260629-090548,efference,RodentEncDecDelays,old_eval,0,0,600064000,277,input::current_proprio,proprio,0.9999999935650443,0.9999999898799347,1.0,57019,24990,277
RodentEncDec_delay5_eff5-20260623-085807,efference,RodentEncDecDelays,old_eval,5,5,600064000,277,input::current_proprio,proprio,0.9999999935084676,0.9999999871338455,1.0,54687,23992,277
RodentEncDec_delay10_eff10-20260611-120848,efference,RodentEncDecDelays,old_eval,10,10,600064000,277,input::current_proprio,proprio,0.9999999835275977,0.9999999350368893,1.0,49173,18907,277
RodentEncDec_delay20_eff20-20260626-084448,efference,RodentEncDecDelays,old_eval,20,20,600064000,277,input::current_proprio,proprio,0.9999999942523375,0.9999999894033981,1.0,36353,14130,277
RodentEncDec_delay0_eff0-20260629-090548,efference,RodentEncDecDelays,old_eval,0,0,600064000,277,input::delayed_proprio,proprio,0.9999999935650443,0.9999999898799347,1.0,57019,24990,277
RodentEncDec_delay5_eff5-20260623-085807,efference,RodentEncDecDelays,old_eval,5,5,600064000,277,input::delayed_proprio,proprio,0.1587660710764549,0.13443362161940464,1000.0,54687,23992,277
RodentEncDec_delay10_eff10-20260611-120848,efference,RodentEncDecDelays,old_eval,10,10,600064000,277,input::delayed_proprio,proprio,0.08779012076396808,0.07805355793715196,1000.0,49173,18907,277
RodentEncDec_delay20_eff20-20260626-084448,efference,RodentEncDecDelays,old_eval,20,20,600064000,277,input::delayed_proprio,proprio,0.06157009787259682,0.03986623641976772,1000.0,36353,14130,277
RodentEncDec_delay0_eff0-20260629-090548,efference,RodentEncDecDelays,old_eval,0,0,600064000,277,layer::0/state/proprioception,proprio,0.9999999444722156,0.999999938755539,1.0,57019,24990,277
RodentEncDec_delay5_eff5-20260623-085807,efference,RodentEncDecDelays,old_eval,5,5,600064000,277,layer::0/state/proprioception,proprio,0.9999999445614377,0.9999999370722608,1.0,54687,23992,277
RodentEncDec_delay10_eff10-20260611-120848,efference,RodentEncDecDelays,old_eval,10,10,600064000,277,layer::0/state/proprioception,proprio,0.9999999360827067,0.9999998873172229,1.0,49173,18907,277
RodentEncDec_delay20_eff20-20260626-084448,efference,RodentEncDecDelays,old_eval,20,20,600064000,277,layer::0/state/proprioception,proprio,0.999999947196393,0.9999999410311734,1.0,36353,14130,277
RodentEncDec_delay0_eff0-20260629-090548,efference,RodentEncDecDelays,old_eval,0,0,600064000,277,layer::0/state/task_obs,proprio,0.10695610935449573,0.10861283813516043,100.0,57019,24990,640
RodentEncDec_delay5_eff5-20260623-085807,efference,RodentEncDecDelays,old_eval,5,5,600064000,277,layer::0/state/task_obs,proprio,0.08882626933406412,0.09086071926055406,100.0,54687,23992,640
RodentEncDec_delay10_eff10-20260611-120848,efference,RodentEncDecDelays,old_eval,10,10,600064000,277,layer::0/state/task_obs,proprio,0.049791558503399225,0.060841614410654166,1000.0,49173,18907,640
RodentEncDec_delay20_eff20-20260626-084448,efference,RodentEncDecDelays,old_eval,20,20,600064000,277,layer::0/state/task_obs,proprio,0.026640961479749925,0.027558567783981247,1000.0,36353,14130,640
RodentEncDec_delay0_eff0-20260629-090548,efference,RodentEncDecDelays,old_eval,0,0,600064000,277,layer::1/state/proprioception,proprio,0.9999999507573697,0.9999999469908551,1.0,57019,24990,277
RodentEncDec_delay5_eff5-20260623-085807,efference,RodentEncDecDelays,old_eval,5,5,600064000,277,layer::1/state/proprioception,proprio,0.9999999504540575,0.9999999456469879,1.0,54687,23992,277
RodentEncDec_delay10_eff10-20260611-120848,efference,RodentEncDecDelays,old_eval,10,10,600064000,277,layer::1/state/proprioception,proprio,0.9999999390156092,0.9999998937497105,1.0,49173,18907,277
RodentEncDec_delay20_eff20-20260626-084448,efference,RodentEncDecDelays,old_eval,20,20,600064000,277,layer::1/state/proprioception,proprio,0.9999999496472172,0.9999999473159853,1.0,36353,14130,277
RodentEncDec_delay0_eff0-20260629-090548,efference,RodentEncDecDelays,old_eval,0,0,600064000,277,layer::1/state/task_obs,proprio,0.10698214446946663,0.10874330233823448,100.0,57019,24990,640
RodentEncDec_delay5_eff5-20260623-085807,efference,RodentEncDecDelays,old_eval,5,5,600064000,277,layer::1/state/task_obs,proprio,0.08880705730999172,0.09086744478400377,100.0,54687,23992,640
RodentEncDec_delay10_eff10-20260611-120848,efference,RodentEncDecDelays,old_eval,10,10,600064000,277,layer::1/state/task_obs,proprio,0.04979217292195959,0.06084044096341823,1000.0,49173,18907,640
RodentEncDec_delay20_eff20-20260626-084448,efference,RodentEncDecDelays,old_eval,20,20,600064000,277,layer::1/state/task_obs,proprio,0.026636702716212768,0.027558682610390073,1000.0,36353,14130,640
RodentEncDec_delay0_eff0-20260629-090548,efference,RodentEncDecDelays,old_eval,0,0,600064000,277,layer::2/proprioception,proprio,0.9999999507573697,0.9999999469908551,1.0,57019,24990,277
RodentEncDec_delay5_eff5-20260623-085807,efference,RodentEncDecDelays,old_eval,5,5,600064000,277,layer::2/proprioception,proprio,0.9999999504540575,0.9999999456469879,1.0,54687,23992,277
RodentEncDec_delay10_eff10-20260611-120848,efference,RodentEncDecDelays,old_eval,10,10,600064000,277,layer::2/proprioception,proprio,0.9999999390156092,0.9999998937497105,1.0,49173,18907,277
RodentEncDec_delay20_eff20-20260626-084448,efference,RodentEncDecDelays,old_eval,20,20,600064000,277,layer::2/proprioception,proprio,0.9999999496472172,0.9999999473159853,1.0,36353,14130,277
RodentEncDec_delay0_eff0-20260629-090548,efference,RodentEncDecDelays,old_eval,0,0,600064000,277,layer::2/task_obs,proprio,0.10698214446946663,0.10874330233823448,100.0,57019,24990,640
RodentEncDec_delay5_eff5-20260623-085807,efference,RodentEncDecDelays,old_eval,5,5,600064000,277,layer::2/task_obs,proprio,0.08880705730999172,0.09086744478400377,100.0,54687,23992,640
RodentEncDec_delay10_eff10-20260611-120848,efference,RodentEncDecDelays,old_eval,10,10,600064000,277,layer::2/task_obs,proprio,0.04979217292195959,0.06084044096341823,1000.0,49173,18907,640
RodentEncDec_delay20_eff20-20260626-084448,efference,RodentEncDecDelays,old_eval,20,20,600064000,277,layer::2/task_obs,proprio,0.026636702716212768,0.027558682610390073,1000.0,36353,14130,640
RodentEncDec_delay0_eff0-20260629-090548,efference,RodentEncDecDelays,old_eval,0,0,600064000,277,layer::3/action/0/proprioception/0,proprio,0.9999999507573697,0.9999999469908551,1.0,57019,24990,277
RodentEncDec_delay5_eff5-20260623-085807,efference,RodentEncDecDelays,old_eval,5,5,600064000,277,layer::3/action/0/proprioception/0,proprio,0.9999999504540575,0.9999999456469879,1.0,54687,23992,277
RodentEncDec_delay10_eff10-20260611-120848,efference,RodentEncDecDelays,old_eval,10,10,600064000,277,layer::3/action/0/proprioception/0,proprio,0.9999999390156092,0.9999998937497105,1.0,49173,18907,277
RodentEncDec_delay20_eff20-20260626-084448,efference,RodentEncDecDelays,old_eval,20,20,600064000,277,layer::3/action/0/proprioception/0,proprio,0.9999999496472172,0.9999999473159853,1.0,36353,14130,277
RodentEncDec_delay5_eff5-20260623-085807,efference,RodentEncDecDelays,old_eval,5,5,600064000,277,layer::3/action/0/proprioception/1,proprio,0.15876685702289428,0.1344320780566457,1000.0,54687,23992,277
RodentEncDec_delay10_eff10-20260611-120848,efference,RodentEncDecDelays,old_eval,10,10,600064000,277,layer::3/action/0/proprioception/1,proprio,0.08779073518252845,0.0780513013078521,1000.0,49173,18907,277
RodentEncDec_delay20_eff20-20260626-084448,efference,RodentEncDecDelays,old_eval,20,20,600064000,277,layer::3/action/0/proprioception/1,proprio,0.061569565527154646,0.03986847553474082,1000.0,36353,14130,277
RodentEncDec_delay0_eff0-20260629-090548,efference,RodentEncDecDelays,old_eval,0,0,600064000,277,layer::3/action/0/task_obs/0,proprio,0.10698214446946663,0.10874330233823448,100.0,57019,24990,640
RodentEncDec_delay5_eff5-20260623-085807,efference,RodentEncDecDelays,old_eval,5,5,600064000,277,layer::3/action/0/task_obs/0,proprio,0.08880705730999172,0.09086744478400377,100.0,54687,23992,640
RodentEncDec_delay10_eff10-20260611-120848,efference,RodentEncDecDelays,old_eval,10,10,600064000,277,layer::3/action/0/task_obs/0,proprio,0.04979217292195959,0.06084044096341823,1000.0,49173,18907,640
RodentEncDec_delay20_eff20-20260626-084448,efference,RodentEncDecDelays,old_eval,20,20,600064000,277,layer::3/action/0/task_obs/0,proprio,0.026636702716212768,0.027558682610390073,1000.0,36353,14130,640
RodentEncDec_delay0_eff0-20260629-090548,efference,RodentEncDecDelays,old_eval,0,0,600064000,277,layer::3/action/0/task_obs/1,proprio,0.09950883922834375,0.07552030703919477,1000.0,57019,24990,512
RodentEncDec_delay5_eff5-20260623-085807,efference,RodentEncDecDelays,old_eval,5,5,600064000,277,layer::3/action/0/task_obs/1,proprio,0.08243390496091141,0.049366334411107604,1000.0,54687,23992,512
RodentEncDec_delay10_eff10-20260611-120848,efference,RodentEncDecDelays,old_eval,10,10,600064000,277,layer::3/action/0/task_obs/1,proprio,0.04866594370082733,0.030897407313464798,1000.0,49173,18907,512
RodentEncDec_delay20_eff20-20260626-084448,efference,RodentEncDecDelays,old_eval,20,20,600064000,277,layer::3/action/0/task_obs/1,proprio,0.03319342407871184,-0.004558608432529976,1000.0,36353,14130,512
RodentEncDec_delay0_eff0-20260629-090548,efference,RodentEncDecDelays,old_eval,0,0,600064000,277,layer::3/action/0/task_obs/2,proprio,0.08930079499143995,0.05819738454953027,1000.0,57019,24990,512
RodentEncDec_delay5_eff5-20260623-085807,efference,RodentEncDecDelays,old_eval,5,5,600064000,277,layer::3/action/0/task_obs/2,proprio,0.08637219524097206,0.030631120915429744,1000.0,54687,23992,512
RodentEncDec_delay10_eff10-20260611-120848,efference,RodentEncDecDelays,old_eval,10,10,600064000,277,layer::3/action/0/task_obs/2,proprio,0.05728884738150175,0.010625203660794336,1000.0,49173,18907,512
RodentEncDec_delay20_eff20-20260626-084448,efference,RodentEncDecDelays,old_eval,20,20,600064000,277,layer::3/action/0/task_obs/2,proprio,0.039747483714000276,-0.03266122374178382,1000.0,36353,14130,512
RodentEncDec_delay0_eff0-20260629-090548,efference,RodentEncDecDelays,old_eval,0,0,600064000,277,layer::3/action/0/task_obs/3,proprio,0.08682298839289704,0.05958809482279914,1000.0,57019,24990,512
RodentEncDec_delay5_eff5-20260623-085807,efference,RodentEncDecDelays,old_eval,5,5,600064000,277,layer::3/action/0/task_obs/3,proprio,0.09393396058845382,0.04680258692298045,1000.0,54687,23992,512
RodentEncDec_delay10_eff10-20260611-120848,efference,RodentEncDecDelays,old_eval,10,10,600064000,277,layer::3/action/0/task_obs/3,proprio,0.06724142962910629,0.031155385175028694,1000.0,49173,18907,512
RodentEncDec_delay20_eff20-20260626-084448,efference,RodentEncDecDelays,old_eval,20,20,600064000,277,layer::3/action/0/task_obs/3,proprio,0.055040703576128114,-0.0230399189417414,1000.0,36353,14130,512
RodentEncDec_delay0_eff0-20260629-090548,efference,RodentEncDecDelays,old_eval,0,0,600064000,277,layer::3/action/0/task_obs/4,proprio,0.09027084408998509,0.06395077419473627,1000.0,57019,24990,512
RodentEncDec_delay5_eff5-20260623-085807,efference,RodentEncDecDelays,old_eval,5,5,600064000,277,layer::3/action/0/task_obs/4,proprio,0.09703740109519021,0.05101629274593866,1000.0,54687,23992,512
RodentEncDec_delay10_eff10-20260611-120848,efference,RodentEncDecDelays,old_eval,10,10,600064000,277,layer::3/action/0/task_obs/4,proprio,0.06842579820651218,0.040854016845286445,1000.0,49173,18907,512
RodentEncDec_delay20_eff20-20260626-084448,efference,RodentEncDecDelays,old_eval,20,20,600064000,277,layer::3/action/0/task_obs/4,proprio,0.07212047474211636,-0.0035208073490737846,1000.0,36353,14130,512
RodentEncDec_delay0_eff0-20260629-090548,efference,RodentEncDecDelays,old_eval,0,0,600064000,277,layer::3/action/0/task_obs/5,proprio,0.07253619713753989,0.07005791521145066,1000.0,57019,24990,64
RodentEncDec_delay5_eff5-20260623-085807,efference,RodentEncDecDelays,old_eval,5,5,600064000,277,layer::3/action/0/task_obs/5,proprio,0.07634718642527283,0.06430173741219058,1000.0,54687,23992,64
RodentEncDec_delay10_eff10-20260611-120848,efference,RodentEncDecDelays,old_eval,10,10,600064000,277,layer::3/action/0/task_obs/5,proprio,0.07210862305728527,0.06773507533079925,1000.0,49173,18907,64
RodentEncDec_delay20_eff20-20260626-084448,efference,RodentEncDecDelays,old_eval,20,20,600064000,277,layer::3/action/0/task_obs/5,proprio,0.06700942615201999,0.03598992650880184,1000.0,36353,14130,64
RodentEncDec_delay0_eff0-20260629-090548,efference,RodentEncDecDelays,old_eval,0,0,600064000,277,layer::3/action/0/task_obs/6,proprio,0.022533435837467253,0.017153618630309952,1000.0,57019,24990,32
RodentEncDec_delay5_eff5-20260623-085807,efference,RodentEncDecDelays,old_eval,5,5,600064000,277,layer::3/action/0/task_obs/6,proprio,0.03282444174661048,0.017242919071225105,1000.0,54687,23992,32
RodentEncDec_delay10_eff10-20260611-120848,efference,RodentEncDecDelays,old_eval,10,10,600064000,277,layer::3/action/0/task_obs/6,proprio,0.03953445505681841,0.03571034628427938,1000.0,49173,18907,32
RodentEncDec_delay20_eff20-20260626-084448,efference,RodentEncDecDelays,old_eval,20,20,600064000,277,layer::3/action/0/task_obs/6,proprio,0.039123131234596875,0.027756069207254597,1000.0,36353,14130,32
RodentEncDec_delay0_eff0-20260629-090548,efference,RodentEncDecDelays,old_eval,0,0,600064000,277,layer::3/action/1/0,proprio,0.789481988872399,0.7364030425450576,1000.0,57019,24990,512
RodentEncDec_delay5_eff5-20260623-085807,efference,RodentEncDecDelays,old_eval,5,5,600064000,277,layer::3/action/1/0,proprio,0.5824971299855857,0.5164627583510604,1000.0,54687,23992,512
RodentEncDec_delay10_eff10-20260611-120848,efference,RodentEncDecDelays,old_eval,10,10,600064000,277,layer::3/action/1/0,proprio,0.589685717226146,0.5300143882684161,1000.0,49173,18907,512
RodentEncDec_delay20_eff20-20260626-084448,efference,RodentEncDecDelays,old_eval,20,20,600064000,277,layer::3/action/1/0,proprio,0.5108166826769558,0.431653024906537,1000.0,36353,14130,512
RodentEncDec_delay0_eff0-20260629-090548,efference,RodentEncDecDelays,old_eval,0,0,600064000,277,layer::3/action/1/1,proprio,0.6446693102097099,0.5903379627516256,1000.0,57019,24990,512
RodentEncDec_delay5_eff5-20260623-085807,efference,RodentEncDecDelays,old_eval,5,5,600064000,277,layer::3/action/1/1,proprio,0.5386020213494491,0.47489510939780544,1000.0,54687,23992,512
RodentEncDec_delay10_eff10-20260611-120848,efference,RodentEncDecDelays,old_eval,10,10,600064000,277,layer::3/action/1/1,proprio,0.5390687257880686,0.4823768083498895,1000.0,49173,18907,512
RodentEncDec_delay20_eff20-20260626-084448,efference,RodentEncDecDelays,old_eval,20,20,600064000,277,layer::3/action/1/1,proprio,0.4874880632625127,0.39599942494934437,1000.0,36353,14130,512
RodentEncDec_delay0_eff0-20260629-090548,efference,RodentEncDecDelays,old_eval,0,0,600064000,277,layer::3/action/1/2,proprio,0.5714908478243147,0.5361874470448795,1000.0,57019,24990,512
RodentEncDec_delay5_eff5-20260623-085807,efference,RodentEncDecDelays,old_eval,5,5,600064000,277,layer::3/action/1/2,proprio,0.5172781591946738,0.4626114369621097,1000.0,54687,23992,512
RodentEncDec_delay10_eff10-20260611-120848,efference,RodentEncDecDelays,old_eval,10,10,600064000,277,layer::3/action/1/2,proprio,0.5205910860155263,0.47179303640304127,1000.0,49173,18907,512
RodentEncDec_delay20_eff20-20260626-084448,efference,RodentEncDecDelays,old_eval,20,20,600064000,277,layer::3/action/1/2,proprio,0.47864034892759455,0.41690449129719165,1000.0,36353,14130,512
RodentEncDec_delay0_eff0-20260629-090548,efference,RodentEncDecDelays,old_eval,0,0,600064000,277,layer::3/action/1/3,proprio,0.5401216023955813,0.5004373138297611,1000.0,57019,24990,512
RodentEncDec_delay5_eff5-20260623-085807,efference,RodentEncDecDelays,old_eval,5,5,600064000,277,layer::3/action/1/3,proprio,0.4960191812848338,0.4397126834331394,1000.0,54687,23992,512
RodentEncDec_delay10_eff10-20260611-120848,efference,RodentEncDecDelays,old_eval,10,10,600064000,277,layer::3/action/1/3,proprio,0.5062953709705662,0.46034921789741723,1000.0,49173,18907,512
RodentEncDec_delay20_eff20-20260626-084448,efference,RodentEncDecDelays,old_eval,20,20,600064000,277,layer::3/action/1/3,proprio,0.464143207312084,0.3875073230542263,1000.0,36353,14130,512
RodentEncDec_delay0_eff0-20260629-090548,efference,RodentEncDecDelays,old_eval,0,0,600064000,277,layer::3/action/1/4,proprio,0.3964068034927378,0.3706129573233343,1000.0,57019,24990,76
RodentEncDec_delay5_eff5-20260623-085807,efference,RodentEncDecDelays,old_eval,5,5,600064000,277,layer::3/action/1/4,proprio,0.3829691694170426,0.3462059668403028,100.0,54687,23992,76
RodentEncDec_delay10_eff10-20260611-120848,efference,RodentEncDecDelays,old_eval,10,10,600064000,277,layer::3/action/1/4,proprio,0.4141383086900289,0.3667222098358347,10.0,49173,18907,76
RodentEncDec_delay20_eff20-20260626-084448,efference,RodentEncDecDelays,old_eval,20,20,600064000,277,layer::3/action/1/4,proprio,0.36334572722246905,0.3086413302960983,10.0,36353,14130,76
RodentEncDec_delay0_eff0-20260629-090548,efference,RodentEncDecDelays,old_eval,0,0,600064000,277,layer::3/action/1/5/action,proprio,0.34690971074724286,0.3298420495223594,1000.0,57019,24990,38
RodentEncDec_delay5_eff5-20260623-085807,efference,RodentEncDecDelays,old_eval,5,5,600064000,277,layer::3/action/1/5/action,proprio,0.34018608766516445,0.3139776994872946,1000.0,54687,23992,38
RodentEncDec_delay10_eff10-20260611-120848,efference,RodentEncDecDelays,old_eval,10,10,600064000,277,layer::3/action/1/5/action,proprio,0.37362984661040644,0.3285100740445206,1000.0,49173,18907,38
RodentEncDec_delay20_eff20-20260626-084448,efference,RodentEncDecDelays,old_eval,20,20,600064000,277,layer::3/action/1/5/action,proprio,0.3168849238617367,0.28277828926563686,1000.0,36353,14130,38
RodentEncDec_delay0_eff0-20260629-090548,efference,RodentEncDecDelays,old_eval,0,0,600064000,277,layer::3/action/1/5/log_likelihood,proprio,0.004404492766708734,0.009844463791035873,1.0,57019,24990,1
RodentEncDec_delay5_eff5-20260623-085807,efference,RodentEncDecDelays,old_eval,5,5,600064000,277,layer::3/action/1/5/log_likelihood,proprio,0.0029191797304064515,0.003419873546928631,1.0,54687,23992,1
RodentEncDec_delay10_eff10-20260611-120848,efference,RodentEncDecDelays,old_eval,10,10,600064000,277,layer::3/action/1/5/log_likelihood,proprio,0.0009495838850299698,0.0003137617378573543,1000.0,49173,18907,1
RodentEncDec_delay20_eff20-20260626-084448,efference,RodentEncDecDelays,old_eval,20,20,600064000,277,layer::3/action/1/5/log_likelihood,proprio,0.002305943006919553,0.004804107294715032,1.0,36353,14130,1
RodentEncDec_delay0_eff0-20260629-090548,efference,RodentEncDecDelays,old_eval,0,0,600064000,277,layer::3/value/0,proprio,0.9999999477460254,0.9999999432656926,1.0,57019,24990,917
RodentEncDec_delay5_eff5-20260623-085807,efference,RodentEncDecDelays,old_eval,5,5,600064000,277,layer::3/value/0,proprio,0.9999999477756655,0.9999999414721578,1.0,54687,23992,917
RodentEncDec_delay10_eff10-20260611-120848,efference,RodentEncDecDelays,old_eval,10,10,600064000,277,layer::3/value/0,proprio,0.999999936667023,0.999999888904066,1.0,49173,18907,917
RodentEncDec_delay20_eff20-20260626-084448,efference,RodentEncDecDelays,old_eval,20,20,600064000,277,layer::3/value/0,proprio,0.9999999473472597,0.9999999424735722,1.0,36353,14130,917
RodentEncDec_delay0_eff0-20260629-090548,efference,RodentEncDecDelays,old_eval,0,0,600064000,277,layer::3/value/1,proprio,0.3816182445670325,0.26858281448164634,1000.0,57019,24990,1024
RodentEncDec_delay5_eff5-20260623-085807,efference,RodentEncDecDelays,old_eval,5,5,600064000,277,layer::3/value/1,proprio,0.4089960914010299,0.2717142896204445,1000.0,54687,23992,1024
RodentEncDec_delay10_eff10-20260611-120848,efference,RodentEncDecDelays,old_eval,10,10,600064000,277,layer::3/value/1,proprio,0.42207206515294415,0.26571011159483215,1000.0,49173,18907,1024
RodentEncDec_delay20_eff20-20260626-084448,efference,RodentEncDecDelays,old_eval,20,20,600064000,277,layer::3/value/1,proprio,0.33270223781166275,0.20579062690396543,1000.0,36353,14130,1024
RodentEncDec_delay0_eff0-20260629-090548,efference,RodentEncDecDelays,old_eval,0,0,600064000,277,layer::3/value/2,proprio,0.21271442809969077,0.16116387360693374,1000.0,57019,24990,1024
RodentEncDec_delay5_eff5-20260623-085807,efference,RodentEncDecDelays,old_eval,5,5,600064000,277,layer::3/value/2,proprio,0.20695288390820077,0.09108585891439469,1000.0,54687,23992,1024
RodentEncDec_delay10_eff10-20260611-120848,efference,RodentEncDecDelays,old_eval,10,10,600064000,277,layer::3/value/2,proprio,0.17174811296699655,0.0595876506412889,1000.0,49173,18907,1024
RodentEncDec_delay20_eff20-20260626-084448,efference,RodentEncDecDelays,old_eval,20,20,600064000,277,layer::3/value/2,proprio,0.12219324192784642,-0.0072448574418650935,1000.0,36353,14130,1024
RodentEncDec_delay0_eff0-20260629-090548,efference,RodentEncDecDelays,old_eval,0,0,600064000,277,layer::3/value/3,proprio,0.00822096010841833,0.010061159657352547,1.0,57019,24990,1
RodentEncDec_delay5_eff5-20260623-085807,efference,RodentEncDecDelays,old_eval,5,5,600064000,277,layer::3/value/3,proprio,0.007174206425513807,0.010617727200861404,1.0,54687,23992,1
RodentEncDec_delay10_eff10-20260611-120848,efference,RodentEncDecDelays,old_eval,10,10,600064000,277,layer::3/value/3,proprio,0.005325165662604325,0.004553607131670745,1000.0,49173,18907,1
RodentEncDec_delay20_eff20-20260626-084448,efference,RodentEncDecDelays,old_eval,20,20,600064000,277,layer::3/value/3,proprio,0.0038245471048969915,0.005268465292225133,100.0,36353,14130,1
RodentForwardModel_delay0_eff0-20260619-032834,forward_model,RodentForwardModel,old_eval,0,0,600064000,277,input::current_proprio,delta,,-inf,1.0,57068,24990,277
RodentForwardModel_delay5_eff5-20260619-033243,forward_model,RodentForwardModel,old_eval,5,5,600064000,277,input::current_proprio,delta,0.6080319920084578,0.5755539903933378,1000.0,55899,24526,277
RodentForwardModel_delay10_eff10-20260619-033822,forward_model,RodentForwardModel,old_eval,10,10,600064000,277,input::current_proprio,delta,0.5302448702020427,0.49737652235921115,1000.0,51081,21618,277
RodentForwardModel_delay20_eff20-20260619-034701,forward_model,RodentForwardModel,old_eval,20,20,600064000,277,input::current_proprio,delta,0.5048235097889824,0.4977841130984926,100.0,41503,14896,277
RodentForwardModel_delay0_eff0-20260619-032834,forward_model,RodentForwardModel,old_eval,0,0,600064000,277,input::delayed_proprio,delta,,-inf,1.0,57068,24990,277
RodentForwardModel_delay5_eff5-20260619-033243,forward_model,RodentForwardModel,old_eval,5,5,600064000,277,input::delayed_proprio,delta,0.5905583276477344,0.5554783705235651,100.0,55899,24526,277
RodentForwardModel_delay10_eff10-20260619-033822,forward_model,RodentForwardModel,old_eval,10,10,600064000,277,input::delayed_proprio,delta,0.5242587033741002,0.49751196306930134,100.0,51081,21618,277
RodentForwardModel_delay20_eff20-20260619-034701,forward_model,RodentForwardModel,old_eval,20,20,600064000,277,input::delayed_proprio,delta,0.4914789720180496,0.4893258090551693,1000.0,41503,14896,277
RodentForwardModel_delay0_eff0-20260619-032834,forward_model,RodentForwardModel,old_eval,0,0,600064000,277,layer::0/state/proprioception,delta,,-inf,1.0,57068,24990,277
RodentForwardModel_delay5_eff5-20260619-033243,forward_model,RodentForwardModel,old_eval,5,5,600064000,277,layer::0/state/proprioception,delta,0.6080316140375376,0.5755530706114274,1000.0,55899,24526,277
RodentForwardModel_delay10_eff10-20260619-033822,forward_model,RodentForwardModel,old_eval,10,10,600064000,277,layer::0/state/proprioception,delta,0.5302449907070551,0.4973746927133179,1000.0,51081,21618,277
RodentForwardModel_delay20_eff20-20260619-034701,forward_model,RodentForwardModel,old_eval,20,20,600064000,277,layer::0/state/proprioception,delta,0.5048227627733547,0.49778645629930485,100.0,41503,14896,277
RodentForwardModel_delay0_eff0-20260619-032834,forward_model,RodentForwardModel,old_eval,0,0,600064000,277,layer::0/state/task_obs,delta,,-inf,1.0,57068,24990,640
RodentForwardModel_delay5_eff5-20260619-033243,forward_model,RodentForwardModel,old_eval,5,5,600064000,277,layer::0/state/task_obs,delta,0.006246141260515148,-0.0005386089570968977,1000.0,55899,24526,640
RodentForwardModel_delay10_eff10-20260619-033822,forward_model,RodentForwardModel,old_eval,10,10,600064000,277,layer::0/state/task_obs,delta,0.009341146878337758,0.0034752950890427625,1000.0,51081,21618,640
RodentForwardModel_delay20_eff20-20260619-034701,forward_model,RodentForwardModel,old_eval,20,20,600064000,277,layer::0/state/task_obs,delta,0.0056198284481598915,0.00031789424353667606,1000.0,41503,14896,640
RodentForwardModel_delay0_eff0-20260619-032834,forward_model,RodentForwardModel,old_eval,0,0,600064000,277,layer::1/state/proprioception,delta,,-inf,1.0,57068,24990,277
RodentForwardModel_delay5_eff5-20260619-033243,forward_model,RodentForwardModel,old_eval,5,5,600064000,277,layer::1/state/proprioception,delta,0.6080304457637844,0.5755539903933378,1000.0,55899,24526,277
RodentForwardModel_delay10_eff10-20260619-033822,forward_model,RodentForwardModel,old_eval,10,10,600064000,277,layer::1/state/proprioception,delta,0.5302457137371296,0.49737473962731515,1000.0,51081,21618,277
RodentForwardModel_delay20_eff20-20260619-034701,forward_model,RodentForwardModel,old_eval,20,20,600064000,277,layer::1/state/proprioception,delta,0.5048234201471071,0.497785610143456,100.0,41503,14896,277
RodentForwardModel_delay0_eff0-20260619-032834,forward_model,RodentForwardModel,old_eval,0,0,600064000,277,layer::1/state/task_obs,delta,,-inf,1.0,57068,24990,640
RodentForwardModel_delay5_eff5-20260619-033243,forward_model,RodentForwardModel,old_eval,5,5,600064000,277,layer::1/state/task_obs,delta,0.006234870854896046,-0.0005801524400550484,1000.0,55899,24526,640
RodentForwardModel_delay10_eff10-20260619-033822,forward_model,RodentForwardModel,old_eval,10,10,600064000,277,layer::1/state/task_obs,delta,0.009344922702059777,0.0034745444650865487,1000.0,51081,21618,640
RodentForwardModel_delay20_eff20-20260619-034701,forward_model,RodentForwardModel,old_eval,20,20,600064000,277,layer::1/state/task_obs,delta,0.005620963911914023,0.00032232028951550973,1000.0,41503,14896,640
RodentForwardModel_delay0_eff0-20260619-032834,forward_model,RodentForwardModel,old_eval,0,0,600064000,277,layer::2/proprioception,delta,,-inf,1.0,57068,24990,277
RodentForwardModel_delay5_eff5-20260619-033243,forward_model,RodentForwardModel,old_eval,5,5,600064000,277,layer::2/proprioception,delta,0.6080304457637844,0.5755539903933378,1000.0,55899,24526,277
RodentForwardModel_delay10_eff10-20260619-033822,forward_model,RodentForwardModel,old_eval,10,10,600064000,277,layer::2/proprioception,delta,0.5302457137371296,0.49737473962731515,1000.0,51081,21618,277
RodentForwardModel_delay20_eff20-20260619-034701,forward_model,RodentForwardModel,old_eval,20,20,600064000,277,layer::2/proprioception,delta,0.5048234201471071,0.497785610143456,100.0,41503,14896,277
RodentForwardModel_delay0_eff0-20260619-032834,forward_model,RodentForwardModel,old_eval,0,0,600064000,277,layer::2/task_obs,delta,,-inf,1.0,57068,24990,640
RodentForwardModel_delay5_eff5-20260619-033243,forward_model,RodentForwardModel,old_eval,5,5,600064000,277,layer::2/task_obs,delta,0.006234870854896046,-0.0005801524400550484,1000.0,55899,24526,640
RodentForwardModel_delay10_eff10-20260619-033822,forward_model,RodentForwardModel,old_eval,10,10,600064000,277,layer::2/task_obs,delta,0.009344922702059777,0.0034745444650865487,1000.0,51081,21618,640
RodentForwardModel_delay20_eff20-20260619-034701,forward_model,RodentForwardModel,old_eval,20,20,600064000,277,layer::2/task_obs,delta,0.005620963911914023,0.00032232028951550973,1000.0,41503,14896,640
RodentForwardModel_delay0_eff0-20260619-032834,forward_model,RodentForwardModel,old_eval,0,0,600064000,277,layer::3/action/0/proprioception,delta,,-inf,1.0,57068,24990,277
RodentForwardModel_delay5_eff5-20260619-033243,forward_model,RodentForwardModel,old_eval,5,5,600064000,277,layer::3/action/0/proprioception,delta,0.6080304457637844,0.5755539903933378,1000.0,55899,24526,277
RodentForwardModel_delay10_eff10-20260619-033822,forward_model,RodentForwardModel,old_eval,10,10,600064000,277,layer::3/action/0/proprioception,delta,0.5302457137371296,0.49737473962731515,1000.0,51081,21618,277
RodentForwardModel_delay20_eff20-20260619-034701,forward_model,RodentForwardModel,old_eval,20,20,600064000,277,layer::3/action/0/proprioception,delta,0.5048234201471071,0.497785610143456,100.0,41503,14896,277
RodentForwardModel_delay0_eff0-20260619-032834,forward_model,RodentForwardModel,old_eval,0,0,600064000,277,layer::3/action/0/task_obs/0,delta,,-inf,1.0,57068,24990,640
RodentForwardModel_delay5_eff5-20260619-033243,forward_model,RodentForwardModel,old_eval,5,5,600064000,277,layer::3/action/0/task_obs/0,delta,0.006234870854896046,-0.0005801524400550484,1000.0,55899,24526,640
RodentForwardModel_delay10_eff10-20260619-033822,forward_model,RodentForwardModel,old_eval,10,10,600064000,277,layer::3/action/0/task_obs/0,delta,0.009344922702059777,0.0034745444650865487,1000.0,51081,21618,640
RodentForwardModel_delay20_eff20-20260619-034701,forward_model,RodentForwardModel,old_eval,20,20,600064000,277,layer::3/action/0/task_obs/0,delta,0.005620963911914023,0.00032232028951550973,1000.0,41503,14896,640
RodentForwardModel_delay0_eff0-20260619-032834,forward_model,RodentForwardModel,old_eval,0,0,600064000,277,layer::3/action/0/task_obs/1,delta,,-inf,1.0,57068,24990,512
RodentForwardModel_delay5_eff5-20260619-033243,forward_model,RodentForwardModel,old_eval,5,5,600064000,277,layer::3/action/0/task_obs/1,delta,0.0030959254459919094,-0.023971432800235393,1000.0,55899,24526,512
RodentForwardModel_delay10_eff10-20260619-033822,forward_model,RodentForwardModel,old_eval,10,10,600064000,277,layer::3/action/0/task_obs/1,delta,0.0016557388704583342,-0.025007881551539768,1000.0,51081,21618,512
RodentForwardModel_delay20_eff20-20260619-034701,forward_model,RodentForwardModel,old_eval,20,20,600064000,277,layer::3/action/0/task_obs/1,delta,-0.010517203142413889,-0.03668736494050884,1000.0,41503,14896,512
RodentForwardModel_delay0_eff0-20260619-032834,forward_model,RodentForwardModel,old_eval,0,0,600064000,277,layer::3/action/0/task_obs/2,delta,,-inf,1.0,57068,24990,512
RodentForwardModel_delay5_eff5-20260619-033243,forward_model,RodentForwardModel,old_eval,5,5,600064000,277,layer::3/action/0/task_obs/2,delta,0.0012698448477478363,-0.031924173792485355,1000.0,55899,24526,512
RodentForwardModel_delay10_eff10-20260619-033822,forward_model,RodentForwardModel,old_eval,10,10,600064000,277,layer::3/action/0/task_obs/2,delta,-0.0008336536758246638,-0.04019253504475606,1000.0,51081,21618,512
RodentForwardModel_delay20_eff20-20260619-034701,forward_model,RodentForwardModel,old_eval,20,20,600064000,277,layer::3/action/0/task_obs/2,delta,-0.02827191201518464,-0.055396782004217826,1000.0,41503,14896,512
RodentForwardModel_delay0_eff0-20260619-032834,forward_model,RodentForwardModel,old_eval,0,0,600064000,277,layer::3/action/0/task_obs/3,delta,,-inf,1.0,57068,24990,512
RodentForwardModel_delay5_eff5-20260619-033243,forward_model,RodentForwardModel,old_eval,5,5,600064000,277,layer::3/action/0/task_obs/3,delta,0.006467013721856318,-0.03805352379563942,1000.0,55899,24526,512
RodentForwardModel_delay10_eff10-20260619-033822,forward_model,RodentForwardModel,old_eval,10,10,600064000,277,layer::3/action/0/task_obs/3,delta,0.0008394379164201604,-0.03614057310139063,1000.0,51081,21618,512
RodentForwardModel_delay20_eff20-20260619-034701,forward_model,RodentForwardModel,old_eval,20,20,600064000,277,layer::3/action/0/task_obs/3,delta,-0.01307343085931123,-0.03935067301934447,1000.0,41503,14896,512
RodentForwardModel_delay0_eff0-20260619-032834,forward_model,RodentForwardModel,old_eval,0,0,600064000,277,layer::3/action/0/task_obs/4,delta,,-inf,1.0,57068,24990,512
RodentForwardModel_delay5_eff5-20260619-033243,forward_model,RodentForwardModel,old_eval,5,5,600064000,277,layer::3/action/0/task_obs/4,delta,0.006996722785956311,-0.026155914837699523,1000.0,55899,24526,512
RodentForwardModel_delay10_eff10-20260619-033822,forward_model,RodentForwardModel,old_eval,10,10,600064000,277,layer::3/action/0/task_obs/4,delta,0.007074527931655972,-0.029007487473962756,1000.0,51081,21618,512
RodentForwardModel_delay20_eff20-20260619-034701,forward_model,RodentForwardModel,old_eval,20,20,600064000,277,layer::3/action/0/task_obs/4,delta,-0.006626148140609356,-0.033767150928167844,1000.0,41503,14896,512
RodentForwardModel_delay0_eff0-20260619-032834,forward_model,RodentForwardModel,old_eval,0,0,600064000,277,layer::3/action/0/task_obs/5,delta,,-inf,1.0,57068,24990,64
RodentForwardModel_delay5_eff5-20260619-033243,forward_model,RodentForwardModel,old_eval,5,5,600064000,277,layer::3/action/0/task_obs/5,delta,0.012807991322337453,0.0029147888744099903,1000.0,55899,24526,64
RodentForwardModel_delay10_eff10-20260619-033822,forward_model,RodentForwardModel,old_eval,10,10,600064000,277,layer::3/action/0/task_obs/5,delta,0.016711233437088135,0.006401790238135474,1000.0,51081,21618,64
RodentForwardModel_delay20_eff20-20260619-034701,forward_model,RodentForwardModel,old_eval,20,20,600064000,277,layer::3/action/0/task_obs/5,delta,0.01620402395206999,0.008075125621599066,1000.0,41503,14896,64
RodentForwardModel_delay0_eff0-20260619-032834,forward_model,RodentForwardModel,old_eval,0,0,600064000,277,layer::3/action/0/task_obs/6,delta,,-inf,1.0,57068,24990,32
RodentForwardModel_delay5_eff5-20260619-033243,forward_model,RodentForwardModel,old_eval,5,5,600064000,277,layer::3/action/0/task_obs/6,delta,0.008315978741266106,0.0022946259212478504,1000.0,55899,24526,32
RodentForwardModel_delay10_eff10-20260619-033822,forward_model,RodentForwardModel,old_eval,10,10,600064000,277,layer::3/action/0/task_obs/6,delta,0.012554533539155921,0.005789187261911466,1000.0,51081,21618,32
RodentForwardModel_delay20_eff20-20260619-034701,forward_model,RodentForwardModel,old_eval,20,20,600064000,277,layer::3/action/0/task_obs/6,delta,0.011647288384068366,0.005735699966153751,1000.0,41503,14896,32
RodentForwardModel_delay0_eff0-20260619-032834,forward_model,RodentForwardModel,old_eval,0,0,600064000,277,layer::3/action/1/decoder/0,delta,,-inf,1.0,57068,24990,512
RodentForwardModel_delay5_eff5-20260619-033243,forward_model,RodentForwardModel,old_eval,5,5,600064000,277,layer::3/action/1/decoder/0,delta,0.47919696160860026,0.44023322296716894,1000.0,55899,24526,512
RodentForwardModel_delay10_eff10-20260619-033822,forward_model,RodentForwardModel,old_eval,10,10,600064000,277,layer::3/action/1/decoder/0,delta,0.4104400722548054,0.34588048190057985,1000.0,51081,21618,512
RodentForwardModel_delay20_eff20-20260619-034701,forward_model,RodentForwardModel,old_eval,20,20,600064000,277,layer::3/action/1/decoder/0,delta,0.341145722370387,0.3063864589028613,1000.0,41503,14896,512
RodentForwardModel_delay0_eff0-20260619-032834,forward_model,RodentForwardModel,old_eval,0,0,600064000,277,layer::3/action/1/decoder/1,delta,,-inf,1.0,57068,24990,512
RodentForwardModel_delay5_eff5-20260619-033243,forward_model,RodentForwardModel,old_eval,5,5,600064000,277,layer::3/action/1/decoder/1,delta,0.40644738672280245,0.3654151347507326,1000.0,55899,24526,512
RodentForwardModel_delay10_eff10-20260619-033822,forward_model,RodentForwardModel,old_eval,10,10,600064000,277,layer::3/action/1/decoder/1,delta,0.3496765444625336,0.28374622342322053,1000.0,51081,21618,512
RodentForwardModel_delay20_eff20-20260619-034701,forward_model,RodentForwardModel,old_eval,20,20,600064000,277,layer::3/action/1/decoder/1,delta,0.2798156198099222,0.2527416100393137,1000.0,41503,14896,512
RodentForwardModel_delay0_eff0-20260619-032834,forward_model,RodentForwardModel,old_eval,0,0,600064000,277,layer::3/action/1/decoder/2,delta,,-inf,1.0,57068,24990,512
RodentForwardModel_delay5_eff5-20260619-033243,forward_model,RodentForwardModel,old_eval,5,5,600064000,277,layer::3/action/1/decoder/2,delta,0.36531934007102007,0.327683113057063,1000.0,55899,24526,512
RodentForwardModel_delay10_eff10-20260619-033822,forward_model,RodentForwardModel,old_eval,10,10,600064000,277,layer::3/action/1/decoder/2,delta,0.3133826841527473,0.2573180206046276,1000.0,51081,21618,512
RodentForwardModel_delay20_eff20-20260619-034701,forward_model,RodentForwardModel,old_eval,20,20,600064000,277,layer::3/action/1/decoder/2,delta,0.24888797759622439,0.2255265692936551,1000.0,41503,14896,512
RodentForwardModel_delay0_eff0-20260619-032834,forward_model,RodentForwardModel,old_eval,0,0,600064000,277,layer::3/action/1/decoder/3,delta,,-inf,1.0,57068,24990,512
RodentForwardModel_delay5_eff5-20260619-033243,forward_model,RodentForwardModel,old_eval,5,5,600064000,277,layer::3/action/1/decoder/3,delta,0.3408653774788707,0.3094441443655961,1000.0,55899,24526,512
RodentForwardModel_delay10_eff10-20260619-033822,forward_model,RodentForwardModel,old_eval,10,10,600064000,277,layer::3/action/1/decoder/3,delta,0.2929304127738527,0.23643960291992716,1000.0,51081,21618,512
RodentForwardModel_delay20_eff20-20260619-034701,forward_model,RodentForwardModel,old_eval,20,20,600064000,277,layer::3/action/1/decoder/3,delta,0.22825158123785982,0.20729047879403262,1000.0,41503,14896,512
RodentForwardModel_delay0_eff0-20260619-032834,forward_model,RodentForwardModel,old_eval,0,0,600064000,277,layer::3/action/1/decoder/4,delta,,-inf,1.0,57068,24990,76
RodentForwardModel_delay5_eff5-20260619-033243,forward_model,RodentForwardModel,old_eval,5,5,600064000,277,layer::3/action/1/decoder/4,delta,0.25601585388716286,0.22409574132544097,1.0,55899,24526,76
RodentForwardModel_delay10_eff10-20260619-033822,forward_model,RodentForwardModel,old_eval,10,10,600064000,277,layer::3/action/1/decoder/4,delta,0.21544729653029915,0.1710823997447879,100.0,51081,21618,76
RodentForwardModel_delay20_eff20-20260619-034701,forward_model,RodentForwardModel,old_eval,20,20,600064000,277,layer::3/action/1/decoder/4,delta,0.16460417643887615,0.14620778984092275,1000.0,41503,14896,76
RodentForwardModel_delay0_eff0-20260619-032834,forward_model,RodentForwardModel,old_eval,0,0,600064000,277,layer::3/action/1/decoder/5/action,delta,,-inf,1.0,57068,24990,38
RodentForwardModel_delay5_eff5-20260619-033243,forward_model,RodentForwardModel,old_eval,5,5,600064000,277,layer::3/action/1/decoder/5/action,delta,0.2321564739134092,0.2069482471677807,1000.0,55899,24526,38
RodentForwardModel_delay10_eff10-20260619-033822,forward_model,RodentForwardModel,old_eval,10,10,600064000,277,layer::3/action/1/decoder/5/action,delta,0.1905953871484618,0.1524004954118111,1000.0,51081,21618,38
RodentForwardModel_delay20_eff20-20260619-034701,forward_model,RodentForwardModel,old_eval,20,20,600064000,277,layer::3/action/1/decoder/5/action,delta,0.14399550930061344,0.13110618605014446,1000.0,41503,14896,38
RodentForwardModel_delay0_eff0-20260619-032834,forward_model,RodentForwardModel,old_eval,0,0,600064000,277,layer::3/action/1/decoder/5/log_likelihood,delta,,-inf,1.0,57068,24990,1
RodentForwardModel_delay5_eff5-20260619-033243,forward_model,RodentForwardModel,old_eval,5,5,600064000,277,layer::3/action/1/decoder/5/log_likelihood,delta,0.0030126343995869886,0.00036691633380137034,1000.0,55899,24526,1
RodentForwardModel_delay10_eff10-20260619-033822,forward_model,RodentForwardModel,old_eval,10,10,600064000,277,layer::3/action/1/decoder/5/log_likelihood,delta,0.00032327477994775755,-0.00011090468952312804,1000.0,51081,21618,1
RodentForwardModel_delay20_eff20-20260619-034701,forward_model,RodentForwardModel,old_eval,20,20,600064000,277,layer::3/action/1/decoder/5/log_likelihood,delta,0.0003062166461257343,0.00029368116847616754,1000.0,41503,14896,1
RodentForwardModel_delay5_eff5-20260619-033243,forward_model,RodentForwardModel,old_eval,5,5,600064000,277,layer::3/action/1/delay,delta,0.5905582932867417,0.5554826245149013,100.0,55899,24526,277
RodentForwardModel_delay10_eff10-20260619-033822,forward_model,RodentForwardModel,old_eval,10,10,600064000,277,layer::3/action/1/delay,delta,0.524258341859063,0.4975129951772411,100.0,51081,21618,277
RodentForwardModel_delay20_eff20-20260619-034701,forward_model,RodentForwardModel,old_eval,20,20,600064000,277,layer::3/action/1/delay,delta,0.4914796891530522,0.48932437709911736,1000.0,41503,14896,277
RodentForwardModel_delay0_eff0-20260619-032834,forward_model,RodentForwardModel,old_eval,0,0,600064000,277,layer::3/action/1/predictor/0,delta,,-inf,1.0,57068,24990,512
RodentForwardModel_delay5_eff5-20260619-033243,forward_model,RodentForwardModel,old_eval,5,5,600064000,277,layer::3/action/1/predictor/0,delta,0.8081668211078754,0.7868009149683852,10.0,55899,24526,512
RodentForwardModel_delay10_eff10-20260619-033822,forward_model,RodentForwardModel,old_eval,10,10,600064000,277,layer::3/action/1/predictor/0,delta,0.7209393727232084,0.663806883221678,10.0,51081,21618,512
RodentForwardModel_delay20_eff20-20260619-034701,forward_model,RodentForwardModel,old_eval,20,20,600064000,277,layer::3/action/1/predictor/0,delta,0.6003287406613336,0.5387116951756099,100.0,41503,14896,512
RodentForwardModel_delay0_eff0-20260619-032834,forward_model,RodentForwardModel,old_eval,0,0,600064000,277,layer::3/action/1/predictor/1,delta,,-inf,1.0,57068,24990,512
RodentForwardModel_delay5_eff5-20260619-033243,forward_model,RodentForwardModel,old_eval,5,5,600064000,277,layer::3/action/1/predictor/1,delta,0.7135518518375984,0.6819914979959102,1.0,55899,24526,512
RodentForwardModel_delay10_eff10-20260619-033822,forward_model,RodentForwardModel,old_eval,10,10,600064000,277,layer::3/action/1/predictor/1,delta,0.6265037920918988,0.5392233856893542,10.0,51081,21618,512
RodentForwardModel_delay20_eff20-20260619-034701,forward_model,RodentForwardModel,old_eval,20,20,600064000,277,layer::3/action/1/predictor/1,delta,0.4768384218942272,0.42545132651201545,10.0,41503,14896,512
RodentForwardModel_delay0_eff0-20260619-032834,forward_model,RodentForwardModel,old_eval,0,0,600064000,277,layer::3/action/1/predictor/2,delta,,-inf,1.0,57068,24990,512
RodentForwardModel_delay5_eff5-20260619-033243,forward_model,RodentForwardModel,old_eval,5,5,600064000,277,layer::3/action/1/predictor/2,delta,0.6822093005036497,0.6462118667042858,10.0,55899,24526,512
RodentForwardModel_delay10_eff10-20260619-033822,forward_model,RodentForwardModel,old_eval,10,10,600064000,277,layer::3/action/1/predictor/2,delta,0.574669966897273,0.46831677269230043,10.0,51081,21618,512
RodentForwardModel_delay20_eff20-20260619-034701,forward_model,RodentForwardModel,old_eval,20,20,600064000,277,layer::3/action/1/predictor/2,delta,0.4580938276728175,0.4115882345283658,10.0,41503,14896,512
RodentForwardModel_delay0_eff0-20260619-032834,forward_model,RodentForwardModel,old_eval,0,0,600064000,277,layer::3/action/1/predictor/3,delta,,-inf,1.0,57068,24990,512
RodentForwardModel_delay5_eff5-20260619-033243,forward_model,RodentForwardModel,old_eval,5,5,600064000,277,layer::3/action/1/predictor/3,delta,0.6548508375560702,0.6261655265586643,1.0,55899,24526,512
RodentForwardModel_delay10_eff10-20260619-033822,forward_model,RodentForwardModel,old_eval,10,10,600064000,277,layer::3/action/1/predictor/3,delta,0.5423179460482992,0.46553294300887615,10.0,51081,21618,512
RodentForwardModel_delay20_eff20-20260619-034701,forward_model,RodentForwardModel,old_eval,20,20,600064000,277,layer::3/action/1/predictor/3,delta,0.45379908542577885,0.4115610924522898,10.0,41503,14896,512
RodentForwardModel_delay0_eff0-20260619-032834,forward_model,RodentForwardModel,old_eval,0,0,600064000,277,layer::3/action/1/predictor/4,delta,,-inf,1.0,57068,24990,277
RodentForwardModel_delay5_eff5-20260619-033243,forward_model,RodentForwardModel,old_eval,5,5,600064000,277,layer::3/action/1/predictor/4,delta,0.5711155722369776,0.5286850468218813,1.0,55899,24526,277
RodentForwardModel_delay10_eff10-20260619-033822,forward_model,RodentForwardModel,old_eval,10,10,600064000,277,layer::3/action/1/predictor/4,delta,0.4837425081029578,0.4278438326859202,10.0,51081,21618,277
RodentForwardModel_delay20_eff20-20260619-034701,forward_model,RodentForwardModel,old_eval,20,20,600064000,277,layer::3/action/1/predictor/4,delta,0.42369369825385395,0.39389505063917307,1.0,41503,14896,277
RodentForwardModel_delay0_eff0-20260619-032834,forward_model,RodentForwardModel,old_eval,0,0,600064000,277,layer::3/value/0,delta,,-inf,1.0,57068,24990,917
RodentForwardModel_delay5_eff5-20260619-033243,forward_model,RodentForwardModel,old_eval,5,5,600064000,277,layer::3/value/0,delta,0.6085479566754612,0.5744753161577858,1000.0,55899,24526,917
RodentForwardModel_delay10_eff10-20260619-033822,forward_model,RodentForwardModel,old_eval,10,10,600064000,277,layer::3/value/0,delta,0.5308241779650158,0.4955580889114076,1000.0,51081,21618,917
RodentForwardModel_delay20_eff20-20260619-034701,forward_model,RodentForwardModel,old_eval,20,20,600064000,277,layer::3/value/0,delta,0.5031110212833119,0.49603758233747297,1000.0,41503,14896,917
RodentForwardModel_delay0_eff0-20260619-032834,forward_model,RodentForwardModel,old_eval,0,0,600064000,277,layer::3/value/1,delta,,-inf,1.0,57068,24990,1024
RodentForwardModel_delay5_eff5-20260619-033243,forward_model,RodentForwardModel,old_eval,5,5,600064000,277,layer::3/value/1,delta,0.30889542877845844,0.19428223707210113,1000.0,55899,24526,1024
RodentForwardModel_delay10_eff10-20260619-033822,forward_model,RodentForwardModel,old_eval,10,10,600064000,277,layer::3/value/1,delta,0.24892101820308554,0.12568034678826778,1000.0,51081,21618,1024
RodentForwardModel_delay20_eff20-20260619-034701,forward_model,RodentForwardModel,old_eval,20,20,600064000,277,layer::3/value/1,delta,0.12696164062799276,0.03425264911869619,1000.0,41503,14896,1024
RodentForwardModel_delay0_eff0-20260619-032834,forward_model,RodentForwardModel,old_eval,0,0,600064000,277,layer::3/value/2,delta,,-inf,1.0,57068,24990,1024
RodentForwardModel_delay5_eff5-20260619-033243,forward_model,RodentForwardModel,old_eval,5,5,600064000,277,layer::3/value/2,delta,0.08413357794694998,0.019729321980465175,1000.0,55899,24526,1024
RodentForwardModel_delay10_eff10-20260619-033822,forward_model,RodentForwardModel,old_eval,10,10,600064000,277,layer::3/value/2,delta,0.10579833968193908,0.02486563831184674,1000.0,51081,21618,1024
RodentForwardModel_delay20_eff20-20260619-034701,forward_model,RodentForwardModel,old_eval,20,20,600064000,277,layer::3/value/2,delta,0.009604170761557285,-0.04636022807154583,1000.0,41503,14896,1024
RodentForwardModel_delay0_eff0-20260619-032834,forward_model,RodentForwardModel,old_eval,0,0,600064000,277,layer::3/value/3,delta,,-inf,1.0,57068,24990,1
RodentForwardModel_delay5_eff5-20260619-033243,forward_model,RodentForwardModel,old_eval,5,5,600064000,277,layer::3/value/3,delta,-3.161211332258773e-06,-2.6826972390203707e-06,1000.0,55899,24526,1
RodentForwardModel_delay10_eff10-20260619-033822,forward_model,RodentForwardModel,old_eval,10,10,600064000,277,layer::3/value/3,delta,1.1889827890687599e-05,2.739777439997315e-05,1000.0,51081,21618,1
RodentForwardModel_delay20_eff20-20260619-034701,forward_model,RodentForwardModel,old_eval,20,20,600064000,277,layer::3/value/3,delta,0.0005961782321917131,0.0005032674633549394,1000.0,41503,14896,1
RodentForwardModel_delay0_eff0-20260619-032834,forward_model,RodentForwardModel,old_eval,0,0,600064000,277,input::current_proprio,proprio,0.9999999944231577,0.9999999904444876,1.0,57068,24990,277
RodentForwardModel_delay5_eff5-20260619-033243,forward_model,RodentForwardModel,old_eval,5,5,600064000,277,input::current_proprio,proprio,0.9999999901290065,0.9999999818208698,1.0,55899,24526,277
RodentForwardModel_delay10_eff10-20260619-033822,forward_model,RodentForwardModel,old_eval,10,10,600064000,277,input::current_proprio,proprio,0.9999999938005372,0.9999999498093586,1.0,51081,21618,277
RodentForwardModel_delay20_eff20-20260619-034701,forward_model,RodentForwardModel,old_eval,20,20,600064000,277,input::current_proprio,proprio,0.9999999817364711,0.9999999828992753,1.0,41503,14896,277
RodentForwardModel_delay0_eff0-20260619-032834,forward_model,RodentForwardModel,old_eval,0,0,600064000,277,input::delayed_proprio,proprio,0.9999999944231577,0.9999999904444876,1.0,57068,24990,277
RodentForwardModel_delay5_eff5-20260619-033243,forward_model,RodentForwardModel,old_eval,5,5,600064000,277,input::delayed_proprio,proprio,0.15637185614853788,0.13040184468291083,100.0,55899,24526,277
RodentForwardModel_delay10_eff10-20260619-033822,forward_model,RodentForwardModel,old_eval,10,10,600064000,277,input::delayed_proprio,proprio,0.10095846863576441,0.08405570255020445,1000.0,51081,21618,277
RodentForwardModel_delay20_eff20-20260619-034701,forward_model,RodentForwardModel,old_eval,20,20,600064000,277,input::delayed_proprio,proprio,0.05743342357950976,0.0541843632526644,1000.0,41503,14896,277
RodentForwardModel_delay0_eff0-20260619-032834,forward_model,RodentForwardModel,old_eval,0,0,600064000,277,layer::0/state/proprioception,proprio,0.9999999445020756,0.9999999413894356,1.0,57068,24990,277
RodentForwardModel_delay5_eff5-20260619-033243,forward_model,RodentForwardModel,old_eval,5,5,600064000,277,layer::0/state/proprioception,proprio,0.9999999427241091,0.9999999334689086,1.0,55899,24526,277
RodentForwardModel_delay10_eff10-20260619-033822,forward_model,RodentForwardModel,old_eval,10,10,600064000,277,layer::0/state/proprioception,proprio,0.9999999467571489,0.9999999007501587,1.0,51081,21618,277
RodentForwardModel_delay20_eff20-20260619-034701,forward_model,RodentForwardModel,old_eval,20,20,600064000,277,layer::0/state/proprioception,proprio,0.9999999331049,0.9999999333178148,1.0,41503,14896,277
RodentForwardModel_delay0_eff0-20260619-032834,forward_model,RodentForwardModel,old_eval,0,0,600064000,277,layer::0/state/task_obs,proprio,0.10426952112786714,0.09249261799428288,100.0,57068,24990,640
RodentForwardModel_delay5_eff5-20260619-033243,forward_model,RodentForwardModel,old_eval,5,5,600064000,277,layer::0/state/task_obs,proprio,0.08214093845500736,0.07179663685882709,1000.0,55899,24526,640
RodentForwardModel_delay10_eff10-20260619-033822,forward_model,RodentForwardModel,old_eval,10,10,600064000,277,layer::0/state/task_obs,proprio,0.06800953460011061,0.06792720073599523,100.0,51081,21618,640
RodentForwardModel_delay20_eff20-20260619-034701,forward_model,RodentForwardModel,old_eval,20,20,600064000,277,layer::0/state/task_obs,proprio,0.0432028529884686,0.044674050442533586,1000.0,41503,14896,640
RodentForwardModel_delay0_eff0-20260619-032834,forward_model,RodentForwardModel,old_eval,0,0,600064000,277,layer::1/state/proprioception,proprio,0.999999951988102,0.9999999473077994,1.0,57068,24990,277
RodentForwardModel_delay5_eff5-20260619-033243,forward_model,RodentForwardModel,old_eval,5,5,600064000,277,layer::1/state/proprioception,proprio,0.9999999467724054,0.9999999357172034,1.0,55899,24526,277
RodentForwardModel_delay10_eff10-20260619-033822,forward_model,RodentForwardModel,old_eval,10,10,600064000,277,layer::1/state/proprioception,proprio,0.9999999497911382,0.9999999063328759,1.0,51081,21618,277
RodentForwardModel_delay20_eff20-20260619-034701,forward_model,RodentForwardModel,old_eval,20,20,600064000,277,layer::1/state/proprioception,proprio,0.9999999385928288,0.9999999375859782,1.0,41503,14896,277
RodentForwardModel_delay0_eff0-20260619-032834,forward_model,RodentForwardModel,old_eval,0,0,600064000,277,layer::1/state/task_obs,proprio,0.10427723740458117,0.09253165456765844,100.0,57068,24990,640
RodentForwardModel_delay5_eff5-20260619-033243,forward_model,RodentForwardModel,old_eval,5,5,600064000,277,layer::1/state/task_obs,proprio,0.0821338584260416,0.07179558727821334,1000.0,55899,24526,640
RodentForwardModel_delay10_eff10-20260619-033822,forward_model,RodentForwardModel,old_eval,10,10,600064000,277,layer::1/state/task_obs,proprio,0.0680136325657742,0.06791461098261564,100.0,51081,21618,640
RodentForwardModel_delay20_eff20-20260619-034701,forward_model,RodentForwardModel,old_eval,20,20,600064000,277,layer::1/state/task_obs,proprio,0.0432025203586105,0.044679662100928885,1000.0,41503,14896,640
RodentForwardModel_delay0_eff0-20260619-032834,forward_model,RodentForwardModel,old_eval,0,0,600064000,277,layer::2/proprioception,proprio,0.999999951988102,0.9999999473077994,1.0,57068,24990,277
RodentForwardModel_delay5_eff5-20260619-033243,forward_model,RodentForwardModel,old_eval,5,5,600064000,277,layer::2/proprioception,proprio,0.9999999467724054,0.9999999357172034,1.0,55899,24526,277
RodentForwardModel_delay10_eff10-20260619-033822,forward_model,RodentForwardModel,old_eval,10,10,600064000,277,layer::2/proprioception,proprio,0.9999999497911382,0.9999999063328759,1.0,51081,21618,277
RodentForwardModel_delay20_eff20-20260619-034701,forward_model,RodentForwardModel,old_eval,20,20,600064000,277,layer::2/proprioception,proprio,0.9999999385928288,0.9999999375859782,1.0,41503,14896,277
RodentForwardModel_delay0_eff0-20260619-032834,forward_model,RodentForwardModel,old_eval,0,0,600064000,277,layer::2/task_obs,proprio,0.10427723740458117,0.09253165456765844,100.0,57068,24990,640
RodentForwardModel_delay5_eff5-20260619-033243,forward_model,RodentForwardModel,old_eval,5,5,600064000,277,layer::2/task_obs,proprio,0.0821338584260416,0.07179558727821334,1000.0,55899,24526,640
RodentForwardModel_delay10_eff10-20260619-033822,forward_model,RodentForwardModel,old_eval,10,10,600064000,277,layer::2/task_obs,proprio,0.0680136325657742,0.06791461098261564,100.0,51081,21618,640
RodentForwardModel_delay20_eff20-20260619-034701,forward_model,RodentForwardModel,old_eval,20,20,600064000,277,layer::2/task_obs,proprio,0.0432025203586105,0.044679662100928885,1000.0,41503,14896,640
RodentForwardModel_delay0_eff0-20260619-032834,forward_model,RodentForwardModel,old_eval,0,0,600064000,277,layer::3/action/0/proprioception,proprio,0.999999951988102,0.9999999473077994,1.0,57068,24990,277
RodentForwardModel_delay5_eff5-20260619-033243,forward_model,RodentForwardModel,old_eval,5,5,600064000,277,layer::3/action/0/proprioception,proprio,0.9999999467724054,0.9999999357172034,1.0,55899,24526,277
RodentForwardModel_delay10_eff10-20260619-033822,forward_model,RodentForwardModel,old_eval,10,10,600064000,277,layer::3/action/0/proprioception,proprio,0.9999999497911382,0.9999999063328759,1.0,51081,21618,277
RodentForwardModel_delay20_eff20-20260619-034701,forward_model,RodentForwardModel,old_eval,20,20,600064000,277,layer::3/action/0/proprioception,proprio,0.9999999385928288,0.9999999375859782,1.0,41503,14896,277
RodentForwardModel_delay0_eff0-20260619-032834,forward_model,RodentForwardModel,old_eval,0,0,600064000,277,layer::3/action/0/task_obs/0,proprio,0.10427723740458117,0.09253165456765844,100.0,57068,24990,640
RodentForwardModel_delay5_eff5-20260619-033243,forward_model,RodentForwardModel,old_eval,5,5,600064000,277,layer::3/action/0/task_obs/0,proprio,0.0821338584260416,0.07179558727821334,1000.0,55899,24526,640
RodentForwardModel_delay10_eff10-20260619-033822,forward_model,RodentForwardModel,old_eval,10,10,600064000,277,layer::3/action/0/task_obs/0,proprio,0.0680136325657742,0.06791461098261564,100.0,51081,21618,640
RodentForwardModel_delay20_eff20-20260619-034701,forward_model,RodentForwardModel,old_eval,20,20,600064000,277,layer::3/action/0/task_obs/0,proprio,0.0432025203586105,0.044679662100928885,1000.0,41503,14896,640
RodentForwardModel_delay0_eff0-20260619-032834,forward_model,RodentForwardModel,old_eval,0,0,600064000,277,layer::3/action/0/task_obs/1,proprio,0.08901566965356722,0.0640975542937835,1000.0,57068,24990,512
RodentForwardModel_delay5_eff5-20260619-033243,forward_model,RodentForwardModel,old_eval,5,5,600064000,277,layer::3/action/0/task_obs/1,proprio,0.07286270209588686,0.04026558587852258,1000.0,55899,24526,512
RodentForwardModel_delay10_eff10-20260619-033822,forward_model,RodentForwardModel,old_eval,10,10,600064000,277,layer::3/action/0/task_obs/1,proprio,0.05992485545185,0.030557900789660142,1000.0,51081,21618,512
RodentForwardModel_delay20_eff20-20260619-034701,forward_model,RodentForwardModel,old_eval,20,20,600064000,277,layer::3/action/0/task_obs/1,proprio,0.03194554982274156,-0.0002438959487507386,1000.0,41503,14896,512
RodentForwardModel_delay0_eff0-20260619-032834,forward_model,RodentForwardModel,old_eval,0,0,600064000,277,layer::3/action/0/task_obs/2,proprio,0.07994132823778477,0.04743392935158952,1000.0,57068,24990,512
RodentForwardModel_delay5_eff5-20260619-033243,forward_model,RodentForwardModel,old_eval,5,5,600064000,277,layer::3/action/0/task_obs/2,proprio,0.06562323087776212,0.03778902545015572,1000.0,55899,24526,512
RodentForwardModel_delay10_eff10-20260619-033822,forward_model,RodentForwardModel,old_eval,10,10,600064000,277,layer::3/action/0/task_obs/2,proprio,0.056710684383032284,0.02184416420395674,1000.0,51081,21618,512
RodentForwardModel_delay20_eff20-20260619-034701,forward_model,RodentForwardModel,old_eval,20,20,600064000,277,layer::3/action/0/task_obs/2,proprio,0.011054288075640906,-0.027933447662324973,1000.0,41503,14896,512
RodentForwardModel_delay0_eff0-20260619-032834,forward_model,RodentForwardModel,old_eval,0,0,600064000,277,layer::3/action/0/task_obs/3,proprio,0.08531834551803574,0.046288190947348706,1000.0,57068,24990,512
RodentForwardModel_delay5_eff5-20260619-033243,forward_model,RodentForwardModel,old_eval,5,5,600064000,277,layer::3/action/0/task_obs/3,proprio,0.07142736782364723,0.0389207732320358,1000.0,55899,24526,512
RodentForwardModel_delay10_eff10-20260619-033822,forward_model,RodentForwardModel,old_eval,10,10,600064000,277,layer::3/action/0/task_obs/3,proprio,0.05681207108907993,0.02399384318237452,1000.0,51081,21618,512
RodentForwardModel_delay20_eff20-20260619-034701,forward_model,RodentForwardModel,old_eval,20,20,600064000,277,layer::3/action/0/task_obs/3,proprio,0.029885462234647275,0.009920748298355098,1000.0,41503,14896,512
RodentForwardModel_delay0_eff0-20260619-032834,forward_model,RodentForwardModel,old_eval,0,0,600064000,277,layer::3/action/0/task_obs/4,proprio,0.08458985884825454,0.046580416139855974,1000.0,57068,24990,512
RodentForwardModel_delay5_eff5-20260619-033243,forward_model,RodentForwardModel,old_eval,5,5,600064000,277,layer::3/action/0/task_obs/4,proprio,0.07704147679208984,0.037736696359552124,1000.0,55899,24526,512
RodentForwardModel_delay10_eff10-20260619-033822,forward_model,RodentForwardModel,old_eval,10,10,600064000,277,layer::3/action/0/task_obs/4,proprio,0.06704878931675529,0.03608822830652747,1000.0,51081,21618,512
RodentForwardModel_delay20_eff20-20260619-034701,forward_model,RodentForwardModel,old_eval,20,20,600064000,277,layer::3/action/0/task_obs/4,proprio,0.043692484139653986,0.009557559353394529,1000.0,41503,14896,512
RodentForwardModel_delay0_eff0-20260619-032834,forward_model,RodentForwardModel,old_eval,0,0,600064000,277,layer::3/action/0/task_obs/5,proprio,0.06748006745428803,0.05922237548431308,1000.0,57068,24990,64
RodentForwardModel_delay5_eff5-20260619-033243,forward_model,RodentForwardModel,old_eval,5,5,600064000,277,layer::3/action/0/task_obs/5,proprio,0.07401618041499736,0.05957831899318833,1000.0,55899,24526,64
RodentForwardModel_delay10_eff10-20260619-033822,forward_model,RodentForwardModel,old_eval,10,10,600064000,277,layer::3/action/0/task_obs/5,proprio,0.074537442125721,0.0648838205567891,1000.0,51081,21618,64
RodentForwardModel_delay20_eff20-20260619-034701,forward_model,RodentForwardModel,old_eval,20,20,600064000,277,layer::3/action/0/task_obs/5,proprio,0.06212683087789672,0.060149616467284894,1000.0,41503,14896,64
RodentForwardModel_delay0_eff0-20260619-032834,forward_model,RodentForwardModel,old_eval,0,0,600064000,277,layer::3/action/0/task_obs/6,proprio,0.02752606347830111,0.023441312555360083,1000.0,57068,24990,32
RodentForwardModel_delay5_eff5-20260619-033243,forward_model,RodentForwardModel,old_eval,5,5,600064000,277,layer::3/action/0/task_obs/6,proprio,0.03660743136832323,0.027497212801194992,1000.0,55899,24526,32
RodentForwardModel_delay10_eff10-20260619-033822,forward_model,RodentForwardModel,old_eval,10,10,600064000,277,layer::3/action/0/task_obs/6,proprio,0.04465667016005592,0.03642738084654873,1000.0,51081,21618,32
RodentForwardModel_delay20_eff20-20260619-034701,forward_model,RodentForwardModel,old_eval,20,20,600064000,277,layer::3/action/0/task_obs/6,proprio,0.04520838927982751,0.043241569041409855,1000.0,41503,14896,32
RodentForwardModel_delay0_eff0-20260619-032834,forward_model,RodentForwardModel,old_eval,0,0,600064000,277,layer::3/action/1/decoder/0,proprio,0.8302383062456946,0.8033605622584425,100.0,57068,24990,512
RodentForwardModel_delay5_eff5-20260619-033243,forward_model,RodentForwardModel,old_eval,5,5,600064000,277,layer::3/action/1/decoder/0,proprio,0.7572309397832209,0.7449124391121418,1000.0,55899,24526,512
RodentForwardModel_delay10_eff10-20260619-033822,forward_model,RodentForwardModel,old_eval,10,10,600064000,277,layer::3/action/1/decoder/0,proprio,0.7654797617412408,0.7041968071357694,1000.0,51081,21618,512
RodentForwardModel_delay20_eff20-20260619-034701,forward_model,RodentForwardModel,old_eval,20,20,600064000,277,layer::3/action/1/decoder/0,proprio,0.6940255464166118,0.6472044196214712,1000.0,41503,14896,512
RodentForwardModel_delay0_eff0-20260619-032834,forward_model,RodentForwardModel,old_eval,0,0,600064000,277,layer::3/action/1/decoder/1,proprio,0.6824539057688288,0.6384151031404175,1000.0,57068,24990,512
RodentForwardModel_delay5_eff5-20260619-033243,forward_model,RodentForwardModel,old_eval,5,5,600064000,277,layer::3/action/1/decoder/1,proprio,0.6425920665726628,0.632891262473797,1000.0,55899,24526,512
RodentForwardModel_delay10_eff10-20260619-033822,forward_model,RodentForwardModel,old_eval,10,10,600064000,277,layer::3/action/1/decoder/1,proprio,0.648094483910552,0.5914887100744235,1000.0,51081,21618,512
RodentForwardModel_delay20_eff20-20260619-034701,forward_model,RodentForwardModel,old_eval,20,20,600064000,277,layer::3/action/1/decoder/1,proprio,0.5735374209699176,0.5488988749590364,1000.0,41503,14896,512
RodentForwardModel_delay0_eff0-20260619-032834,forward_model,RodentForwardModel,old_eval,0,0,600064000,277,layer::3/action/1/decoder/2,proprio,0.6014366391967216,0.5471131006340897,1000.0,57068,24990,512
RodentForwardModel_delay5_eff5-20260619-033243,forward_model,RodentForwardModel,old_eval,5,5,600064000,277,layer::3/action/1/decoder/2,proprio,0.5804076765638864,0.5750742522056749,1000.0,55899,24526,512
RodentForwardModel_delay10_eff10-20260619-033822,forward_model,RodentForwardModel,old_eval,10,10,600064000,277,layer::3/action/1/decoder/2,proprio,0.5898925953554872,0.5413853456298396,1000.0,51081,21618,512
RodentForwardModel_delay20_eff20-20260619-034701,forward_model,RodentForwardModel,old_eval,20,20,600064000,277,layer::3/action/1/decoder/2,proprio,0.5156624866920337,0.49242549814480385,1000.0,41503,14896,512
RodentForwardModel_delay0_eff0-20260619-032834,forward_model,RodentForwardModel,old_eval,0,0,600064000,277,layer::3/action/1/decoder/3,proprio,0.564173905937184,0.5050083624127517,100.0,57068,24990,512
RodentForwardModel_delay5_eff5-20260619-033243,forward_model,RodentForwardModel,old_eval,5,5,600064000,277,layer::3/action/1/decoder/3,proprio,0.5388136745945056,0.5321578380318683,100.0,55899,24526,512
RodentForwardModel_delay10_eff10-20260619-033822,forward_model,RodentForwardModel,old_eval,10,10,600064000,277,layer::3/action/1/decoder/3,proprio,0.5507700760476184,0.5084937584798841,1000.0,51081,21618,512
RodentForwardModel_delay20_eff20-20260619-034701,forward_model,RodentForwardModel,old_eval,20,20,600064000,277,layer::3/action/1/decoder/3,proprio,0.4670002352801863,0.4630709734193844,100.0,41503,14896,512
RodentForwardModel_delay0_eff0-20260619-032834,forward_model,RodentForwardModel,old_eval,0,0,600064000,277,layer::3/action/1/decoder/4,proprio,0.40779259770560017,0.36655457213120124,1000.0,57068,24990,76
RodentForwardModel_delay5_eff5-20260619-033243,forward_model,RodentForwardModel,old_eval,5,5,600064000,277,layer::3/action/1/decoder/4,proprio,0.4175796836020016,0.4065653216615971,1.0,55899,24526,76
RodentForwardModel_delay10_eff10-20260619-033822,forward_model,RodentForwardModel,old_eval,10,10,600064000,277,layer::3/action/1/decoder/4,proprio,0.4151669883063791,0.37358337439990985,100.0,51081,21618,76
RodentForwardModel_delay20_eff20-20260619-034701,forward_model,RodentForwardModel,old_eval,20,20,600064000,277,layer::3/action/1/decoder/4,proprio,0.35494943250019906,0.3270715271030127,100.0,41503,14896,76
RodentForwardModel_delay0_eff0-20260619-032834,forward_model,RodentForwardModel,old_eval,0,0,600064000,277,layer::3/action/1/decoder/5/action,proprio,0.3424137250115393,0.32047748817720967,1000.0,57068,24990,38
RodentForwardModel_delay5_eff5-20260619-033243,forward_model,RodentForwardModel,old_eval,5,5,600064000,277,layer::3/action/1/decoder/5/action,proprio,0.3715746465861941,0.3624832357610708,100.0,55899,24526,38
RodentForwardModel_delay10_eff10-20260619-033822,forward_model,RodentForwardModel,old_eval,10,10,600064000,277,layer::3/action/1/decoder/5/action,proprio,0.3656621591573975,0.3305979738890228,1000.0,51081,21618,38
RodentForwardModel_delay20_eff20-20260619-034701,forward_model,RodentForwardModel,old_eval,20,20,600064000,277,layer::3/action/1/decoder/5/action,proprio,0.30881322766939345,0.28867752580895223,1000.0,41503,14896,38
RodentForwardModel_delay0_eff0-20260619-032834,forward_model,RodentForwardModel,old_eval,0,0,600064000,277,layer::3/action/1/decoder/5/log_likelihood,proprio,0.0019014484152871658,0.0020405844583720745,1000.0,57068,24990,1
RodentForwardModel_delay5_eff5-20260619-033243,forward_model,RodentForwardModel,old_eval,5,5,600064000,277,layer::3/action/1/decoder/5/log_likelihood,proprio,0.0054645079563949706,0.0011719317253808814,1000.0,55899,24526,1
RodentForwardModel_delay10_eff10-20260619-033822,forward_model,RodentForwardModel,old_eval,10,10,600064000,277,layer::3/action/1/decoder/5/log_likelihood,proprio,0.005814709723637734,0.005408540922950511,1000.0,51081,21618,1
RodentForwardModel_delay20_eff20-20260619-034701,forward_model,RodentForwardModel,old_eval,20,20,600064000,277,layer::3/action/1/decoder/5/log_likelihood,proprio,0.004633312170682635,0.011729029790725543,1.0,41503,14896,1
RodentForwardModel_delay5_eff5-20260619-033243,forward_model,RodentForwardModel,old_eval,5,5,600064000,277,layer::3/action/1/delay,proprio,0.15637072334390334,0.13040634288554154,100.0,55899,24526,277
RodentForwardModel_delay10_eff10-20260619-033822,forward_model,RodentForwardModel,old_eval,10,10,600064000,277,layer::3/action/1/delay,proprio,0.10095778564148716,0.08405484610439629,1000.0,51081,21618,277
RodentForwardModel_delay20_eff20-20260619-034701,forward_model,RodentForwardModel,old_eval,20,20,600064000,277,layer::3/action/1/delay,proprio,0.0574341997158454,0.054178389551791994,1000.0,41503,14896,277
RodentForwardModel_delay0_eff0-20260619-032834,forward_model,RodentForwardModel,old_eval,0,0,600064000,277,layer::3/action/1/predictor/0,proprio,0.9997089495897588,0.999619900252086,10.0,57068,24990,512
RodentForwardModel_delay5_eff5-20260619-033243,forward_model,RodentForwardModel,old_eval,5,5,600064000,277,layer::3/action/1/predictor/0,proprio,0.818302597039585,0.807965282272336,10.0,55899,24526,512
RodentForwardModel_delay10_eff10-20260619-033822,forward_model,RodentForwardModel,old_eval,10,10,600064000,277,layer::3/action/1/predictor/0,proprio,0.7840228287042764,0.7342143976762228,10.0,51081,21618,512
RodentForwardModel_delay20_eff20-20260619-034701,forward_model,RodentForwardModel,old_eval,20,20,600064000,277,layer::3/action/1/predictor/0,proprio,0.7243035673221767,0.6662170501370301,100.0,41503,14896,512
RodentForwardModel_delay0_eff0-20260619-032834,forward_model,RodentForwardModel,old_eval,0,0,600064000,277,layer::3/action/1/predictor/1,proprio,0.999221380994155,0.9990692429581042,10.0,57068,24990,512
RodentForwardModel_delay5_eff5-20260619-033243,forward_model,RodentForwardModel,old_eval,5,5,600064000,277,layer::3/action/1/predictor/1,proprio,0.8301996299127259,0.8142466661383778,10.0,55899,24526,512
RodentForwardModel_delay10_eff10-20260619-033822,forward_model,RodentForwardModel,old_eval,10,10,600064000,277,layer::3/action/1/predictor/1,proprio,0.7991796290126862,0.7527944970273622,100.0,51081,21618,512
RodentForwardModel_delay20_eff20-20260619-034701,forward_model,RodentForwardModel,old_eval,20,20,600064000,277,layer::3/action/1/predictor/1,proprio,0.7342593175721479,0.6773313016314056,10.0,41503,14896,512
RodentForwardModel_delay0_eff0-20260619-032834,forward_model,RodentForwardModel,old_eval,0,0,600064000,277,layer::3/action/1/predictor/2,proprio,0.9990235272400789,0.99869767012714,1.0,57068,24990,512
RodentForwardModel_delay5_eff5-20260619-033243,forward_model,RodentForwardModel,old_eval,5,5,600064000,277,layer::3/action/1/predictor/2,proprio,0.8781114249294617,0.8782621996315823,1.0,55899,24526,512
RodentForwardModel_delay10_eff10-20260619-033822,forward_model,RodentForwardModel,old_eval,10,10,600064000,277,layer::3/action/1/predictor/2,proprio,0.8584704381104735,0.8173119300674314,10.0,51081,21618,512
RodentForwardModel_delay20_eff20-20260619-034701,forward_model,RodentForwardModel,old_eval,20,20,600064000,277,layer::3/action/1/predictor/2,proprio,0.7836875323898325,0.7582901240665263,10.0,41503,14896,512
RodentForwardModel_delay0_eff0-20260619-032834,forward_model,RodentForwardModel,old_eval,0,0,600064000,277,layer::3/action/1/predictor/3,proprio,0.998918906406408,0.9986456485970345,1.0,57068,24990,512
RodentForwardModel_delay5_eff5-20260619-033243,forward_model,RodentForwardModel,old_eval,5,5,600064000,277,layer::3/action/1/predictor/3,proprio,0.8822797565829401,0.8785335537052782,10.0,55899,24526,512
RodentForwardModel_delay10_eff10-20260619-033822,forward_model,RodentForwardModel,old_eval,10,10,600064000,277,layer::3/action/1/predictor/3,proprio,0.8735556568242132,0.8429185891733945,10.0,51081,21618,512
RodentForwardModel_delay20_eff20-20260619-034701,forward_model,RodentForwardModel,old_eval,20,20,600064000,277,layer::3/action/1/predictor/3,proprio,0.8161148272642059,0.786745214597963,100.0,41503,14896,512
RodentForwardModel_delay0_eff0-20260619-032834,forward_model,RodentForwardModel,old_eval,0,0,600064000,277,layer::3/action/1/predictor/4,proprio,0.9987911429079438,0.9985773386885364,10.0,57068,24990,277
RodentForwardModel_delay5_eff5-20260619-033243,forward_model,RodentForwardModel,old_eval,5,5,600064000,277,layer::3/action/1/predictor/4,proprio,0.8782202007244853,0.8750147972124038,100.0,55899,24526,277
RodentForwardModel_delay10_eff10-20260619-033822,forward_model,RodentForwardModel,old_eval,10,10,600064000,277,layer::3/action/1/predictor/4,proprio,0.8698955474085299,0.846161574753759,100.0,51081,21618,277
RodentForwardModel_delay20_eff20-20260619-034701,forward_model,RodentForwardModel,old_eval,20,20,600064000,277,layer::3/action/1/predictor/4,proprio,0.813824324201461,0.7823260336116615,100.0,41503,14896,277
RodentForwardModel_delay0_eff0-20260619-032834,forward_model,RodentForwardModel,old_eval,0,0,600064000,277,layer::3/value/0,proprio,0.9999999491437789,0.9999999440179139,1.0,57068,24990,917
RodentForwardModel_delay5_eff5-20260619-033243,forward_model,RodentForwardModel,old_eval,5,5,600064000,277,layer::3/value/0,proprio,0.9999999444427696,0.9999999327996251,1.0,55899,24526,917
RodentForwardModel_delay10_eff10-20260619-033822,forward_model,RodentForwardModel,old_eval,10,10,600064000,277,layer::3/value/0,proprio,0.9999999474064313,0.9999999017128655,1.0,51081,21618,917
RodentForwardModel_delay20_eff20-20260619-034701,forward_model,RodentForwardModel,old_eval,20,20,600064000,277,layer::3/value/0,proprio,0.9999999357624614,0.9999999317098895,1.0,41503,14896,917
RodentForwardModel_delay0_eff0-20260619-032834,forward_model,RodentForwardModel,old_eval,0,0,600064000,277,layer::3/value/1,proprio,0.3772166320135695,0.3262419720438232,1000.0,57068,24990,1024
RodentForwardModel_delay5_eff5-20260619-033243,forward_model,RodentForwardModel,old_eval,5,5,600064000,277,layer::3/value/1,proprio,0.5034863478633465,0.38129794287447594,1000.0,55899,24526,1024
RodentForwardModel_delay10_eff10-20260619-033822,forward_model,RodentForwardModel,old_eval,10,10,600064000,277,layer::3/value/1,proprio,0.46343339705416975,0.30356070770515176,1000.0,51081,21618,1024
RodentForwardModel_delay20_eff20-20260619-034701,forward_model,RodentForwardModel,old_eval,20,20,600064000,277,layer::3/value/1,proprio,0.3238247022907331,0.18137091125065707,1000.0,41503,14896,1024
RodentForwardModel_delay0_eff0-20260619-032834,forward_model,RodentForwardModel,old_eval,0,0,600064000,277,layer::3/value/2,proprio,0.16794002769441863,0.11998025607992135,1000.0,57068,24990,1024
RodentForwardModel_delay5_eff5-20260619-033243,forward_model,RodentForwardModel,old_eval,5,5,600064000,277,layer::3/value/2,proprio,0.19137488215291787,0.11810270911000742,1000.0,55899,24526,1024
RodentForwardModel_delay10_eff10-20260619-033822,forward_model,RodentForwardModel,old_eval,10,10,600064000,277,layer::3/value/2,proprio,0.20828358225945132,0.13135797533470328,1000.0,51081,21618,1024
RodentForwardModel_delay20_eff20-20260619-034701,forward_model,RodentForwardModel,old_eval,20,20,600064000,277,layer::3/value/2,proprio,0.10909095142561831,0.03517719354446891,1000.0,41503,14896,1024
RodentForwardModel_delay0_eff0-20260619-032834,forward_model,RodentForwardModel,old_eval,0,0,600064000,277,layer::3/value/3,proprio,0.011572310632047222,0.00978849565226425,1.0,57068,24990,1
RodentForwardModel_delay5_eff5-20260619-033243,forward_model,RodentForwardModel,old_eval,5,5,600064000,277,layer::3/value/3,proprio,0.011401537045968357,0.01081330427394478,1000.0,55899,24526,1
RodentForwardModel_delay10_eff10-20260619-033822,forward_model,RodentForwardModel,old_eval,10,10,600064000,277,layer::3/value/3,proprio,0.011973345010005909,0.013733622400922463,1.0,51081,21618,1
RodentForwardModel_delay20_eff20-20260619-034701,forward_model,RodentForwardModel,old_eval,20,20,600064000,277,layer::3/value/3,proprio,0.00513580500971611,0.013791344421205998,1.0,41503,14896,1
