wandb_id,wandb_name,wandb_project,state,git_commit,tags,notes,env,delay_k,efference_length,fm_loss_weight,latent_size,kl_weight,body_target_frame,enc_hidden_sizes,dec_hidden_sizes,critic_hidden_sizes,fm_hidden_sizes,n_envs,total_steps,episode_reward/mean,episode_reward/std,actual_step,condition
734woltb,RodentEncDec_delay0_eff0-20260612-065718,nnx-ppo-rodent-delays,finished,1cd5838f55449417b0aa477b8452a1fbdd77f392,"EncDec,MLP,TrainEvalSplit,delay0,eff0,warp",Train-eval split,AbsoluteImitation,0,0,,32,0.001,reference_root,"[512, 512, 512, 512]","[512, 512, 512, 512]","[1024, 1024]",,4096,600000000,2004.005615234375,142.3390350341797,600064000,efference
ukzi7fjb,RodentEncDec_delay0_eff0-20260611-103104,nnx-ppo-rodent-delays,finished,1cd5838f55449417b0aa477b8452a1fbdd77f392,"EncDec,MLP,TrainEvalSplit,delay0,eff0,warp",Train-eval split,AbsoluteImitation,0,0,,32,0.001,reference_root,"[512, 512, 512, 512]","[512, 512, 512, 512]","[1024, 1024]",,4096,600000000,2006.21875,135.2272186279297,600064000,efference
68b8d25g,RodentEncDec_delay1_eff1-20260611-103118,nnx-ppo-rodent-delays,finished,1cd5838f55449417b0aa477b8452a1fbdd77f392,"EncDec,MLP,TrainEvalSplit,delay1,eff1,warp",Train-eval split,AbsoluteImitation,1,1,,32,0.001,reference_root,"[512, 512, 512, 512]","[512, 512, 512, 512]","[1024, 1024]",,4096,600000000,1984.201904296875,163.73997497558594,600064000,efference
n9982rin,RodentEncDec_delay2_eff2-20260611-103514,nnx-ppo-rodent-delays,finished,1cd5838f55449417b0aa477b8452a1fbdd77f392,"EncDec,MLP,TrainEvalSplit,delay2,eff2,warp",Train-eval split,AbsoluteImitation,2,2,,32,0.001,reference_root,"[512, 512, 512, 512]","[512, 512, 512, 512]","[1024, 1024]",,4096,600000000,1968.72412109375,195.2876739501953,600064000,efference
jir5btpe,RodentEncDec_delay3_eff3-20260611-120639,nnx-ppo-rodent-delays,finished,1cd5838f55449417b0aa477b8452a1fbdd77f392,"EncDec,MLP,TrainEvalSplit,delay3,eff3,warp",Train-eval split,AbsoluteImitation,3,3,,32,0.001,reference_root,"[512, 512, 512, 512]","[512, 512, 512, 512]","[1024, 1024]",,4096,600000000,1961.134765625,201.85113525390625,600064000,efference
nvyg0bhj,RodentEncDec_delay4_eff4-20260611-120639,nnx-ppo-rodent-delays,finished,1cd5838f55449417b0aa477b8452a1fbdd77f392,"EncDec,MLP,TrainEvalSplit,delay4,eff4,warp",Train-eval split,AbsoluteImitation,4,4,,32,0.001,reference_root,"[512, 512, 512, 512]","[512, 512, 512, 512]","[1024, 1024]",,4096,600000000,1941.1436767578125,189.53216552734375,600064000,efference
8ygr9sf4,RodentEncDec_delay5_eff5-20260611-120639,nnx-ppo-rodent-delays,finished,1cd5838f55449417b0aa477b8452a1fbdd77f392,"EncDec,MLP,TrainEvalSplit,delay5,eff5,warp",Train-eval split,AbsoluteImitation,5,5,,32,0.001,reference_root,"[512, 512, 512, 512]","[512, 512, 512, 512]","[1024, 1024]",,4096,600000000,1905.016357421875,272.0177917480469,600064000,efference
mgk9ejcb,RodentEncDec_delay6_eff6-20260611-120818,nnx-ppo-rodent-delays,finished,1cd5838f55449417b0aa477b8452a1fbdd77f392,"EncDec,MLP,TrainEvalSplit,delay6,eff6,warp",Train-eval split,AbsoluteImitation,6,6,,32,0.001,reference_root,"[512, 512, 512, 512]","[512, 512, 512, 512]","[1024, 1024]",,4096,600000000,1896.0284423828125,259.7897644042969,600064000,efference
a6929dxz,RodentEncDec_delay7_eff7-20260611-120818,nnx-ppo-rodent-delays,finished,1cd5838f55449417b0aa477b8452a1fbdd77f392,"EncDec,MLP,TrainEvalSplit,delay7,eff7,warp",Train-eval split,AbsoluteImitation,7,7,,32,0.001,reference_root,"[512, 512, 512, 512]","[512, 512, 512, 512]","[1024, 1024]",,4096,600000000,1897.8070068359375,259.460205078125,600064000,efference
5d5tvuuv,RodentEncDec_delay8_eff8-20260611-120725,nnx-ppo-rodent-delays,finished,1cd5838f55449417b0aa477b8452a1fbdd77f392,"EncDec,MLP,TrainEvalSplit,delay8,eff8,warp",Train-eval split,AbsoluteImitation,8,8,,32,0.001,reference_root,"[512, 512, 512, 512]","[512, 512, 512, 512]","[1024, 1024]",,4096,600000000,1865.0511474609375,290.9252014160156,600064000,efference
u9j3se06,RodentEncDec_delay9_eff9-20260611-120839,nnx-ppo-rodent-delays,finished,1cd5838f55449417b0aa477b8452a1fbdd77f392,"EncDec,MLP,TrainEvalSplit,delay9,eff9,warp",Train-eval split,AbsoluteImitation,9,9,,32,0.001,reference_root,"[512, 512, 512, 512]","[512, 512, 512, 512]","[1024, 1024]",,4096,600000000,1833.096435546875,331.099853515625,600064000,efference
k0i287kl,RodentEncDec_delay10_eff10-20260611-120848,nnx-ppo-rodent-delays,finished,1cd5838f55449417b0aa477b8452a1fbdd77f392,"EncDec,MLP,TrainEvalSplit,delay10,eff10,warp",Train-eval split,AbsoluteImitation,10,10,,32,0.001,reference_root,"[512, 512, 512, 512]","[512, 512, 512, 512]","[1024, 1024]",,4096,600000000,1789.60986328125,376.0146789550781,600064000,efference
xj1agjno,RodentEncDec_delay15_eff15-20260611-120902,nnx-ppo-rodent-delays,finished,1cd5838f55449417b0aa477b8452a1fbdd77f392,"EncDec,MLP,TrainEvalSplit,delay15,eff15,warp",Train-eval split,AbsoluteImitation,15,15,,32,0.001,reference_root,"[512, 512, 512, 512]","[512, 512, 512, 512]","[1024, 1024]",,4096,600000000,1592.833984375,512.7891235351562,600064000,efference
gunf0ivv,RodentEncDec_delay20_eff20-20260611-120904,nnx-ppo-rodent-delays,finished,1cd5838f55449417b0aa477b8452a1fbdd77f392,"EncDec,MLP,TrainEvalSplit,delay20,eff20,warp",Train-eval split,AbsoluteImitation,20,20,,32,0.001,reference_root,"[512, 512, 512, 512]","[512, 512, 512, 512]","[1024, 1024]",,4096,600000000,1435.531005859375,590.2176513671875,600064000,efference
w2498exh,RodentEncDec_delay30_eff30-20260611-120904,nnx-ppo-rodent-delays,finished,1cd5838f55449417b0aa477b8452a1fbdd77f392,"EncDec,MLP,TrainEvalSplit,delay30,eff30,warp",Train-eval split,AbsoluteImitation,30,30,,32,0.001,reference_root,"[512, 512, 512, 512]","[512, 512, 512, 512]","[1024, 1024]",,4096,600000000,1327.683349609375,564.8617553710938,600064000,efference
rv3u3x7n,RodentEncDec_delay40_eff40-20260611-120905,nnx-ppo-rodent-delays,finished,1cd5838f55449417b0aa477b8452a1fbdd77f392,"EncDec,MLP,TrainEvalSplit,delay40,eff40,warp",Train-eval split,AbsoluteImitation,40,40,,32,0.001,reference_root,"[512, 512, 512, 512]","[512, 512, 512, 512]","[1024, 1024]",,4096,600000000,1232.233642578125,572.444580078125,600064000,efference
1w7nuehe,RodentEncDec_delay50_eff50-20260611-120955,nnx-ppo-rodent-delays,finished,1cd5838f55449417b0aa477b8452a1fbdd77f392,"EncDec,MLP,TrainEvalSplit,delay50,eff50,warp",Train-eval split,AbsoluteImitation,50,50,,32,0.001,reference_root,"[512, 512, 512, 512]","[512, 512, 512, 512]","[1024, 1024]",,4096,600000000,1045.143310546875,559.1459350585938,600064000,efference
y7dh46ee,RodentEncDec_delay60_eff60-20260611-120954,nnx-ppo-rodent-delays,finished,1cd5838f55449417b0aa477b8452a1fbdd77f392,"EncDec,MLP,TrainEvalSplit,delay60,eff60,warp",Train-eval split,AbsoluteImitation,60,60,,32,0.001,reference_root,"[512, 512, 512, 512]","[512, 512, 512, 512]","[1024, 1024]",,4096,600000000,992.5313110351562,530.5802001953125,600064000,efference
oe9lq9ej,RodentEncDec_delay70_eff70-20260611-120906,nnx-ppo-rodent-delays,finished,1cd5838f55449417b0aa477b8452a1fbdd77f392,"EncDec,MLP,TrainEvalSplit,delay70,eff70,warp",Train-eval split,AbsoluteImitation,70,70,,32,0.001,reference_root,"[512, 512, 512, 512]","[512, 512, 512, 512]","[1024, 1024]",,4096,600000000,878.22802734375,466.50384521484375,600064000,efference
fgt63dqc,RodentEncDec_delay80_eff80-20260611-120906,nnx-ppo-rodent-delays,finished,1cd5838f55449417b0aa477b8452a1fbdd77f392,"EncDec,MLP,TrainEvalSplit,delay80,eff80,warp",Train-eval split,AbsoluteImitation,80,80,,32,0.001,reference_root,"[512, 512, 512, 512]","[512, 512, 512, 512]","[1024, 1024]",,4096,600000000,871.5228881835938,463.3311767578125,600064000,efference
2l2lwxl0,RodentEncDec_delay90_eff90-20260611-120905,nnx-ppo-rodent-delays,finished,1cd5838f55449417b0aa477b8452a1fbdd77f392,"EncDec,MLP,TrainEvalSplit,delay90,eff90,warp",Train-eval split,AbsoluteImitation,90,90,,32,0.001,reference_root,"[512, 512, 512, 512]","[512, 512, 512, 512]","[1024, 1024]",,4096,600000000,789.737548828125,413.3051452636719,600064000,efference
fmypxy1t,RodentEncDec_delay100_eff100-20260611-120955,nnx-ppo-rodent-delays,finished,1cd5838f55449417b0aa477b8452a1fbdd77f392,"EncDec,MLP,TrainEvalSplit,delay100,eff100,warp",Train-eval split,AbsoluteImitation,100,100,,32,0.001,reference_root,"[512, 512, 512, 512]","[512, 512, 512, 512]","[1024, 1024]",,4096,600000000,772.2216796875,408.118896484375,600064000,efference
oof7uath,RodentForwardModel_delay0_eff0-20260619-032834,nnx-ppo-rodent-delays,finished,546437641064f2c18793e24dd96a84bccd1a9088,"ForwardModel,MLP,TrainEvalSplit,delay0,eff0,warp",Explicit forward model.,AbsoluteImitation,0,0,1.0,32,0.001,reference_root,"[512, 512, 512, 512]","[512, 512, 512, 512]","[1024, 1024]","[512, 512, 512, 512]",4096,600000000,1985.561767578125,137.70921325683594,600064000,forward_model
n360ngyz,RodentForwardModel_delay1_eff1-20260619-032834,nnx-ppo-rodent-delays,finished,546437641064f2c18793e24dd96a84bccd1a9088,"ForwardModel,MLP,TrainEvalSplit,delay1,eff1,warp",Explicit forward model.,AbsoluteImitation,1,1,1.0,32,0.001,reference_root,"[512, 512, 512, 512]","[512, 512, 512, 512]","[1024, 1024]","[512, 512, 512, 512]",4096,600000000,1966.170654296875,165.7288360595703,600064000,forward_model
cux09djh,RodentForwardModel_delay2_eff2-20260619-033003,nnx-ppo-rodent-delays,finished,546437641064f2c18793e24dd96a84bccd1a9088,"ForwardModel,MLP,TrainEvalSplit,delay2,eff2,warp",Explicit forward model.,AbsoluteImitation,2,2,1.0,32,0.001,reference_root,"[512, 512, 512, 512]","[512, 512, 512, 512]","[1024, 1024]","[512, 512, 512, 512]",4096,600000000,1944.8040771484375,197.5319671630859,600064000,forward_model
7mbhtcl1,RodentForwardModel_delay3_eff3-20260619-033153,nnx-ppo-rodent-delays,finished,546437641064f2c18793e24dd96a84bccd1a9088,"ForwardModel,MLP,TrainEvalSplit,delay3,eff3,warp",Explicit forward model.,AbsoluteImitation,3,3,1.0,32,0.001,reference_root,"[512, 512, 512, 512]","[512, 512, 512, 512]","[1024, 1024]","[512, 512, 512, 512]",4096,600000000,1921.68408203125,215.3975372314453,600064000,forward_model
0v244yas,RodentForwardModel_delay4_eff4-20260619-033209,nnx-ppo-rodent-delays,finished,546437641064f2c18793e24dd96a84bccd1a9088,"ForwardModel,MLP,TrainEvalSplit,delay4,eff4,warp",Explicit forward model.,AbsoluteImitation,4,4,1.0,32,0.001,reference_root,"[512, 512, 512, 512]","[512, 512, 512, 512]","[1024, 1024]","[512, 512, 512, 512]",4096,600000000,1829.670166015625,358.48358154296875,600064000,forward_model
dunq9t5f,RodentForwardModel_delay5_eff5-20260622-091045,nnx-ppo-rodent-delays,finished,546437641064f2c18793e24dd96a84bccd1a9088,"ForwardModel,MLP,TrainEvalSplit,delay5,eff5,warp",Sweeping forward model loss weight.,AbsoluteImitation,5,5,0.0,32,0.001,reference_root,"[512, 512, 512, 512]","[512, 512, 512, 512]","[1024, 1024]","[512, 512, 512, 512]",4096,600000000,823.8566284179688,622.5817260742188,600064000,forward_model
nuqt0890,RodentForwardModel_delay5_eff5-20260619-033243,nnx-ppo-rodent-delays,finished,546437641064f2c18793e24dd96a84bccd1a9088,"ForwardModel,MLP,TrainEvalSplit,delay5,eff5,warp",Explicit forward model.,AbsoluteImitation,5,5,1.0,32,0.001,reference_root,"[512, 512, 512, 512]","[512, 512, 512, 512]","[1024, 1024]","[512, 512, 512, 512]",4096,600000000,1902.5728759765625,229.8212890625,600064000,forward_model
oeb11ok2,RodentForwardModel_delay6_eff6-20260619-033349,nnx-ppo-rodent-delays,finished,546437641064f2c18793e24dd96a84bccd1a9088,"ForwardModel,MLP,TrainEvalSplit,delay6,eff6,warp",Explicit forward model.,AbsoluteImitation,6,6,1.0,32,0.001,reference_root,"[512, 512, 512, 512]","[512, 512, 512, 512]","[1024, 1024]","[512, 512, 512, 512]",4096,600000000,1899.109619140625,238.67958068847656,600064000,forward_model
dcgsgytz,RodentForwardModel_delay7_eff7-20260619-033456,nnx-ppo-rodent-delays,finished,546437641064f2c18793e24dd96a84bccd1a9088,"ForwardModel,MLP,TrainEvalSplit,delay7,eff7,warp",Explicit forward model.,AbsoluteImitation,7,7,1.0,32,0.001,reference_root,"[512, 512, 512, 512]","[512, 512, 512, 512]","[1024, 1024]","[512, 512, 512, 512]",4096,600000000,1899.5849609375,231.030517578125,600064000,forward_model
4spnzcd6,RodentForwardModel_delay8_eff8-20260619-033515,nnx-ppo-rodent-delays,finished,546437641064f2c18793e24dd96a84bccd1a9088,"ForwardModel,MLP,TrainEvalSplit,delay8,eff8,warp",Explicit forward model.,AbsoluteImitation,8,8,1.0,32,0.001,reference_root,"[512, 512, 512, 512]","[512, 512, 512, 512]","[1024, 1024]","[512, 512, 512, 512]",4096,600000000,1856.89404296875,286.3036193847656,600064000,forward_model
3h12kbno,RodentForwardModel_delay9_eff9-20260619-033655,nnx-ppo-rodent-delays,finished,546437641064f2c18793e24dd96a84bccd1a9088,"ForwardModel,MLP,TrainEvalSplit,delay9,eff9,warp",Explicit forward model.,AbsoluteImitation,9,9,1.0,32,0.001,reference_root,"[512, 512, 512, 512]","[512, 512, 512, 512]","[1024, 1024]","[512, 512, 512, 512]",4096,600000000,1875.90234375,255.567626953125,600064000,forward_model
evvfdeav,RodentForwardModel_delay10_eff10-20260622-100244,nnx-ppo-rodent-delays,finished,546437641064f2c18793e24dd96a84bccd1a9088,"ForwardModel,MLP,TrainEvalSplit,delay10,eff10,warp",Sweeping forward model loss weight.,AbsoluteImitation,10,10,0.0,32,0.001,reference_root,"[512, 512, 512, 512]","[512, 512, 512, 512]","[1024, 1024]","[512, 512, 512, 512]",4096,600000000,784.6690673828125,584.071044921875,600064000,forward_model
zb7w3pl5,RodentForwardModel_delay10_eff10-20260622-105204,nnx-ppo-rodent-delays,finished,546437641064f2c18793e24dd96a84bccd1a9088,"ForwardModel,MLP,TrainEvalSplit,delay10,eff10,warp",Sweeping forward model loss weight.,AbsoluteImitation,10,10,1e-05,32,0.001,reference_root,"[512, 512, 512, 512]","[512, 512, 512, 512]","[1024, 1024]","[512, 512, 512, 512]",4096,600000000,1063.715576171875,662.00439453125,600064000,forward_model
k9ehc49x,RodentForwardModel_delay10_eff10-20260622-104935,nnx-ppo-rodent-delays,finished,546437641064f2c18793e24dd96a84bccd1a9088,"ForwardModel,MLP,TrainEvalSplit,delay10,eff10,warp",Sweeping forward model loss weight.,AbsoluteImitation,10,10,0.0001,32,0.001,reference_root,"[512, 512, 512, 512]","[512, 512, 512, 512]","[1024, 1024]","[512, 512, 512, 512]",4096,600000000,1724.0462646484375,455.455322265625,600064000,forward_model
7dzqww8l,RodentForwardModel_delay10_eff10-20260622-104941,nnx-ppo-rodent-delays,finished,546437641064f2c18793e24dd96a84bccd1a9088,"ForwardModel,MLP,TrainEvalSplit,delay10,eff10,warp",Sweeping forward model loss weight.,AbsoluteImitation,10,10,0.001,32,0.001,reference_root,"[512, 512, 512, 512]","[512, 512, 512, 512]","[1024, 1024]","[512, 512, 512, 512]",4096,600000000,1842.856689453125,319.99560546875,600064000,forward_model
7w6wb12w,RodentForwardModel_delay10_eff10-20260622-091239,nnx-ppo-rodent-delays,finished,546437641064f2c18793e24dd96a84bccd1a9088,"ForwardModel,MLP,TrainEvalSplit,delay10,eff10,warp",Sweeping forward model loss weight.,AbsoluteImitation,10,10,0.01,32,0.001,reference_root,"[512, 512, 512, 512]","[512, 512, 512, 512]","[1024, 1024]","[512, 512, 512, 512]",4096,600000000,1813.198974609375,365.2125244140625,600064000,forward_model
rtm81r90,RodentForwardModel_delay10_eff10-20260622-091236,nnx-ppo-rodent-delays,finished,546437641064f2c18793e24dd96a84bccd1a9088,"ForwardModel,MLP,TrainEvalSplit,delay10,eff10,warp",Sweeping forward model loss weight.,AbsoluteImitation,10,10,0.1,32,0.001,reference_root,"[512, 512, 512, 512]","[512, 512, 512, 512]","[1024, 1024]","[512, 512, 512, 512]",4096,600000000,1825.1124267578125,344.713623046875,600064000,forward_model
6rp2ntz7,RodentForwardModel_delay10_eff10-20260619-033822,nnx-ppo-rodent-delays,finished,546437641064f2c18793e24dd96a84bccd1a9088,"ForwardModel,MLP,TrainEvalSplit,delay10,eff10,warp",Explicit forward model.,AbsoluteImitation,10,10,1.0,32,0.001,reference_root,"[512, 512, 512, 512]","[512, 512, 512, 512]","[1024, 1024]","[512, 512, 512, 512]",4096,600000000,1856.0142822265625,281.79296875,600064000,forward_model
5np7271t,RodentForwardModel_delay10_eff10-20260622-105219,nnx-ppo-rodent-delays,finished,546437641064f2c18793e24dd96a84bccd1a9088,"ForwardModel,MLP,TrainEvalSplit,delay10,eff10,warp",Sweeping forward model loss weight.,AbsoluteImitation,10,10,10.0,32,0.001,reference_root,"[512, 512, 512, 512]","[512, 512, 512, 512]","[1024, 1024]","[512, 512, 512, 512]",4096,600000000,1823.5238037109375,332.3967590332031,600064000,forward_model
lwf9q634,RodentForwardModel_delay12_eff12-20260619-033905,nnx-ppo-rodent-delays,finished,546437641064f2c18793e24dd96a84bccd1a9088,"ForwardModel,MLP,TrainEvalSplit,delay12,eff12,warp",Explicit forward model.,AbsoluteImitation,12,12,1.0,32,0.001,reference_root,"[512, 512, 512, 512]","[512, 512, 512, 512]","[1024, 1024]","[512, 512, 512, 512]",4096,600000000,1739.9691162109375,447.7511291503906,600064000,forward_model
oelpm5vy,RodentForwardModel_delay15_eff15-20260619-034343,nnx-ppo-rodent-delays,finished,546437641064f2c18793e24dd96a84bccd1a9088,"ForwardModel,MLP,TrainEvalSplit,delay15,eff15,warp",Explicit forward model.,AbsoluteImitation,15,15,1.0,32,0.001,reference_root,"[512, 512, 512, 512]","[512, 512, 512, 512]","[1024, 1024]","[512, 512, 512, 512]",4096,600000000,1665.438720703125,504.8869018554687,600064000,forward_model
8xa617so,RodentForwardModel_delay20_eff20-20260622-091043,nnx-ppo-rodent-delays,finished,546437641064f2c18793e24dd96a84bccd1a9088,"ForwardModel,MLP,TrainEvalSplit,delay20,eff20,warp",Sweeping forward model loss weight.,AbsoluteImitation,20,20,0.0,32,0.001,reference_root,"[512, 512, 512, 512]","[512, 512, 512, 512]","[1024, 1024]","[512, 512, 512, 512]",4096,600000000,752.1478881835938,573.0020141601562,600064000,forward_model
bge1cw3s,RodentForwardModel_delay20_eff20-20260619-034701,nnx-ppo-rodent-delays,finished,546437641064f2c18793e24dd96a84bccd1a9088,"ForwardModel,MLP,TrainEvalSplit,delay20,eff20,warp",Explicit forward model.,AbsoluteImitation,20,20,1.0,32,0.001,reference_root,"[512, 512, 512, 512]","[512, 512, 512, 512]","[1024, 1024]","[512, 512, 512, 512]",4096,600000000,1587.1820068359375,555.6929931640625,600064000,forward_model
7wqiu7d3,RodentForwardModel_delay25_eff25-20260619-035219,nnx-ppo-rodent-delays,finished,546437641064f2c18793e24dd96a84bccd1a9088,"ForwardModel,MLP,TrainEvalSplit,delay25,eff25,warp",Explicit forward model.,AbsoluteImitation,25,25,1.0,32,0.001,reference_root,"[512, 512, 512, 512]","[512, 512, 512, 512]","[1024, 1024]","[512, 512, 512, 512]",4096,600000000,1559.510498046875,553.2080078125,600064000,forward_model
g6mz0mci,RodentForwardModel_delay30_eff30-20260619-035534,nnx-ppo-rodent-delays,finished,546437641064f2c18793e24dd96a84bccd1a9088,"ForwardModel,MLP,TrainEvalSplit,delay30,eff30,warp",Explicit forward model.,AbsoluteImitation,30,30,1.0,32,0.001,reference_root,"[512, 512, 512, 512]","[512, 512, 512, 512]","[1024, 1024]","[512, 512, 512, 512]",4096,600000000,1501.1363525390625,579.9451904296875,600064000,forward_model
1j36ffre,RodentForwardModel_delay40_eff40-20260619-035659,nnx-ppo-rodent-delays,finished,546437641064f2c18793e24dd96a84bccd1a9088,"ForwardModel,MLP,TrainEvalSplit,delay40,eff40,warp",Explicit forward model.,AbsoluteImitation,40,40,1.0,32,0.001,reference_root,"[512, 512, 512, 512]","[512, 512, 512, 512]","[1024, 1024]","[512, 512, 512, 512]",4096,600000000,1444.188720703125,560.1549072265625,600064000,forward_model
ndmbbiw9,RodentForwardModel_delay50_eff50-20260622-091049,nnx-ppo-rodent-delays,finished,546437641064f2c18793e24dd96a84bccd1a9088,"ForwardModel,MLP,TrainEvalSplit,delay50,eff50,warp",Sweeping forward model loss weight.,AbsoluteImitation,50,50,0.0,32,0.001,reference_root,"[512, 512, 512, 512]","[512, 512, 512, 512]","[1024, 1024]","[512, 512, 512, 512]",4096,600000000,676.13623046875,514.9046630859375,600064000,forward_model
29h53tbw,RodentForwardModel_delay50_eff50-20260619-040449,nnx-ppo-rodent-delays,finished,546437641064f2c18793e24dd96a84bccd1a9088,"ForwardModel,MLP,TrainEvalSplit,delay50,eff50,warp",Explicit forward model.,AbsoluteImitation,50,50,1.0,32,0.001,reference_root,"[512, 512, 512, 512]","[512, 512, 512, 512]","[1024, 1024]","[512, 512, 512, 512]",4096,600000000,1345.9512939453125,589.0496826171875,600064000,forward_model
rmeykqfj,RodentForwardModel_delay60_eff60-20260619-040528,nnx-ppo-rodent-delays,finished,546437641064f2c18793e24dd96a84bccd1a9088,"ForwardModel,MLP,TrainEvalSplit,delay60,eff60,warp",Explicit forward model.,AbsoluteImitation,60,60,1.0,32,0.001,reference_root,"[512, 512, 512, 512]","[512, 512, 512, 512]","[1024, 1024]","[512, 512, 512, 512]",4096,600000000,1293.4940185546875,588.5738525390625,600064000,forward_model
5chxtk59,RodentForwardModel_delay70_eff70-20260619-040722,nnx-ppo-rodent-delays,finished,546437641064f2c18793e24dd96a84bccd1a9088,"ForwardModel,MLP,TrainEvalSplit,delay70,eff70,warp",Explicit forward model.,AbsoluteImitation,70,70,1.0,32,0.001,reference_root,"[512, 512, 512, 512]","[512, 512, 512, 512]","[1024, 1024]","[512, 512, 512, 512]",4096,600000000,1196.955810546875,577.099853515625,600064000,forward_model
3wnn9itz,RodentForwardModel_delay80_eff80-20260619-040733,nnx-ppo-rodent-delays,finished,546437641064f2c18793e24dd96a84bccd1a9088,"ForwardModel,MLP,TrainEvalSplit,delay80,eff80,warp",Explicit forward model.,AbsoluteImitation,80,80,1.0,32,0.001,reference_root,"[512, 512, 512, 512]","[512, 512, 512, 512]","[1024, 1024]","[512, 512, 512, 512]",4096,600000000,1211.232666015625,572.9645385742188,600064000,forward_model
zu36pzzv,RodentForwardModel_delay90_eff90-20260619-041422,nnx-ppo-rodent-delays,finished,546437641064f2c18793e24dd96a84bccd1a9088,"ForwardModel,MLP,TrainEvalSplit,delay90,eff90,warp",Explicit forward model.,AbsoluteImitation,90,90,1.0,32,0.001,reference_root,"[512, 512, 512, 512]","[512, 512, 512, 512]","[1024, 1024]","[512, 512, 512, 512]",4096,600000000,1163.7845458984375,552.7642822265625,600064000,forward_model
4dgvazws,RodentForwardModel_delay100_eff100-20260619-041703,nnx-ppo-rodent-delays,finished,546437641064f2c18793e24dd96a84bccd1a9088,"ForwardModel,MLP,TrainEvalSplit,delay100,eff100,warp",Explicit forward model.,AbsoluteImitation,100,100,1.0,32,0.001,reference_root,"[512, 512, 512, 512]","[512, 512, 512, 512]","[1024, 1024]","[512, 512, 512, 512]",4096,600000000,1126.962646484375,545.8890991210938,600064000,forward_model
da7bwy31,RodentEncDec_delay1_eff0-20260612-071239,nnx-ppo-rodent-delays,finished,1cd5838f55449417b0aa477b8452a1fbdd77f392,"EncDec,MLP,TrainEvalSplit,delay1,eff0,warp",Train-eval split,AbsoluteImitation,1,0,,32,0.001,reference_root,"[512, 512, 512, 512]","[512, 512, 512, 512]","[1024, 1024]",,4096,600000000,1698.1209716796875,319.0189514160156,600064000,no_efference
xjfzwowg,RodentEncDec_delay2_eff0-20260612-071444,nnx-ppo-rodent-delays,finished,1cd5838f55449417b0aa477b8452a1fbdd77f392,"EncDec,MLP,TrainEvalSplit,delay2,eff0,warp",Train-eval split,AbsoluteImitation,2,0,,32,0.001,reference_root,"[512, 512, 512, 512]","[512, 512, 512, 512]","[1024, 1024]",,4096,600000000,1407.158203125,538.6952514648438,600064000,no_efference
ul1hea27,RodentEncDec_delay3_eff0-20260612-071444,nnx-ppo-rodent-delays,finished,1cd5838f55449417b0aa477b8452a1fbdd77f392,"EncDec,MLP,TrainEvalSplit,delay3,eff0,warp",Train-eval split,AbsoluteImitation,3,0,,32,0.001,reference_root,"[512, 512, 512, 512]","[512, 512, 512, 512]","[1024, 1024]",,4096,600000000,1142.318603515625,648.9302978515625,600064000,no_efference
t201z077,RodentEncDec_delay4_eff0-20260612-071444,nnx-ppo-rodent-delays,finished,1cd5838f55449417b0aa477b8452a1fbdd77f392,"EncDec,MLP,TrainEvalSplit,delay4,eff0,warp",Train-eval split,AbsoluteImitation,4,0,,32,0.001,reference_root,"[512, 512, 512, 512]","[512, 512, 512, 512]","[1024, 1024]",,4096,600000000,1082.827880859375,646.04248046875,600064000,no_efference
ckdbxgv4,RodentEncDec_delay5_eff0-20260612-071444,nnx-ppo-rodent-delays,finished,1cd5838f55449417b0aa477b8452a1fbdd77f392,"EncDec,MLP,TrainEvalSplit,delay5,eff0,warp",Train-eval split,AbsoluteImitation,5,0,,32,0.001,reference_root,"[512, 512, 512, 512]","[512, 512, 512, 512]","[1024, 1024]",,4096,600000000,1015.625244140625,639.853759765625,600064000,no_efference
cqdnn5lt,RodentEncDec_delay7_eff0-20260612-071444,nnx-ppo-rodent-delays,finished,1cd5838f55449417b0aa477b8452a1fbdd77f392,"EncDec,MLP,TrainEvalSplit,delay7,eff0,warp",Train-eval split,AbsoluteImitation,7,0,,32,0.001,reference_root,"[512, 512, 512, 512]","[512, 512, 512, 512]","[1024, 1024]",,4096,600000000,905.824462890625,634.4261474609375,600064000,no_efference
10xspymx,RodentEncDec_delay10_eff0-20260612-071444,nnx-ppo-rodent-delays,finished,1cd5838f55449417b0aa477b8452a1fbdd77f392,"EncDec,MLP,TrainEvalSplit,delay10,eff0,warp",Train-eval split,AbsoluteImitation,10,0,,32,0.001,reference_root,"[512, 512, 512, 512]","[512, 512, 512, 512]","[1024, 1024]",,4096,600000000,836.7646484375,611.4616088867188,600064000,no_efference
wtljxy6h,RodentEncDec_delay15_eff0-20260612-071444,nnx-ppo-rodent-delays,finished,1cd5838f55449417b0aa477b8452a1fbdd77f392,"EncDec,MLP,TrainEvalSplit,delay15,eff0,warp",Train-eval split,AbsoluteImitation,15,0,,32,0.001,reference_root,"[512, 512, 512, 512]","[512, 512, 512, 512]","[1024, 1024]",,4096,600000000,798.8248291015625,594.458740234375,600064000,no_efference
rp89mch7,RodentEncDec_delay20_eff0-20260612-071444,nnx-ppo-rodent-delays,finished,1cd5838f55449417b0aa477b8452a1fbdd77f392,"EncDec,MLP,TrainEvalSplit,delay20,eff0,warp",Train-eval split,AbsoluteImitation,20,0,,32,0.001,reference_root,"[512, 512, 512, 512]","[512, 512, 512, 512]","[1024, 1024]",,4096,600000000,735.0716552734375,579.8671875,600064000,no_efference
t852j57z,RodentEncDec_delay30_eff0-20260612-071336,nnx-ppo-rodent-delays,finished,1cd5838f55449417b0aa477b8452a1fbdd77f392,"EncDec,MLP,TrainEvalSplit,delay30,eff0,warp",Train-eval split,AbsoluteImitation,30,0,,32,0.001,reference_root,"[512, 512, 512, 512]","[512, 512, 512, 512]","[1024, 1024]",,4096,600000000,710.0687255859375,572.872802734375,600064000,no_efference
z06zkp6x,RodentEncDec_delay50_eff0-20260612-071444,nnx-ppo-rodent-delays,finished,1cd5838f55449417b0aa477b8452a1fbdd77f392,"EncDec,MLP,TrainEvalSplit,delay50,eff0,warp",Train-eval split,AbsoluteImitation,50,0,,32,0.001,reference_root,"[512, 512, 512, 512]","[512, 512, 512, 512]","[1024, 1024]",,4096,600000000,658.0986328125,529.5389404296875,600064000,no_efference
by0y1xl7,RodentEncDec_delay70_eff0-20260612-071544,nnx-ppo-rodent-delays,finished,1cd5838f55449417b0aa477b8452a1fbdd77f392,"EncDec,MLP,TrainEvalSplit,delay70,eff0,warp",Train-eval split,AbsoluteImitation,70,0,,32,0.001,reference_root,"[512, 512, 512, 512]","[512, 512, 512, 512]","[1024, 1024]",,4096,600000000,657.2818603515625,532.9347534179688,600064000,no_efference
6cvswb08,RodentEncDec_delay100_eff0-20260612-071451,nnx-ppo-rodent-delays,finished,1cd5838f55449417b0aa477b8452a1fbdd77f392,"EncDec,MLP,TrainEvalSplit,delay100,eff0,warp",Train-eval split,AbsoluteImitation,100,0,,32,0.001,reference_root,"[512, 512, 512, 512]","[512, 512, 512, 512]","[1024, 1024]",,4096,600000000,645.7940673828125,508.7195129394531,600064000,no_efference
