wandb_id,wandb_name,wandb_project,state,git_commit,tags,notes,created_at,condition,xml,walker_xml,network,control_mode,delay_k,efference_length,body_target_frame,net_params_body_target_frame,torque_actuators,fm_loss_weight,detach_prediction,env,seed,latent_size,kl_weight,enc_hidden_sizes,dec_hidden_sizes,critic_hidden_sizes,clip_length,ctrl_dt,sim_dt,solver,iterations,ls_iterations,njmax,naconmax,rescale_factor,mujoco_impl,n_envs,total_steps,actual_step,gpu,host,reward_mean,reward_std,lifespan_mean,train_sps_final,eval_sps_final,train_sps_median,eval_sps_median,runtime_s
u2pbt950,RodentEncDec_delay0_eff0-20260709-070551,emiwar-team/nnx-ppo-rodent-delays,finished,201d6e11,"EncDec,MLP,TrainEvalSplit,delay0,eff0,warp",Trying different XML.,2026-07-09T11:06:00Z,new_efference,new,rodent_no_tail_collisions.xml,efference,torque,0,0,current_root,,True,,,AbsoluteImitation,42,32,0.001,"(512, 512, 512, 512)","(512, 512, 512, 512)","(1024, 1024)",250,0.01,0.002,newton,5,5,256,131072,0.9,warp,4096,600000000,600064000,NVIDIA A100-SXM4-80GB,holygpu8a22506.rc.fas.harvard.edu,2006.05029296875,150.68031311035156,445.857421875,35654.327544461434,35036.174085984654,35332.81022414614,34722.86197338045,19704.665831859
aqoj4ewb,RodentEncDec_delay2_eff2-20260709-071735,emiwar-team/nnx-ppo-rodent-delays,finished,201d6e11,"EncDec,MLP,TrainEvalSplit,delay2,eff2,warp",Trying different XML.,2026-07-09T11:17:37Z,new_efference,new,rodent_no_tail_collisions.xml,efference,torque,2,2,current_root,,True,,,AbsoluteImitation,42,32,0.001,"(512, 512, 512, 512)","(512, 512, 512, 512)","(1024, 1024)",250,0.01,0.002,newton,5,5,256,131072,0.9,warp,4096,600000000,600064000,NVIDIA A100-SXM4-80GB,holygpu8a22304.rc.fas.harvard.edu,1963.7186279296875,217.16091918945312,442.7431640625,35166.406450936374,34366.85952549926,34773.23748071086,33926.45047735954,19974.851688949
44ukf3je,RodentEncDec_delay5_eff5-20260709-072019,emiwar-team/nnx-ppo-rodent-delays,finished,201d6e11,"EncDec,MLP,TrainEvalSplit,delay5,eff5,warp",Trying different XML.,2026-07-09T11:20:20Z,new_efference,new,rodent_no_tail_collisions.xml,efference,torque,5,5,current_root,,True,,,AbsoluteImitation,42,32,0.001,"(512, 512, 512, 512)","(512, 512, 512, 512)","(1024, 1024)",250,0.01,0.002,newton,5,5,256,131072,0.9,warp,4096,600000000,600064000,NVIDIA A100-SXM4-80GB,holygpu8a22104.rc.fas.harvard.edu,1901.093505859375,264.0459899902344,438.009765625,34240.92551305502,33715.66519679984,34403.022280957215,32845.25946130545,20024.874759764
j6mtpyzq,RodentEncDec_delay10_eff10-20260709-082832,emiwar-team/nnx-ppo-rodent-delays,finished,201d6e11,"EncDec,MLP,TrainEvalSplit,delay10,eff10,warp",Trying different XML.,2026-07-09T12:28:45Z,new_efference,new,rodent_no_tail_collisions.xml,efference,torque,10,10,current_root,,True,,,AbsoluteImitation,42,32,0.001,"(512, 512, 512, 512)","(512, 512, 512, 512)","(1024, 1024)",250,0.01,0.002,newton,5,5,256,131072,0.9,warp,4096,600000000,600064000,NVIDIA A100-SXM4-80GB,holygpu8a22104.rc.fas.harvard.edu,1739.8272705078125,418.2006530761719,417.4404296875,34314.03150836432,31859.8449913109,34288.42372245187,31914.68436339087,20415.640657048
31ayy0ln,RodentEncDec_delay20_eff20-20260709-091504,emiwar-team/nnx-ppo-rodent-delays,finished,201d6e11,"EncDec,MLP,TrainEvalSplit,delay20,eff20,warp",Trying different XML.,2026-07-09T13:15:13Z,new_efference,new,rodent_no_tail_collisions.xml,efference,torque,20,20,current_root,,True,,,AbsoluteImitation,42,32,0.001,"(512, 512, 512, 512)","(512, 512, 512, 512)","(1024, 1024)",250,0.01,0.002,newton,5,5,256,131072,0.9,warp,4096,600000000,600064000,NVIDIA A100-SXM4-80GB,holygpu8a22502.rc.fas.harvard.edu,1440.853515625,532.5722045898438,378.0087890625,33875.906690075266,31324.980287493996,33832.45412046579,31542.91133917973,20660.712388652
3wa0mvkz,RodentEncDec_delay50_eff50-20260709-091504,emiwar-team/nnx-ppo-rodent-delays,finished,201d6e11,"EncDec,MLP,TrainEvalSplit,delay50,eff50,warp",Trying different XML.,2026-07-09T13:15:13Z,new_efference,new,rodent_no_tail_collisions.xml,efference,torque,50,50,current_root,,True,,,AbsoluteImitation,42,32,0.001,"(512, 512, 512, 512)","(512, 512, 512, 512)","(1024, 1024)",250,0.01,0.002,newton,5,5,256,131072,0.9,warp,4096,600000000,600064000,NVIDIA A100-SXM4-80GB,holygpu8a22406.rc.fas.harvard.edu,911.2176513671876,487.3430480957031,290.673828125,32799.743080077234,30547.994209401295,32858.50432672918,31457.452936302212,21182.654884459
734woltb,RodentEncDec_delay0_eff0-20260612-065718,emiwar-team/nnx-ppo-rodent-delays,finished,1cd5838f,"EncDec,MLP,TrainEvalSplit,delay0,eff0,warp",Train-eval split,2026-06-12T10:57:30Z,old_efference,old,rodent.xml,efference,torque,0,0,current_root,reference_root,True,,,AbsoluteImitation,42,32,0.001,"(512, 512, 512, 512)","(512, 512, 512, 512)","(1024, 1024)",250,0.01,0.002,newton,5,5,256,131072,0.9,warp,4096,600000000,600064000,NVIDIA A100-SXM4-80GB,holygpu8a22202.rc.fas.harvard.edu,2004.005615234375,142.3390350341797,446.1865234375,35527.04823973376,34865.213958874985,35284.944675637555,34593.91332082258,19684.790802171
lgtgwdrd,RodentEncDec_delay0_eff0-20260706-062710,emiwar-team/nnx-ppo-rodent-delays,finished,909e774d,"EncDec,MLP,TrainEvalSplit,delay0,eff0,warp",Running with body_target_frame actually equals to 'reference_root'.,2026-07-06T10:27:20Z,old_efference_refroot,old,rodent.xml,efference,torque,0,0,reference_root,,True,,,AbsoluteImitation,42,32,0.001,"(512, 512, 512, 512)","(512, 512, 512, 512)","(1024, 1024)",250,0.01,0.002,newton,5,5,256,131072,0.9,warp,4096,600000000,600064000,NVIDIA A100-SXM4-80GB,holygpu8a22203.rc.fas.harvard.edu,1997.562255859375,159.33592224121094,445.3828125,34343.746477471046,35092.573293283065,35179.77364707388,34512.037909034596,19637.160454458
ukzi7fjb,RodentEncDec_delay0_eff0-20260611-103104,emiwar-team/nnx-ppo-rodent-delays,finished,1cd5838f,"EncDec,MLP,TrainEvalSplit,delay0,eff0,warp",Train-eval split,2026-06-11T14:31:29Z,old_efference,old,rodent.xml,efference,torque,0,0,current_root,reference_root,True,,,AbsoluteImitation,42,32,0.001,"(512, 512, 512, 512)","(512, 512, 512, 512)","(1024, 1024)",250,0.01,0.002,newton,5,5,256,131072,0.9,warp,4096,600000000,600064000,NVIDIA H200,holygpu8a12404.rc.fas.harvard.edu,2006.21875,135.2272186279297,446.3984375,59341.676503166265,51882.19722134295,58634.36051346372,51255.473948144616,12456.464147622
68b8d25g,RodentEncDec_delay1_eff1-20260611-103118,emiwar-team/nnx-ppo-rodent-delays,finished,1cd5838f,"EncDec,MLP,TrainEvalSplit,delay1,eff1,warp",Train-eval split,2026-06-11T14:31:29Z,old_efference,old,rodent.xml,efference,torque,1,1,current_root,reference_root,True,,,AbsoluteImitation,42,32,0.001,"(512, 512, 512, 512)","(512, 512, 512, 512)","(1024, 1024)",250,0.01,0.002,newton,5,5,256,131072,0.9,warp,4096,600000000,600064000,NVIDIA H200,holygpu8a12504.rc.fas.harvard.edu,1984.201904296875,163.73997497558594,445.052734375,59151.81335267965,51242.16257403818,58510.84848793448,50667.38096229288,12491.740917973
g2rfz55i,RodentEncDec_delay2_eff2-20260706-062710,emiwar-team/nnx-ppo-rodent-delays,finished,909e774d,"EncDec,MLP,TrainEvalSplit,delay2,eff2,warp",Running with body_target_frame actually equals to 'reference_root'.,2026-07-06T10:27:20Z,old_efference_refroot,old,rodent.xml,efference,torque,2,2,reference_root,,True,,,AbsoluteImitation,42,32,0.001,"(512, 512, 512, 512)","(512, 512, 512, 512)","(1024, 1024)",250,0.01,0.002,newton,5,5,256,131072,0.9,warp,4096,600000000,600064000,NVIDIA A100-SXM4-80GB,holygpu8a22305.rc.fas.harvard.edu,1962.379150390625,209.3658905029297,442.6669921875,35091.62844856941,34225.71269826886,34543.49367349,33714.28087659048,19908.340904589
n9982rin,RodentEncDec_delay2_eff2-20260611-103514,emiwar-team/nnx-ppo-rodent-delays,finished,1cd5838f,"EncDec,MLP,TrainEvalSplit,delay2,eff2,warp",Train-eval split,2026-06-11T14:35:15Z,old_efference,old,rodent.xml,efference,torque,2,2,current_root,reference_root,True,,,AbsoluteImitation,42,32,0.001,"(512, 512, 512, 512)","(512, 512, 512, 512)","(1024, 1024)",250,0.01,0.002,newton,5,5,256,131072,0.9,warp,4096,600000000,600064000,NVIDIA H200,holygpu8a12404.rc.fas.harvard.edu,1968.72412109375,195.2876739501953,443.71875,59051.60154983391,51215.778055180934,58489.55439643466,50414.23722187609,12376.04989358
jir5btpe,RodentEncDec_delay3_eff3-20260611-120639,emiwar-team/nnx-ppo-rodent-delays,finished,1cd5838f,"EncDec,MLP,TrainEvalSplit,delay3,eff3,warp",Train-eval split,2026-06-11T16:06:55Z,old_efference,old,rodent.xml,efference,torque,3,3,current_root,reference_root,True,,,AbsoluteImitation,42,32,0.001,"(512, 512, 512, 512)","(512, 512, 512, 512)","(1024, 1024)",250,0.01,0.002,newton,5,5,256,131072,0.9,warp,4096,600000000,600064000,NVIDIA H200,holygpu8a12304.rc.fas.harvard.edu,1961.134765625,201.85113525390625,443.0625,58032.48460716913,50664.43097951584,58090.211901953306,49804.83264244692,12473.161710863
nvyg0bhj,RodentEncDec_delay4_eff4-20260611-120639,emiwar-team/nnx-ppo-rodent-delays,finished,1cd5838f,"EncDec,MLP,TrainEvalSplit,delay4,eff4,warp",Train-eval split,2026-06-11T16:06:55Z,old_efference,old,rodent.xml,efference,torque,4,4,current_root,reference_root,True,,,AbsoluteImitation,42,32,0.001,"(512, 512, 512, 512)","(512, 512, 512, 512)","(1024, 1024)",250,0.01,0.002,newton,5,5,256,131072,0.9,warp,4096,600000000,600064000,NVIDIA H200,holygpu8a12301.rc.fas.harvard.edu,1941.1436767578125,189.53216552734375,443.1787109375,57877.49735828965,50206.21055157162,57677.499526676445,49388.39006213648,12616.413009169
42jsm15q,RodentEncDec_delay5_eff5-20260706-062710,emiwar-team/nnx-ppo-rodent-delays,finished,909e774d,"EncDec,MLP,TrainEvalSplit,delay5,eff5,warp",Running with body_target_frame actually equals to 'reference_root'.,2026-07-06T10:27:20Z,old_efference_refroot,old,rodent.xml,efference,torque,5,5,reference_root,,True,,,AbsoluteImitation,42,32,0.001,"(512, 512, 512, 512)","(512, 512, 512, 512)","(1024, 1024)",250,0.01,0.002,newton,5,5,256,131072,0.9,warp,4096,600000000,600064000,NVIDIA A100-SXM4-80GB,holygpu8a22405.rc.fas.harvard.edu,1921.6044921875,260.2930908203125,439.34375,34971.7536449903,33902.98585501129,34374.70202373766,32950.06530462194,20071.054565279
8ygr9sf4,RodentEncDec_delay5_eff5-20260611-120639,emiwar-team/nnx-ppo-rodent-delays,finished,1cd5838f,"EncDec,MLP,TrainEvalSplit,delay5,eff5,warp",Train-eval split,2026-06-11T16:06:55Z,old_efference,old,rodent.xml,efference,torque,5,5,current_root,reference_root,True,,,AbsoluteImitation,42,32,0.001,"(512, 512, 512, 512)","(512, 512, 512, 512)","(1024, 1024)",250,0.01,0.002,newton,5,5,256,131072,0.9,warp,4096,600000000,600064000,NVIDIA H200,holygpu8a12501.rc.fas.harvard.edu,1905.016357421875,272.0177917480469,436.7861328125,58382.35871999005,49797.65384718795,57604.774121066555,49119.69577828635,12553.398422017
mgk9ejcb,RodentEncDec_delay6_eff6-20260611-120818,emiwar-team/nnx-ppo-rodent-delays,finished,1cd5838f,"EncDec,MLP,TrainEvalSplit,delay6,eff6,warp",Train-eval split,2026-06-11T16:08:20Z,old_efference,old,rodent.xml,efference,torque,6,6,current_root,reference_root,True,,,AbsoluteImitation,42,32,0.001,"(512, 512, 512, 512)","(512, 512, 512, 512)","(1024, 1024)",250,0.01,0.002,newton,5,5,256,131072,0.9,warp,4096,600000000,600064000,NVIDIA H200,holygpu8a12403.rc.fas.harvard.edu,1896.0284423828125,259.7897644042969,437.6357421875,57510.43559220503,49871.94627478859,56881.831790512566,49156.26772189757,13992.646937971
a6929dxz,RodentEncDec_delay7_eff7-20260611-120818,emiwar-team/nnx-ppo-rodent-delays,finished,1cd5838f,"EncDec,MLP,TrainEvalSplit,delay7,eff7,warp",Train-eval split,2026-06-11T16:08:20Z,old_efference,old,rodent.xml,efference,torque,7,7,current_root,reference_root,True,,,AbsoluteImitation,42,32,0.001,"(512, 512, 512, 512)","(512, 512, 512, 512)","(1024, 1024)",250,0.01,0.002,newton,5,5,256,131072,0.9,warp,4096,600000000,600064000,NVIDIA H200,holygpu8a12403.rc.fas.harvard.edu,1897.8070068359375,259.460205078125,439.384765625,57454.76651261532,49797.56330323976,56831.692875395966,48696.413719082426,14079.218685041
5d5tvuuv,RodentEncDec_delay8_eff8-20260611-120725,emiwar-team/nnx-ppo-rodent-delays,finished,1cd5838f,"EncDec,MLP,TrainEvalSplit,delay8,eff8,warp",Train-eval split,2026-06-11T16:07:26Z,old_efference,old,rodent.xml,efference,torque,8,8,current_root,reference_root,True,,,AbsoluteImitation,42,32,0.001,"(512, 512, 512, 512)","(512, 512, 512, 512)","(1024, 1024)",250,0.01,0.002,newton,5,5,256,131072,0.9,warp,4096,600000000,600064000,NVIDIA H200,holygpu8a12502.rc.fas.harvard.edu,1865.0511474609375,290.9252014160156,435.0087890625,56157.479673347705,49603.504801676114,57090.720816990506,48665.052594539025,12661.085491659
u9j3se06,RodentEncDec_delay9_eff9-20260611-120839,emiwar-team/nnx-ppo-rodent-delays,finished,1cd5838f,"EncDec,MLP,TrainEvalSplit,delay9,eff9,warp",Train-eval split,2026-06-11T16:08:40Z,old_efference,old,rodent.xml,efference,torque,9,9,current_root,reference_root,True,,,AbsoluteImitation,42,32,0.001,"(512, 512, 512, 512)","(512, 512, 512, 512)","(1024, 1024)",250,0.01,0.002,newton,5,5,256,131072,0.9,warp,4096,600000000,600064000,NVIDIA H200,holygpu8a12304.rc.fas.harvard.edu,1833.096435546875,331.099853515625,430.830078125,56618.4940126291,48800.412407386786,56919.56266782367,48352.98507361559,12647.500173614
k0i287kl,RodentEncDec_delay10_eff10-20260611-120848,emiwar-team/nnx-ppo-rodent-delays,finished,1cd5838f,"EncDec,MLP,TrainEvalSplit,delay10,eff10,warp",Train-eval split,2026-06-11T16:08:49Z,old_efference,old,rodent.xml,efference,torque,10,10,current_root,reference_root,True,,,AbsoluteImitation,42,32,0.001,"(512, 512, 512, 512)","(512, 512, 512, 512)","(1024, 1024)",250,0.01,0.002,newton,5,5,256,131072,0.9,warp,4096,600000000,600064000,NVIDIA H200,holygpu8a12604.rc.fas.harvard.edu,1789.60986328125,376.0146789550781,423.0419921875,55754.00679225259,48982.12009567012,56847.5926035037,48154.202654008666,12700.88605378
plvvp0ni,RodentEncDec_delay10_eff10-20260706-062710,emiwar-team/nnx-ppo-rodent-delays,finished,909e774d,"EncDec,MLP,TrainEvalSplit,delay10,eff10,warp",Running with body_target_frame actually equals to 'reference_root'.,2026-07-06T10:27:20Z,old_efference_refroot,old,rodent.xml,efference,torque,10,10,reference_root,,True,,,AbsoluteImitation,42,32,0.001,"(512, 512, 512, 512)","(512, 512, 512, 512)","(1024, 1024)",250,0.01,0.002,newton,5,5,256,131072,0.9,warp,4096,600000000,600064000,NVIDIA A100-SXM4-80GB,holygpu8a22305.rc.fas.harvard.edu,1747.2474365234375,434.8324279785156,413.5263671875,34260.418358678,32904.51700741622,33848.113330159846,32278.498426569964,20375.15473566
xj1agjno,RodentEncDec_delay15_eff15-20260611-120902,emiwar-team/nnx-ppo-rodent-delays,finished,1cd5838f,"EncDec,MLP,TrainEvalSplit,delay15,eff15,warp",Train-eval split,2026-06-11T16:09:03Z,old_efference,old,rodent.xml,efference,torque,15,15,current_root,reference_root,True,,,AbsoluteImitation,42,32,0.001,"(512, 512, 512, 512)","(512, 512, 512, 512)","(1024, 1024)",250,0.01,0.002,newton,5,5,256,131072,0.9,warp,4096,600000000,600064000,NVIDIA A100-SXM4-80GB,holygpu8a22401.rc.fas.harvard.edu,1592.833984375,512.7891235351562,389.765625,33527.237239134636,32338.5422273184,33514.166036000606,31670.45879899639,20567.915681373
gunf0ivv,RodentEncDec_delay20_eff20-20260611-120904,emiwar-team/nnx-ppo-rodent-delays,finished,1cd5838f,"EncDec,MLP,TrainEvalSplit,delay20,eff20,warp",Train-eval split,2026-06-11T16:09:05Z,old_efference,old,rodent.xml,efference,torque,20,20,current_root,reference_root,True,,,AbsoluteImitation,42,32,0.001,"(512, 512, 512, 512)","(512, 512, 512, 512)","(1024, 1024)",250,0.01,0.002,newton,5,5,256,131072,0.9,warp,4096,600000000,600064000,NVIDIA A100-SXM4-80GB,holygpu8a22304.rc.fas.harvard.edu,1435.531005859375,590.2176513671875,363.3037109375,33358.90910715616,32224.834882500083,33476.418674674416,31514.808869360066,20647.252912111
nauanqbo,RodentEncDec_delay20_eff20-20260706-062710,emiwar-team/nnx-ppo-rodent-delays,finished,909e774d,"EncDec,MLP,TrainEvalSplit,delay20,eff20,warp",Running with body_target_frame actually equals to 'reference_root'.,2026-07-06T10:27:20Z,old_efference_refroot,old,rodent.xml,efference,torque,20,20,reference_root,,True,,,AbsoluteImitation,42,32,0.001,"(512, 512, 512, 512)","(512, 512, 512, 512)","(1024, 1024)",250,0.01,0.002,newton,5,5,256,131072,0.9,warp,4096,600000000,600064000,NVIDIA A100-SXM4-80GB,holygpu8a22506.rc.fas.harvard.edu,1486.968994140625,556.9996948242188,376.068359375,33234.80126169635,31476.16732144058,33418.747939692956,31562.036315278936,20635.810728537
w2498exh,RodentEncDec_delay30_eff30-20260611-120904,emiwar-team/nnx-ppo-rodent-delays,finished,1cd5838f,"EncDec,MLP,TrainEvalSplit,delay30,eff30,warp",Train-eval split,2026-06-11T16:09:05Z,old_efference,old,rodent.xml,efference,torque,30,30,current_root,reference_root,True,,,AbsoluteImitation,42,32,0.001,"(512, 512, 512, 512)","(512, 512, 512, 512)","(1024, 1024)",250,0.01,0.002,newton,5,5,256,131072,0.9,warp,4096,600000000,600064000,NVIDIA A100-SXM4-80GB,holygpu8a22304.rc.fas.harvard.edu,1327.683349609375,564.8617553710938,351.955078125,33491.5442360525,31195.64167523902,33293.735022743655,31247.716198359813,20734.058859238
rv3u3x7n,RodentEncDec_delay40_eff40-20260611-120905,emiwar-team/nnx-ppo-rodent-delays,finished,1cd5838f,"EncDec,MLP,TrainEvalSplit,delay40,eff40,warp",Train-eval split,2026-06-11T16:09:06Z,old_efference,old,rodent.xml,efference,torque,40,40,current_root,reference_root,True,,,AbsoluteImitation,42,32,0.001,"(512, 512, 512, 512)","(512, 512, 512, 512)","(1024, 1024)",250,0.01,0.002,newton,5,5,256,131072,0.9,warp,4096,600000000,600064000,NVIDIA A100-SXM4-80GB,holygpu8a22202.rc.fas.harvard.edu,1232.233642578125,572.444580078125,337.2822265625,32879.93966149307,31142.935086610436,32801.30132266588,31140.02297382732,21016.42322061
1w7nuehe,RodentEncDec_delay50_eff50-20260611-120955,emiwar-team/nnx-ppo-rodent-delays,finished,1cd5838f,"EncDec,MLP,TrainEvalSplit,delay50,eff50,warp",Train-eval split,2026-06-11T16:09:57Z,old_efference,old,rodent.xml,efference,torque,50,50,current_root,reference_root,True,,,AbsoluteImitation,42,32,0.001,"(512, 512, 512, 512)","(512, 512, 512, 512)","(1024, 1024)",250,0.01,0.002,newton,5,5,256,131072,0.9,warp,4096,600000000,600064000,NVIDIA A100-SXM4-80GB,holygpu8a22206.rc.fas.harvard.edu,1045.143310546875,559.1459350585938,296.958984375,32127.20973261938,31039.6147548096,32429.251683838884,30987.043874021525,22338.580903506
f4086xkd,RodentEncDec_delay50_eff50-20260706-062710,emiwar-team/nnx-ppo-rodent-delays,finished,909e774d,"EncDec,MLP,TrainEvalSplit,delay50,eff50,warp",Running with body_target_frame actually equals to 'reference_root'.,2026-07-06T10:27:20Z,old_efference_refroot,old,rodent.xml,efference,torque,50,50,reference_root,,True,,,AbsoluteImitation,42,32,0.001,"(512, 512, 512, 512)","(512, 512, 512, 512)","(1024, 1024)",250,0.01,0.002,newton,5,5,256,131072,0.9,warp,4096,600000000,600064000,NVIDIA A100-SXM4-80GB,holygpu8a22606.rc.fas.harvard.edu,1037.668701171875,575.5552978515625,292.7099609375,32348.9582852904,30617.83862588166,32398.46128794027,30885.068608675763,21244.905292414
y7dh46ee,RodentEncDec_delay60_eff60-20260611-120954,emiwar-team/nnx-ppo-rodent-delays,finished,1cd5838f,"EncDec,MLP,TrainEvalSplit,delay60,eff60,warp",Train-eval split,2026-06-11T16:09:56Z,old_efference,old,rodent.xml,efference,torque,60,60,current_root,reference_root,True,,,AbsoluteImitation,42,32,0.001,"(512, 512, 512, 512)","(512, 512, 512, 512)","(1024, 1024)",250,0.01,0.002,newton,5,5,256,131072,0.9,warp,4096,600000000,600064000,NVIDIA A100-SXM4-80GB,holygpu8a22301.rc.fas.harvard.edu,992.5313110351562,530.5802001953125,284.494140625,32034.691481375583,30960.4626219726,32043.902757693202,30929.07139083153,22615.675484956
oe9lq9ej,RodentEncDec_delay70_eff70-20260611-120906,emiwar-team/nnx-ppo-rodent-delays,finished,1cd5838f,"EncDec,MLP,TrainEvalSplit,delay70,eff70,warp",Train-eval split,2026-06-11T16:09:07Z,old_efference,old,rodent.xml,efference,torque,70,70,current_root,reference_root,True,,,AbsoluteImitation,42,32,0.001,"(512, 512, 512, 512)","(512, 512, 512, 512)","(1024, 1024)",250,0.01,0.002,newton,5,5,256,131072,0.9,warp,4096,600000000,600064000,NVIDIA A100-SXM4-80GB,holygpu8a22302.rc.fas.harvard.edu,878.22802734375,466.50384521484375,256.2177734375,31284.373580989824,30906.603171505692,32012.420559970906,30890.411367353576,21484.607464623
fgt63dqc,RodentEncDec_delay80_eff80-20260611-120906,emiwar-team/nnx-ppo-rodent-delays,finished,1cd5838f,"EncDec,MLP,TrainEvalSplit,delay80,eff80,warp",Train-eval split,2026-06-11T16:09:07Z,old_efference,old,rodent.xml,efference,torque,80,80,current_root,reference_root,True,,,AbsoluteImitation,42,32,0.001,"(512, 512, 512, 512)","(512, 512, 512, 512)","(1024, 1024)",250,0.01,0.002,newton,5,5,256,131072,0.9,warp,4096,600000000,600064000,NVIDIA A100-SXM4-80GB,holygpu8a22302.rc.fas.harvard.edu,871.5228881835938,463.3311767578125,261.283203125,31509.806614603094,31129.041153954837,31918.084500659403,31226.255540281287,21510.233050528
2l2lwxl0,RodentEncDec_delay90_eff90-20260611-120905,emiwar-team/nnx-ppo-rodent-delays,finished,1cd5838f,"EncDec,MLP,TrainEvalSplit,delay90,eff90,warp",Train-eval split,2026-06-11T16:09:06Z,old_efference,old,rodent.xml,efference,torque,90,90,current_root,reference_root,True,,,AbsoluteImitation,42,32,0.001,"(512, 512, 512, 512)","(512, 512, 512, 512)","(1024, 1024)",250,0.01,0.002,newton,5,5,256,131072,0.9,warp,4096,600000000,600064000,NVIDIA A100-SXM4-80GB,holygpu8a22604.rc.fas.harvard.edu,789.737548828125,413.3051452636719,235.224609375,31293.04543842458,30970.81399120877,31309.855989268654,30840.37463469534,21940.781197448
fmypxy1t,RodentEncDec_delay100_eff100-20260611-120955,emiwar-team/nnx-ppo-rodent-delays,finished,1cd5838f,"EncDec,MLP,TrainEvalSplit,delay100,eff100,warp",Train-eval split,2026-06-11T16:09:57Z,old_efference,old,rodent.xml,efference,torque,100,100,current_root,reference_root,True,,,AbsoluteImitation,42,32,0.001,"(512, 512, 512, 512)","(512, 512, 512, 512)","(1024, 1024)",250,0.01,0.002,newton,5,5,256,131072,0.9,warp,4096,600000000,600064000,NVIDIA A100-SXM4-80GB,holygpu8a22206.rc.fas.harvard.edu,772.2216796875,408.118896484375,229.779296875,30547.152659576423,30305.216220061982,30856.295416763278,30993.404442144267,23308.741399567
lv73tbo8,RodentForwardModel_delay0_eff0-20260709-111025,emiwar-team/nnx-ppo-rodent-delays,finished,201d6e11,"ForwardModel,MLP,TrainEvalSplit,delay0,eff0,warp",Trying different XML.,2026-07-09T15:10:40Z,new_forward_model,new,rodent_no_tail_collisions.xml,forward_model,position,0,0,current_root,,False,1.0,True,AbsoluteImitation,42,32,0.001,"(512, 512, 512, 512)","(512, 512, 512, 512)","(1024, 1024)",250,0.01,0.002,newton,5,5,256,131072,0.9,warp,4096,600000000,600064000,NVIDIA A100-SXM4-80GB,holygpu8a22503.rc.fas.harvard.edu,1946.93408203125,178.9820556640625,445.3701171875,25337.12149733421,35825.68379997844,24481.594240778686,35444.20837983991,27865.809807344
1xh2oe5q,RodentForwardModel_delay2_eff2-20260709-110910,emiwar-team/nnx-ppo-rodent-delays,finished,201d6e11,"ForwardModel,MLP,TrainEvalSplit,delay2,eff2,warp",Trying different XML.,2026-07-09T15:09:32Z,new_forward_model,new,rodent_no_tail_collisions.xml,forward_model,position,2,2,current_root,,False,1.0,True,AbsoluteImitation,42,32,0.001,"(512, 512, 512, 512)","(512, 512, 512, 512)","(1024, 1024)",250,0.01,0.002,newton,5,5,256,131072,0.9,warp,4096,600000000,600064000,NVIDIA A100-SXM4-80GB,holygpu8a22506.rc.fas.harvard.edu,1932.034423828125,172.0707550048828,446.701171875,24162.351230805747,35505.42565701109,24414.74338168148,35378.585500774105,27867.681913143
6icwdgdg,RodentForwardModel_delay5_eff5-20260709-110911,emiwar-team/nnx-ppo-rodent-delays,finished,201d6e11,"ForwardModel,MLP,TrainEvalSplit,delay5,eff5,warp",Trying different XML.,2026-07-09T15:09:32Z,new_forward_model,new,rodent_no_tail_collisions.xml,forward_model,position,5,5,current_root,,False,1.0,True,AbsoluteImitation,42,32,0.001,"(512, 512, 512, 512)","(512, 512, 512, 512)","(1024, 1024)",250,0.01,0.002,newton,5,5,256,131072,0.9,warp,4096,600000000,600064000,NVIDIA A100-SXM4-80GB,holygpu8a22302.rc.fas.harvard.edu,1906.166748046875,209.41278076171875,444.259765625,22569.7579108437,35336.159453082,23796.197307087088,35206.25691852934,28394.62244961
is69dmfe,RodentForwardModel_delay20_eff20-20260709-111514,emiwar-team/nnx-ppo-rodent-delays,finished,201d6e11,"ForwardModel,MLP,TrainEvalSplit,delay20,eff20,warp",Trying different XML.,2026-07-09T15:15:25Z,new_forward_model,new,rodent_no_tail_collisions.xml,forward_model,position,20,20,current_root,,False,1.0,True,AbsoluteImitation,42,32,0.001,"(512, 512, 512, 512)","(512, 512, 512, 512)","(1024, 1024)",250,0.01,0.002,newton,5,5,256,131072,0.9,warp,4096,600000000,600064000,NVIDIA A100-SXM4-80GB,holygpu8a22606.rc.fas.harvard.edu,1835.041748046875,311.42559814453125,434.697265625,21873.17133031271,33988.94366565983,22853.37334361687,34762.25895957062,29201.474054646
oesyktcx,RodentForwardModel_delay50_eff50-20260709-114229,emiwar-team/nnx-ppo-rodent-delays,finished,201d6e11,"ForwardModel,MLP,TrainEvalSplit,delay50,eff50,warp",Trying different XML.,2026-07-09T15:42:43Z,new_forward_model,new,rodent_no_tail_collisions.xml,forward_model,position,50,50,current_root,,False,1.0,True,AbsoluteImitation,42,32,0.001,"(512, 512, 512, 512)","(512, 512, 512, 512)","(1024, 1024)",250,0.01,0.002,newton,5,5,256,131072,0.9,warp,4096,600000000,600064000,NVIDIA A100-SXM4-80GB,holygpu8a22203.rc.fas.harvard.edu,1847.901611328125,288.58575439453125,437.4326171875,23228.21671764611,34051.41399985479,22473.212435930596,33714.94811845452,29875.712609122
3f3r7yds,RodentForwardModel_delay0_eff0-20260706-171304,emiwar-team/nnx-ppo-rodent-delays,finished,891cd0d3,"ForwardModel,MLP,TrainEvalSplit,delay0,eff0,warp",Trying positional control.,2026-07-06T21:13:14Z,old_forward_model,old,rodent.xml,forward_model,position,0,0,current_root,,False,1.0,True,AbsoluteImitation,42,32,0.001,"(512, 512, 512, 512)","(512, 512, 512, 512)","(1024, 1024)",250,0.01,0.002,newton,5,5,256,131072,0.9,warp,4096,600000000,600064000,NVIDIA A100-SXM4-80GB,holygpu8a22105.rc.fas.harvard.edu,1947.108642578125,175.53871154785156,444.5986328125,27506.548060654128,36056.95750305077,26823.780696944777,35908.876394619925,25402.056998549
un5lkdy3,RodentForwardModel_delay2_eff2-20260706-171304,emiwar-team/nnx-ppo-rodent-delays,finished,891cd0d3,"ForwardModel,MLP,TrainEvalSplit,delay2,eff2,warp",Trying positional control.,2026-07-06T21:13:14Z,old_forward_model,old,rodent.xml,forward_model,position,2,2,current_root,,False,1.0,True,AbsoluteImitation,42,32,0.001,"(512, 512, 512, 512)","(512, 512, 512, 512)","(1024, 1024)",250,0.01,0.002,newton,5,5,256,131072,0.9,warp,4096,600000000,600064000,NVIDIA A100-SXM4-80GB,holygpu8a22102.rc.fas.harvard.edu,1928.638916015625,191.83447265625,444.0126953125,26750.171724708216,34761.0692011711,26743.720123013387,35604.94423224,25634.431599559
u1tiif7a,RodentForwardModel_delay5_eff5-20260706-171310,emiwar-team/nnx-ppo-rodent-delays,finished,891cd0d3,"ForwardModel,MLP,TrainEvalSplit,delay5,eff5,warp",Trying positional control.,2026-07-06T21:13:14Z,old_forward_model,old,rodent.xml,forward_model,position,5,5,current_root,,False,1.0,True,AbsoluteImitation,42,32,0.001,"(512, 512, 512, 512)","(512, 512, 512, 512)","(1024, 1024)",250,0.01,0.002,newton,5,5,256,131072,0.9,warp,4096,600000000,600064000,NVIDIA A100-SXM4-80GB,holygpu8a22301.rc.fas.harvard.edu,1909.39599609375,214.8074188232422,442.9462890625,27909.57360215811,36021.10985199392,25855.483080604674,35626.07493636814,28708.544321352
m87hoxba,RodentForwardModel_delay10_eff10-20260706-171304,emiwar-team/nnx-ppo-rodent-delays,finished,891cd0d3,"ForwardModel,MLP,TrainEvalSplit,delay10,eff10,warp",Trying positional control.,2026-07-06T21:13:14Z,old_forward_model,old,rodent.xml,forward_model,position,10,10,current_root,,False,1.0,True,AbsoluteImitation,42,32,0.001,"(512, 512, 512, 512)","(512, 512, 512, 512)","(1024, 1024)",250,0.01,0.002,newton,5,5,256,131072,0.9,warp,4096,600000000,600064000,NVIDIA H200,holygpu8a12203.rc.fas.harvard.edu,1872.05615234375,284.9640197753906,436.91015625,40695.396375831195,50527.04448007707,40995.966282735004,52196.708869189344,17102.166247656
ag0ppq7m,RodentForwardModel_delay20_eff20-20260706-171304,emiwar-team/nnx-ppo-rodent-delays,finished,891cd0d3,"ForwardModel,MLP,TrainEvalSplit,delay20,eff20,warp",Trying positional control.,2026-07-06T21:13:14Z,old_forward_model,old,rodent.xml,forward_model,position,20,20,current_root,,False,1.0,True,AbsoluteImitation,42,32,0.001,"(512, 512, 512, 512)","(512, 512, 512, 512)","(1024, 1024)",250,0.01,0.002,newton,5,5,256,131072,0.9,warp,4096,600000000,600064000,NVIDIA A100-SXM4-80GB,holygpu8a22101.rc.fas.harvard.edu,1864.33349609375,284.2835998535156,437.587890625,25594.898209648356,35496.82113124586,25552.532728092337,35614.31311214846,26634.514558957
y9g2f9qe,RodentForwardModel_delay50_eff50-20260706-171304,emiwar-team/nnx-ppo-rodent-delays,finished,891cd0d3,"ForwardModel,MLP,TrainEvalSplit,delay50,eff50,warp",Trying positional control.,2026-07-06T21:13:14Z,old_forward_model,old,rodent.xml,forward_model,position,50,50,current_root,,False,1.0,True,AbsoluteImitation,42,32,0.001,"(512, 512, 512, 512)","(512, 512, 512, 512)","(1024, 1024)",250,0.01,0.002,newton,5,5,256,131072,0.9,warp,4096,600000000,600064000,NVIDIA A100-SXM4-80GB,holygpu8a22602.rc.fas.harvard.edu,1842.34912109375,310.5400695800781,434.8642578125,25672.06688988431,35080.769124043036,24622.355217914268,35332.19533092667,27477.539618969
cour9ula,RodentForwardModel_delay70_eff70-20260706-171304,emiwar-team/nnx-ppo-rodent-delays,finished,891cd0d3,"ForwardModel,MLP,TrainEvalSplit,delay70,eff70,warp",Trying positional control.,2026-07-06T21:13:14Z,old_forward_model,old,rodent.xml,forward_model,position,70,70,current_root,,False,1.0,True,AbsoluteImitation,42,32,0.001,"(512, 512, 512, 512)","(512, 512, 512, 512)","(1024, 1024)",250,0.01,0.002,newton,5,5,256,131072,0.9,warp,4096,600000000,600064000,NVIDIA A100-SXM4-80GB,holygpu8a22105.rc.fas.harvard.edu,1856.4093017578125,278.7340087890625,437.6025390625,23517.119328770077,35316.689949455664,24105.602570056835,35483.938682520355,27732.649041867
d4w728ul,RodentForwardModel_delay100_eff100-20260706-171304,emiwar-team/nnx-ppo-rodent-delays,finished,891cd0d3,"ForwardModel,MLP,TrainEvalSplit,delay100,eff100,warp",Trying positional control.,2026-07-06T21:13:14Z,old_forward_model,old,rodent.xml,forward_model,position,100,100,current_root,,False,1.0,True,AbsoluteImitation,42,32,0.001,"(512, 512, 512, 512)","(512, 512, 512, 512)","(1024, 1024)",250,0.01,0.002,newton,5,5,256,131072,0.9,warp,4096,600000000,600064000,NVIDIA A100-SXM4-80GB,holygpu8a22106.rc.fas.harvard.edu,1834.417724609375,319.46142578125,433.70703125,23177.700182844797,35613.99091394494,23220.777275074346,35477.088149722505,28286.052628945
nbq25qrw,RodentForwardModel_delay0_eff0_nodetach-20260719-112917,emiwar-team/nnx-ppo-rodent-delays,finished,0560d402,"ForwardModel,MLP,TrainEvalSplit,delay0,eff0,nodetach,warp",No-detach forward model with new XML.,2026-07-19T15:29:30Z,new_pg_forward_model,new,rodent_no_tail_collisions.xml,pg_forward_model,position,0,0,current_root,,False,0.0,False,AbsoluteImitation,42,32,0.001,"(512, 512, 512, 512)","(512, 512, 512, 512)","(1024, 1024)",250,0.01,0.002,newton,5,5,256,131072,0.9,warp,4096,600000000,600064000,NVIDIA A100-SXM4-80GB,holygpu8a22106.rc.fas.harvard.edu,1963.71044921875,165.2937774658203,445.3583984375,25493.89961629958,36121.13387715388,24872.701721050733,35771.52103473031,27123.092792872
d3cedjtz,RodentForwardModel_delay1_eff1_nodetach-20260719-114645,emiwar-team/nnx-ppo-rodent-delays,finished,0560d402,"ForwardModel,MLP,TrainEvalSplit,delay1,eff1,nodetach,warp",No-detach forward model with new XML.,2026-07-19T15:46:50Z,new_pg_forward_model,new,rodent_no_tail_collisions.xml,pg_forward_model,position,1,1,current_root,,False,0.0,False,AbsoluteImitation,42,32,0.001,"(512, 512, 512, 512)","(512, 512, 512, 512)","(1024, 1024)",250,0.01,0.002,newton,5,5,256,131072,0.9,warp,4096,600000000,600064000,NVIDIA A100-SXM4-80GB,holygpu8a22104.rc.fas.harvard.edu,1956.181640625,175.13525390625,446.2236328125,25629.810858229892,35915.63204323886,24724.27146015904,35659.969206467766,27451.999495184
mhwq6zo0,RodentForwardModel_delay2_eff2_nodetach-20260719-115658,emiwar-team/nnx-ppo-rodent-delays,finished,0560d402,"ForwardModel,MLP,TrainEvalSplit,delay2,eff2,nodetach,warp",No-detach forward model with new XML.,2026-07-19T15:57:01Z,new_pg_forward_model,new,rodent_no_tail_collisions.xml,pg_forward_model,position,2,2,current_root,,False,0.0,False,AbsoluteImitation,42,32,0.001,"(512, 512, 512, 512)","(512, 512, 512, 512)","(1024, 1024)",250,0.01,0.002,newton,5,5,256,131072,0.9,warp,4096,600000000,600064000,NVIDIA A100-SXM4-80GB,holygpu8a22305.rc.fas.harvard.edu,1941.4539794921875,204.47769165039065,445.0185546875,24486.672218923755,36018.44775896513,24465.180773535947,35487.71642456506,27546.266979679
rl15ffnq,RodentForwardModel_delay3_eff3_nodetach-20260719-120537,emiwar-team/nnx-ppo-rodent-delays,finished,0560d402,"ForwardModel,MLP,TrainEvalSplit,delay3,eff3,nodetach,warp",No-detach forward model with new XML.,2026-07-19T16:05:42Z,new_pg_forward_model,new,rodent_no_tail_collisions.xml,pg_forward_model,position,3,3,current_root,,False,0.0,False,AbsoluteImitation,42,32,0.001,"(512, 512, 512, 512)","(512, 512, 512, 512)","(1024, 1024)",250,0.01,0.002,newton,5,5,256,131072,0.9,warp,4096,600000000,600064000,NVIDIA A100-SXM4-80GB,holygpu8a22203.rc.fas.harvard.edu,1931.892578125,205.33477783203125,445.7255859375,25026.704720087655,35670.966557655694,24049.413454266538,35053.23872793764,28000.089403534
218i08s1,RodentForwardModel_delay4_eff4_nodetach-20260719-120537,emiwar-team/nnx-ppo-rodent-delays,finished,0560d402,"ForwardModel,MLP,TrainEvalSplit,delay4,eff4,nodetach,warp",No-detach forward model with new XML.,2026-07-19T16:05:42Z,new_pg_forward_model,new,rodent_no_tail_collisions.xml,pg_forward_model,position,4,4,current_root,,False,0.0,False,AbsoluteImitation,42,32,0.001,"(512, 512, 512, 512)","(512, 512, 512, 512)","(1024, 1024)",250,0.01,0.002,newton,5,5,256,131072,0.9,warp,4096,600000000,600064000,NVIDIA A100-SXM4-80GB,holygpu8a22203.rc.fas.harvard.edu,1923.199462890625,215.00164794921875,444.6064453125,26045.638879676535,34857.207342860595,24046.49645415617,34912.769021351145,28294.36032633
ftodf8gh,RodentForwardModel_delay5_eff5_nodetach-20260719-121043,emiwar-team/nnx-ppo-rodent-delays,finished,0560d402,"ForwardModel,MLP,TrainEvalSplit,delay5,eff5,nodetach,warp",No-detach forward model with new XML.,2026-07-19T16:10:45Z,new_pg_forward_model,new,rodent_no_tail_collisions.xml,pg_forward_model,position,5,5,current_root,,False,0.0,False,AbsoluteImitation,42,32,0.001,"(512, 512, 512, 512)","(512, 512, 512, 512)","(1024, 1024)",250,0.01,0.002,newton,5,5,256,131072,0.9,warp,4096,600000000,600064000,NVIDIA H200,holygpu8a12301.rc.fas.harvard.edu,1923.68310546875,192.69973754882812,446.208984375,41946.61723506896,50960.40259843112,39534.455854186795,51830.10881230121,17724.157233844
mk7wma0n,RodentForwardModel_delay6_eff6_nodetach-20260719-140606,emiwar-team/nnx-ppo-rodent-delays,finished,0560d402,"ForwardModel,MLP,TrainEvalSplit,delay6,eff6,nodetach,warp",No-detach forward model with new XML.,2026-07-19T18:06:21Z,new_pg_forward_model,new,rodent_no_tail_collisions.xml,pg_forward_model,position,6,6,current_root,,False,0.0,False,AbsoluteImitation,42,32,0.001,"(512, 512, 512, 512)","(512, 512, 512, 512)","(1024, 1024)",250,0.01,0.002,newton,5,5,256,131072,0.9,warp,4096,600000000,600064000,NVIDIA H200,holygpu8a12403.rc.fas.harvard.edu,1915.19970703125,225.3051300048828,443.060546875,39120.12664036629,51446.80239586624,37935.02128950283,50964.14620415278,22209.623587167
diu830ld,RodentForwardModel_delay7_eff7_nodetach-20260719-140606,emiwar-team/nnx-ppo-rodent-delays,finished,0560d402,"ForwardModel,MLP,TrainEvalSplit,delay7,eff7,nodetach,warp",No-detach forward model with new XML.,2026-07-19T18:06:21Z,new_pg_forward_model,new,rodent_no_tail_collisions.xml,pg_forward_model,position,7,7,current_root,,False,0.0,False,AbsoluteImitation,42,32,0.001,"(512, 512, 512, 512)","(512, 512, 512, 512)","(1024, 1024)",250,0.01,0.002,newton,5,5,256,131072,0.9,warp,4096,600000000,600064000,NVIDIA H200,holygpu8a12403.rc.fas.harvard.edu,1894.8062744140625,246.36294555664065,442.458984375,38855.539598724456,52161.00134793131,38079.97337709207,51489.93518172797,22169.305904929
8qpxdibl,RodentForwardModel_delay8_eff8_nodetach-20260719-140606,emiwar-team/nnx-ppo-rodent-delays,finished,0560d402,"ForwardModel,MLP,TrainEvalSplit,delay8,eff8,nodetach,warp",No-detach forward model with new XML.,2026-07-19T18:06:21Z,new_pg_forward_model,new,rodent_no_tail_collisions.xml,pg_forward_model,position,8,8,current_root,,False,0.0,False,AbsoluteImitation,42,32,0.001,"(512, 512, 512, 512)","(512, 512, 512, 512)","(1024, 1024)",250,0.01,0.002,newton,5,5,256,131072,0.9,warp,4096,600000000,600064000,NVIDIA H200,holygpu8a12403.rc.fas.harvard.edu,1881.7490234375,267.0267333984375,440.8701171875,40434.72829062544,51317.494891970615,37447.976680166124,51326.67495161126,22379.723277094
li81dxyl,RodentForwardModel_delay9_eff9_nodetach-20260719-140606,emiwar-team/nnx-ppo-rodent-delays,finished,0560d402,"ForwardModel,MLP,TrainEvalSplit,delay9,eff9,nodetach,warp",No-detach forward model with new XML.,2026-07-19T18:06:21Z,new_pg_forward_model,new,rodent_no_tail_collisions.xml,pg_forward_model,position,9,9,current_root,,False,0.0,False,AbsoluteImitation,42,32,0.001,"(512, 512, 512, 512)","(512, 512, 512, 512)","(1024, 1024)",250,0.01,0.002,newton,5,5,256,131072,0.9,warp,4096,600000000,600064000,NVIDIA H200,holygpu8a12403.rc.fas.harvard.edu,1886.9071044921875,259.3459777832031,442.3388671875,36337.10645705036,51848.56398826868,37324.994612654795,51424.42493541637,22424.250789308
am4m3hov,RodentForwardModel_delay10_eff10_nodetach-20260719-151527,emiwar-team/nnx-ppo-rodent-delays,finished,0560d402,"ForwardModel,MLP,TrainEvalSplit,delay10,eff10,nodetach,warp",No-detach forward model with new XML.,2026-07-19T19:15:34Z,new_pg_forward_model,new,rodent_no_tail_collisions.xml,pg_forward_model,position,10,10,current_root,,False,0.0,False,AbsoluteImitation,42,32,0.001,"(512, 512, 512, 512)","(512, 512, 512, 512)","(1024, 1024)",250,0.01,0.002,newton,5,5,256,131072,0.9,warp,4096,600000000,600064000,NVIDIA A100-SXM4-80GB,holygpu8a22206.rc.fas.harvard.edu,1875.076171875,271.898681640625,440.2939453125,24975.248293162473,34875.70338921183,22617.018873025874,34629.095151572255,32180.993423036
nyyvqqfo,RodentForwardModel_delay10_eff10_nodetach-20260719-122016,emiwar-team/nnx-ppo-rodent-delays,finished,0560d402,"ForwardModel,MLP,TrainEvalSplit,delay10,eff10,nodetach,warp",No-detach forward model with new XML.,2026-07-19T16:20:20Z,new_pg_forward_model,new,rodent_no_tail_collisions.xml,pg_forward_model,position,10,10,current_root,,False,0.0,False,AbsoluteImitation,42,32,0.001,"(512, 512, 512, 512)","(512, 512, 512, 512)","(1024, 1024)",250,0.01,0.002,newton,5,5,256,131072,0.9,warp,4096,600000000,600064000,NVIDIA A100-SXM4-80GB,holygpu8a22306.rc.fas.harvard.edu,1870.8768310546875,275.4300537109375,440.685546875,23512.926668072407,34711.867426976896,23017.326005006886,34752.35030479524,29358.887277557
sv5w474c,RodentForwardModel_delay12_eff12_nodetach-20260719-151522,emiwar-team/nnx-ppo-rodent-delays,finished,0560d402,"ForwardModel,MLP,TrainEvalSplit,delay12,eff12,nodetach,warp",No-detach forward model with new XML.,2026-07-19T19:15:34Z,new_pg_forward_model,new,rodent_no_tail_collisions.xml,pg_forward_model,position,12,12,current_root,,False,0.0,False,AbsoluteImitation,42,32,0.001,"(512, 512, 512, 512)","(512, 512, 512, 512)","(1024, 1024)",250,0.01,0.002,newton,5,5,256,131072,0.9,warp,4096,600000000,600064000,NVIDIA A100-SXM4-80GB,holygpu8a22401.rc.fas.harvard.edu,1849.96875,312.0257873535156,436.533203125,22844.449652970055,34883.36865064705,22751.84151450017,34517.86814603348,29477.284100816
pjvoz894,RodentForwardModel_delay15_eff15_nodetach-20260719-122229,emiwar-team/nnx-ppo-rodent-delays,finished,0560d402,"ForwardModel,MLP,TrainEvalSplit,delay15,eff15,nodetach,warp",No-detach forward model with new XML.,2026-07-19T16:22:30Z,new_pg_forward_model,new,rodent_no_tail_collisions.xml,pg_forward_model,position,15,15,current_root,,False,0.0,False,AbsoluteImitation,42,32,0.001,"(512, 512, 512, 512)","(512, 512, 512, 512)","(1024, 1024)",250,0.01,0.002,newton,5,5,256,131072,0.9,warp,4096,600000000,600064000,NVIDIA A100-SXM4-80GB,holygpu8a22404.rc.fas.harvard.edu,1824.9000244140625,348.2168884277344,432.1884765625,24624.55917254923,34844.34658946356,23245.864795080466,34348.20864660527,29064.769083204
lb6hfpju,RodentForwardModel_delay30_eff30_nodetach-20260719-122611,emiwar-team/nnx-ppo-rodent-delays,finished,0560d402,"ForwardModel,MLP,TrainEvalSplit,delay30,eff30,nodetach,warp",No-detach forward model with new XML.,2026-07-19T16:26:12Z,new_pg_forward_model,new,rodent_no_tail_collisions.xml,pg_forward_model,position,30,30,current_root,,False,0.0,False,AbsoluteImitation,42,32,0.001,"(512, 512, 512, 512)","(512, 512, 512, 512)","(1024, 1024)",250,0.01,0.002,newton,5,5,256,131072,0.9,warp,4096,600000000,600064000,NVIDIA A100-SXM4-80GB,holygpu8a22104.rc.fas.harvard.edu,1833.400634765625,310.5632019042969,436.232421875,23465.77304803049,34930.52734251102,22709.80374470153,33981.387357603744,29602.765723118
7yaun29e,RodentForwardModel_delay40_eff40_nodetach-20260719-152646,emiwar-team/nnx-ppo-rodent-delays,finished,0560d402,"ForwardModel,MLP,TrainEvalSplit,delay40,eff40,nodetach,warp",No-detach forward model with new XML.,2026-07-19T19:27:00Z,new_pg_forward_model,new,rodent_no_tail_collisions.xml,pg_forward_model,position,40,40,current_root,,False,0.0,False,AbsoluteImitation,42,32,0.001,"(512, 512, 512, 512)","(512, 512, 512, 512)","(1024, 1024)",250,0.01,0.002,newton,5,5,256,131072,0.9,warp,4096,600000000,600064000,NVIDIA H200,holygpu8a12501.rc.fas.harvard.edu,1782.8275146484375,373.9030456542969,427.6298828125,40434.784378260185,51139.01665120877,36586.43275240733,49919.219789276685,18983.748039878
2s4riayk,RodentForwardModel_delay50_eff50_nodetach-20260719-153154,emiwar-team/nnx-ppo-rodent-delays,finished,0560d402,"ForwardModel,MLP,TrainEvalSplit,delay50,eff50,nodetach,warp",No-detach forward model with new XML.,2026-07-19T19:31:57Z,new_pg_forward_model,new,rodent_no_tail_collisions.xml,pg_forward_model,position,50,50,current_root,,False,0.0,False,AbsoluteImitation,42,32,0.001,"(512, 512, 512, 512)","(512, 512, 512, 512)","(1024, 1024)",250,0.01,0.002,newton,5,5,256,131072,0.9,warp,4096,600000000,600064000,NVIDIA A100-SXM4-80GB,holygpu8a22104.rc.fas.harvard.edu,1787.298583984375,357.66162109375,428.447265625,23390.234974801097,33614.71017567403,21958.661403456048,33663.53279984664,30260.254642362
0rf8umm3,RodentForwardModel_delay70_eff70_nodetach-20260719-123404,emiwar-team/nnx-ppo-rodent-delays,finished,0560d402,"ForwardModel,MLP,TrainEvalSplit,delay70,eff70,nodetach,warp",No-detach forward model with new XML.,2026-07-19T16:34:07Z,new_pg_forward_model,new,rodent_no_tail_collisions.xml,pg_forward_model,position,70,70,current_root,,False,0.0,False,AbsoluteImitation,42,32,0.001,"(512, 512, 512, 512)","(512, 512, 512, 512)","(1024, 1024)",250,0.01,0.002,newton,5,5,256,131072,0.9,warp,4096,600000000,600064000,NVIDIA A100-SXM4-80GB,holygpu8a22205.rc.fas.harvard.edu,1763.136962890625,394.3256530761719,424.2861328125,21162.761005422137,33142.26278959445,21261.290213649652,33380.97343002967,31167.861619452
u3gzqx1d,RodentForwardModel_delay90_eff90_nodetach-20260719-153154,emiwar-team/nnx-ppo-rodent-delays,finished,0560d402,"ForwardModel,MLP,TrainEvalSplit,delay90,eff90,nodetach,warp",No-detach forward model with new XML.,2026-07-19T19:31:57Z,new_pg_forward_model,new,rodent_no_tail_collisions.xml,pg_forward_model,position,90,90,current_root,,False,0.0,False,AbsoluteImitation,42,32,0.001,"(512, 512, 512, 512)","(512, 512, 512, 512)","(1024, 1024)",250,0.01,0.002,newton,5,5,256,131072,0.9,warp,4096,600000000,600064000,NVIDIA A100-SXM4-80GB,holygpu8a22104.rc.fas.harvard.edu,1793.228271484375,359.57269287109375,431.0322265625,22526.159621822313,34641.09376456951,22157.31788152149,33069.62745601502,30482.791502207
q31byew9,RodentForwardModel_delay100_eff100_nodetach-20260719-153517,emiwar-team/nnx-ppo-rodent-delays,finished,0560d402,"ForwardModel,MLP,TrainEvalSplit,delay100,eff100,nodetach,warp",No-detach forward model with new XML.,2026-07-19T19:35:22Z,new_pg_forward_model,new,rodent_no_tail_collisions.xml,pg_forward_model,position,100,100,current_root,,False,0.0,False,AbsoluteImitation,42,32,0.001,"(512, 512, 512, 512)","(512, 512, 512, 512)","(1024, 1024)",250,0.01,0.002,newton,5,5,256,131072,0.9,warp,4096,600000000,600064000,NVIDIA A100-SXM4-80GB,holygpu8a22205.rc.fas.harvard.edu,1766.1689453125,369.9869079589844,427.1259765625,21998.880070538187,34128.849004694945,21554.35943911034,33439.520645471595,31022.564690807
r7juzija,RodentForwardModel_delay100_eff100_nodetach-20260719-130155,emiwar-team/nnx-ppo-rodent-delays,finished,0560d402,"ForwardModel,MLP,TrainEvalSplit,delay100,eff100,nodetach,warp",No-detach forward model with new XML.,2026-07-19T17:02:04Z,new_pg_forward_model,new,rodent_no_tail_collisions.xml,pg_forward_model,position,100,100,current_root,,False,0.0,False,AbsoluteImitation,42,32,0.001,"(512, 512, 512, 512)","(512, 512, 512, 512)","(1024, 1024)",250,0.01,0.002,newton,5,5,256,131072,0.9,warp,4096,600000000,600064000,NVIDIA A100-SXM4-80GB,holygpu8a22401.rc.fas.harvard.edu,1788.115478515625,356.4677734375,428.7548828125,22510.46260786402,34031.39920011593,21403.111943396663,33150.15798788992,31211.108003092
ycs161ow,RodentForwardModel_delay0_eff0_nodetach-20260630-083013,emiwar-team/nnx-ppo-rodent-delays,finished,d4bd4dc0,"ForwardModel,MLP,TrainEvalSplit,delay0,eff0,nodetach,warp",Another architecture vs loss test.,2026-06-30T12:30:24Z,old_pg_forward_model,old,rodent.xml,pg_forward_model,torque,0,0,current_root,reference_root,True,0.0,False,AbsoluteImitation,42,32,0.001,"(512, 512, 512, 512)","(512, 512, 512, 512)","(1024, 1024)",250,0.01,0.002,newton,5,5,256,131072,0.9,warp,4096,600000000,600064000,NVIDIA H200,holygpu8a12104.rc.fas.harvard.edu,1994.4716796875,145.5896759033203,446.119140625,53648.016041775256,51547.95595549823,53527.788451645625,51004.2859723359,13550.295888059
y0ht875v,RodentForwardModel_delay1_eff1_nodetach-20260630-083013,emiwar-team/nnx-ppo-rodent-delays,finished,d4bd4dc0,"ForwardModel,MLP,TrainEvalSplit,delay1,eff1,nodetach,warp",Another architecture vs loss test.,2026-06-30T12:30:24Z,old_pg_forward_model,old,rodent.xml,pg_forward_model,torque,1,1,current_root,reference_root,True,0.0,False,AbsoluteImitation,42,32,0.001,"(512, 512, 512, 512)","(512, 512, 512, 512)","(1024, 1024)",250,0.01,0.002,newton,5,5,256,131072,0.9,warp,4096,600000000,600064000,NVIDIA H200,holygpu8a12301.rc.fas.harvard.edu,1990.665771484375,148.2670135498047,446.037109375,53737.90580341452,51325.16271981034,53116.17459388115,50651.63673874577,13607.910815386
ktd2pdlz,RodentForwardModel_delay2_eff2_nodetach-20260630-083037,emiwar-team/nnx-ppo-rodent-delays,finished,d4bd4dc0,"ForwardModel,MLP,TrainEvalSplit,delay2,eff2,nodetach,warp",Another architecture vs loss test.,2026-06-30T12:30:39Z,old_pg_forward_model,old,rodent.xml,pg_forward_model,torque,2,2,current_root,reference_root,True,0.0,False,AbsoluteImitation,42,32,0.001,"(512, 512, 512, 512)","(512, 512, 512, 512)","(1024, 1024)",250,0.01,0.002,newton,5,5,256,131072,0.9,warp,4096,600000000,600064000,NVIDIA H200,holygpu8a12303.rc.fas.harvard.edu,1983.7763671875,140.50091552734375,446.396484375,52819.90095948908,49738.25657769847,52418.53200195245,50243.401774558544,16768.360963947
3vtfnx86,RodentForwardModel_delay4_eff4_nodetach-20260701-093042,emiwar-team/nnx-ppo-rodent-delays,finished,d33e5bcf,"ForwardModel,MLP,TrainEvalSplit,delay4,eff4,nodetach,warp",Another architecture vs loss test.,2026-07-01T13:30:45Z,old_pg_forward_model,old,rodent.xml,pg_forward_model,torque,4,4,current_root,reference_root,True,0.0,False,AbsoluteImitation,42,32,0.001,"(512, 512, 512, 512)","(512, 512, 512, 512)","(1024, 1024)",250,0.01,0.002,newton,5,5,256,131072,0.9,warp,4096,600000000,600064000,NVIDIA A100-SXM4-80GB,holygpu8a22301.rc.fas.harvard.edu,1951.3101806640625,161.27723693847656,445.2392578125,31462.09286655355,33901.508138757206,31076.527026662297,33324.267182111274,24769.31363731
rgbe2wln,RodentForwardModel_delay5_eff5_nodetach-20260630-083050,emiwar-team/nnx-ppo-rodent-delays,finished,d4bd4dc0,"ForwardModel,MLP,TrainEvalSplit,delay5,eff5,nodetach,warp",Another architecture vs loss test.,2026-06-30T12:30:53Z,old_pg_forward_model,old,rodent.xml,pg_forward_model,torque,5,5,current_root,reference_root,True,0.0,False,AbsoluteImitation,42,32,0.001,"(512, 512, 512, 512)","(512, 512, 512, 512)","(1024, 1024)",250,0.01,0.002,newton,5,5,256,131072,0.9,warp,4096,600000000,600064000,NVIDIA H200,holygpu8a12403.rc.fas.harvard.edu,1938.328369140625,179.51678466796875,444.0537109375,52973.43002018195,49964.999503193,52577.750778594374,49337.987878292886,16751.07390007
5kut4rjy,RodentForwardModel_delay10_eff10_nodetach-20260630-083050,emiwar-team/nnx-ppo-rodent-delays,finished,d4bd4dc0,"ForwardModel,MLP,TrainEvalSplit,delay10,eff10,nodetach,warp",Another architecture vs loss test.,2026-06-30T12:30:53Z,old_pg_forward_model,old,rodent.xml,pg_forward_model,torque,10,10,current_root,reference_root,True,0.0,False,AbsoluteImitation,42,32,0.001,"(512, 512, 512, 512)","(512, 512, 512, 512)","(1024, 1024)",250,0.01,0.002,newton,5,5,256,131072,0.9,warp,4096,600000000,600064000,NVIDIA H200,holygpu8a12403.rc.fas.harvard.edu,1842.625244140625,298.6861877441406,434.0498046875,52061.93726991928,48495.76773651192,51919.80255727001,47751.95788779379,17057.922385121
8oz65ycv,RodentForwardModel_delay12_eff12_nodetach-20260701-092451,emiwar-team/nnx-ppo-rodent-delays,finished,d33e5bcf,"ForwardModel,MLP,TrainEvalSplit,delay12,eff12,nodetach,warp",Another architecture vs loss test.,2026-07-01T13:25:01Z,old_pg_forward_model,old,rodent.xml,pg_forward_model,torque,12,12,current_root,reference_root,True,0.0,False,AbsoluteImitation,42,32,0.001,"(512, 512, 512, 512)","(512, 512, 512, 512)","(1024, 1024)",250,0.01,0.002,newton,5,5,256,131072,0.9,warp,4096,600000000,600064000,NVIDIA A100-SXM4-80GB,holygpu8a22404.rc.fas.harvard.edu,1736.94970703125,429.4019775390625,413.90625,30297.533764674703,32399.03050967598,30769.224126120687,31686.88134107814,22338.189799099
2q4lp1ad,RodentForwardModel_delay15_eff15_nodetach-20260701-092554,emiwar-team/nnx-ppo-rodent-delays,finished,d33e5bcf,"ForwardModel,MLP,TrainEvalSplit,delay15,eff15,nodetach,warp",Another architecture vs loss test.,2026-07-01T13:25:56Z,old_pg_forward_model,old,rodent.xml,pg_forward_model,torque,15,15,current_root,reference_root,True,0.0,False,AbsoluteImitation,42,32,0.001,"(512, 512, 512, 512)","(512, 512, 512, 512)","(1024, 1024)",250,0.01,0.002,newton,5,5,256,131072,0.9,warp,4096,600000000,600064000,NVIDIA A100-SXM4-80GB,holygpu8a22101.rc.fas.harvard.edu,1646.1044921875,496.045166015625,398.1767578125,31071.254038378825,31875.0428344642,30841.96811775548,31439.926991278473,22293.849614771
k31whkph,RodentForwardModel_delay20_eff20_nodetach-20260630-083014,emiwar-team/nnx-ppo-rodent-delays,finished,d4bd4dc0,"ForwardModel,MLP,TrainEvalSplit,delay20,eff20,nodetach,warp",Another architecture vs loss test.,2026-06-30T12:30:24Z,old_pg_forward_model,old,rodent.xml,pg_forward_model,torque,20,20,current_root,reference_root,True,0.0,False,AbsoluteImitation,42,32,0.001,"(512, 512, 512, 512)","(512, 512, 512, 512)","(1024, 1024)",250,0.01,0.002,newton,5,5,256,131072,0.9,warp,4096,600000000,600064000,NVIDIA H200,holygpu8a12404.rc.fas.harvard.edu,1508.4644775390625,547.6675415039062,382.232421875,52222.98029180908,47024.549850636366,51796.92747518141,46856.89193356612,13926.446335209
1swpf440,RodentForwardModel_delay25_eff25_nodetach-20260701-092452,emiwar-team/nnx-ppo-rodent-delays,finished,d33e5bcf,"ForwardModel,MLP,TrainEvalSplit,delay25,eff25,nodetach,warp",Another architecture vs loss test.,2026-07-01T13:25:01Z,old_pg_forward_model,old,rodent.xml,pg_forward_model,torque,25,25,current_root,reference_root,True,0.0,False,AbsoluteImitation,42,32,0.001,"(512, 512, 512, 512)","(512, 512, 512, 512)","(1024, 1024)",250,0.01,0.002,newton,5,5,256,131072,0.9,warp,4096,600000000,600064000,NVIDIA H200,holygpu8a12603.rc.fas.harvard.edu,1365.2279052734375,567.968017578125,357.138671875,51225.33864121484,46975.10698473963,51602.07352059026,46491.14590947761,14016.803135028
wtzpzgii,RodentForwardModel_delay30_eff30_nodetach-20260701-092451,emiwar-team/nnx-ppo-rodent-delays,finished,d33e5bcf,"ForwardModel,MLP,TrainEvalSplit,delay30,eff30,nodetach,warp",Another architecture vs loss test.,2026-07-01T13:25:01Z,old_pg_forward_model,old,rodent.xml,pg_forward_model,torque,30,30,current_root,reference_root,True,0.0,False,AbsoluteImitation,42,32,0.001,"(512, 512, 512, 512)","(512, 512, 512, 512)","(1024, 1024)",250,0.01,0.002,newton,5,5,256,131072,0.9,warp,4096,600000000,600064000,NVIDIA A100-SXM4-80GB,holygpu8a22502.rc.fas.harvard.edu,1317.8887939453125,576.42919921875,352.025390625,30294.213171265044,30903.880204807458,30282.292449346467,30661.496938916014,22713.44283127
e2gls1el,RodentForwardModel_delay50_eff50_nodetach-20260630-083033,emiwar-team/nnx-ppo-rodent-delays,finished,d4bd4dc0,"ForwardModel,MLP,TrainEvalSplit,delay50,eff50,nodetach,warp",Another architecture vs loss test.,2026-06-30T12:30:34Z,old_pg_forward_model,old,rodent.xml,pg_forward_model,torque,50,50,current_root,reference_root,True,0.0,False,AbsoluteImitation,42,32,0.001,"(512, 512, 512, 512)","(512, 512, 512, 512)","(1024, 1024)",250,0.01,0.002,newton,5,5,256,131072,0.9,warp,4096,600000000,600064000,NVIDIA H200,holygpu8a12504.rc.fas.harvard.edu,1001.95166015625,553.364013671875,287.6279296875,50722.679989650176,46157.54096929451,50787.69921770786,46425.752203705066,14151.477434715
61tqhars,RodentForwardModel_delay80_eff80_nodetach-20260630-083054,emiwar-team/nnx-ppo-rodent-delays,finished,d4bd4dc0,"ForwardModel,MLP,TrainEvalSplit,delay80,eff80,nodetach,warp",Another architecture vs loss test.,2026-06-30T12:30:55Z,old_pg_forward_model,old,rodent.xml,pg_forward_model,torque,80,80,current_root,reference_root,True,0.0,False,AbsoluteImitation,42,32,0.001,"(512, 512, 512, 512)","(512, 512, 512, 512)","(1024, 1024)",250,0.01,0.002,newton,5,5,256,131072,0.9,warp,4096,600000000,600064000,NVIDIA H200,holygpu8a12202.rc.fas.harvard.edu,749.8599243164062,372.8224792480469,223.3740234375,49923.69146600431,46640.649298033146,49945.28678255977,46944.20366144965,14355.027666591
6zfy0rac,RodentForwardModel_delay100_eff100_nodetach-20260630-083054,emiwar-team/nnx-ppo-rodent-delays,finished,d4bd4dc0,"ForwardModel,MLP,TrainEvalSplit,delay100,eff100,nodetach,warp",Another architecture vs loss test.,2026-06-30T12:30:55Z,old_pg_forward_model,old,rodent.xml,pg_forward_model,torque,100,100,current_root,reference_root,True,0.0,False,AbsoluteImitation,42,32,0.001,"(512, 512, 512, 512)","(512, 512, 512, 512)","(1024, 1024)",250,0.01,0.002,newton,5,5,256,131072,0.9,warp,4096,600000000,600064000,NVIDIA H200,holygpu8a12202.rc.fas.harvard.edu,714.180419921875,334.56866455078125,214.447265625,49329.81320967863,46869.224549572726,49519.11158377494,46605.641178770136,14477.207418423
