condition,wandb_id,wandb_name,wandb_project,git_commit,created_at,gpu,setup,control_mode,walker_xml,body_target_frame,delay_k,efference_length,kl_weight,dec_use_intention,dec_use_proprioception,decoder_streams,delay_is_effective,seed,actual_step,restart_count,rollout_length,n_envs,os,cuda_version,repos_dirty,inline_split,inline_reward,inline_lifespan,encoder_kl,action_sigma,n_eval_points,max_step,window_lifespan_mean,window_encoder_kl,window_action_sigma,window_joint_l2_error,window_root_pos_distance,window_termination_rate,window_term_root_too_far,window_reward,reward_source,train_reward,train_lifespan_steps,train_reward_per_step,train_hazard,train_term_survived,train_term_pose_error,train_term_root_too_far,train_term_root_too_rotated,train_term_nan_termination,train_joint_l2_error,train_root_pos_distance,train_encoder_kl,train_action_sigma,old_eval_reward,old_eval_lifespan_steps,old_eval_reward_per_step,old_eval_hazard,old_eval_term_survived,old_eval_term_pose_error,old_eval_term_root_too_far,old_eval_term_root_too_rotated,old_eval_term_nan_termination,old_eval_joint_l2_error,old_eval_root_pos_distance,old_eval_encoder_kl,old_eval_action_sigma,new_eval_reward,new_eval_lifespan_steps,new_eval_reward_per_step,new_eval_hazard,new_eval_term_survived,new_eval_term_pose_error,new_eval_term_root_too_far,new_eval_term_root_too_rotated,new_eval_term_nan_termination,new_eval_joint_l2_error,new_eval_root_pos_distance,new_eval_encoder_kl,new_eval_action_sigma,heldout_gap_frac
pos_efference,16jfo5vu,RodentEncDec_delay0_eff0-job43322478,emiwar-team/nnx-ppo-rodent-delays,f4992e21,2026-08-31T21:33:42Z,NVIDIA RTX PRO 6000 Blackwell Server Edition,new,position,rodent_no_tail_collisions.xml,reference_root,0,0,0.001,True,True,intention+proprioception,True,42,600064000.0,0.0,20,4096,Linux-4.18.0-553.155.1.el8_10.x86_64-x86_64-with-glibc2.28,13.3,True,held_out,1946.70166015625,446.7529296875,22.565343856811523,0.24672815203666687,61,600064000,446.2552734375,22.43990707397461,0.24973927438259125,1.2645354509353637,0.00567591590806838,1.7479745656601155e-05,1.2527564194897423e-05,1942.4369384765625,final_eval,2118.6616544000817,487.7726597325409,4.343543271904173,0.0009138790816124678,0.9955423476968795,0.0,0.0029717682020802376,0.0014858841010401188,0.0,1.2850649202315545,0.006172503598125398,22.688580212268207,0.24775095812110695,2113.7219194942677,489.0,4.322539712667214,0.0,1.0,0.0,0.0,0.0,0.0,1.320052961921708,0.005896439174777147,22.554156435572995,0.2462574986956964,11084.17915725708,2638.03125,4.201686070723037,0.008292168639018207,0.78125,0.0,0.1875,0.03125,0.0,1.3394820014435922,0.006886776028763516,26.591706577988077,0.2454322855642776,0.0023315355217550238
pos_efference,vd2z944s,RodentEncDec_delay0_eff0-job43609004,emiwar-team/nnx-ppo-rodent-delays,b7c4b32f,2026-09-01T16:21:35Z,NVIDIA A100-SXM4-40GB,new,position,rodent_no_tail_collisions.xml,reference_root,0,0,0.001,True,True,intention+proprioception,True,42,600064000.0,4.0,20,4096,Linux-4.18.0-553.155.1.el8_10.x86_64-x86_64-with-glibc2.28,13.3,True,held_out,1936.4373779296875,445.693359375,22.32970428466797,0.25262802839279175,61,600064000,445.9435546875,22.360111236572266,0.25236362814903257,1.268732976913452,0.005850014649331519,2.6744891147245654e-05,1.9064152184000704e-05,1936.0296142578125,final_eval,2115.954644111078,486.37295690936105,4.350477579092459,0.0021385211820523008,0.9895988112927192,0.0,0.007429420505200594,0.0029717682020802376,0.0,1.2823506046334805,0.006140172489755596,22.44606623486052,0.25325243174827283,2085.9893895437026,486.4674556213018,4.288034822143526,0.0012163526449588326,0.9940828402366864,0.0,0.005917159763313609,0.0,0.0,1.3237299747668172,0.006417550556932827,22.25785952768087,0.25500575710244056,10490.88814163208,2505.09375,4.187822568170185,0.012474583037061986,0.6875,0.0,0.25,0.0625,0.0,1.3103197915545337,0.006967552067602796,26.809504141594857,0.2600797725742979,0.014161576974616064
pos_efference,fc16jeym,RodentEncDec_delay1_eff1-job43642064,emiwar-team/nnx-ppo-rodent-delays,b7c4b32f,2026-09-01T18:23:39Z,NVIDIA A100-SXM4-40GB,new,position,rodent_no_tail_collisions.xml,reference_root,1,1,0.001,True,True,intention+proprioception+efference,True,42,600064000.0,2.0,20,4096,Linux-4.18.0-553.155.1.el8_10.x86_64-x86_64-with-glibc2.28,13.3,True,held_out,1923.3724365234375,445.376953125,20.955049514770508,0.26835644245147705,61,600064000,445.7642578125,20.896918869018556,0.2680536866188049,1.284961986541748,0.006056655198335601,2.8148273668193723e-05,1.760122104315087e-05,1925.9192138671874,final_eval,2098.3787072055584,486.91530460624074,4.309535328536198,0.00152581371645498,0.9925705794947994,0.0,0.004457652303120356,0.0029717682020802376,0.0,1.3082503319266952,0.006749827511609586,20.993593524190608,0.2698639238053165,2087.455646582609,488.41420118343194,4.273945437140618,0.0012115044462213237,0.9940828402366864,0.0,0.005917159763313609,0.005917159763313609,0.0,1.338786414141897,0.006625681421509087,21.037571627381972,0.2694277827121927,11466.75539970398,2707.34375,4.235426476487878,0.006925607433485312,0.8125,0.0,0.15625,0.03125,0.0,1.3296957696451277,0.005996201371160272,24.919690310180115,0.2713388216759232,0.005205476297219902
pos_efference,oj46iwi6,RodentEncDec_delay5_eff5-job43322503,emiwar-team/nnx-ppo-rodent-delays,f4992e21,2026-08-31T21:33:42Z,NVIDIA RTX PRO 6000 Blackwell Server Edition,new,position,rodent_no_tail_collisions.xml,reference_root,5,5,0.001,True,True,intention+proprioception+efference,True,42,600064000.0,0.0,20,4096,Linux-4.18.0-553.155.1.el8_10.x86_64-x86_64-with-glibc2.28,13.3,True,held_out,1868.6170654296875,440.373046875,17.620681762695312,0.306086003780365,61,600064000,441.3009765625,17.396180725097658,0.3034634530544281,1.314244842529297,0.0074111990630626205,0.00019064079970116,0.00014646326744692287,1872.7465087890625,final_eval,2039.192946718848,485.3194650817237,4.201753882621347,0.0024493294960504244,0.9881129271916792,0.0,0.007429420505200594,0.004457652303120356,0.0,1.3386528791059884,0.008282262776306538,17.658226387356272,0.30658140798268413,1997.7460055379472,481.1301775147929,4.152194351759456,0.008608921302160814,0.9585798816568049,0.0,0.023668639053254437,0.01775147928994083,0.0,1.381812109348196,0.008985072841912866,17.635224241773127,0.30846811403294466,9672.299995422363,2385.65625,4.054356110786021,0.017028857363670897,0.59375,0.0,0.28125,0.125,0.0,1.4360974073807782,0.012232152729227666,27.934249042560708,0.32186417985835325,0.020325168958430617
pos_efference,jtl5r0px,RodentEncDec_delay10_eff10-job43322539,emiwar-team/nnx-ppo-rodent-delays,f4992e21,2026-08-31T21:31:27Z,NVIDIA A100-SXM4-40GB,new,position,rodent_no_tail_collisions.xml,reference_root,10,10,0.001,True,True,intention+proprioception+efference,True,42,600064000.0,9.0,20,4096,Linux-4.18.0-553.155.1.el8_10.x86_64-x86_64-with-glibc2.28,13.3,True,held_out,1783.1229248046875,428.7236328125,16.30413055419922,0.3434041738510132,61,600064000,426.8818359375,16.515110397338866,0.34071622490882875,1.3516969442367555,0.008577861823141521,0.00064214052399616,0.00047127556172192,1781.8764892578124,final_eval,1946.6443223088847,474.6032689450223,4.101624345394853,0.010957771877974259,0.9479940564635958,0.0,0.031203566121842496,0.020802377414561663,0.0,1.4051349616981168,0.009472651786440526,16.291785574051403,0.3437487375969153,1882.7442986753565,468.15384615384613,4.021635866378514,0.020222958113198016,0.9053254437869822,0.0,0.07100591715976332,0.02958579881656805,0.0,1.4480267458201792,0.009913671139299118,16.05410894498868,0.3473702277390581,7313.586814641952,1815.28125,4.0289001027482385,0.04131591179052833,0.25,0.0,0.40625,0.34375,0.0,1.451010833629793,0.01249781215795427,28.88673001024152,0.3642666230256847,0.03282573138874045
pos_efference,yzofpm31,RodentEncDec_delay20_eff20-job43322590,emiwar-team/nnx-ppo-rodent-delays,f4992e21,2026-08-31T21:33:42Z,NVIDIA A100-SXM4-40GB,new,position,rodent_no_tail_collisions.xml,reference_root,20,20,0.001,True,True,intention+proprioception+efference,True,42,600064000.0,10.0,20,4096,Linux-4.18.0-553.155.1.el8_10.x86_64-x86_64-with-glibc2.28,13.3,True,held_out,1743.1871337890625,422.337890625,16.22195053100586,0.3460877239704132,61,600064000,416.495703125,16.14985771179199,0.34858776330947877,1.3750343084335328,0.00949061252176756,0.00087050118017936,0.00057821509544732,1721.18740234375,final_eval,1890.399746678028,467.1292719167905,4.046844974884733,0.01844912811965212,0.9138187221396732,0.0,0.04457652303120357,0.04457652303120357,0.0,1.4237199448059883,0.010382242879813377,16.14662821329182,0.34915154732129117,1786.1315426798262,452.1360946745562,3.9504290051548945,0.03795265079635131,0.8284023668639053,0.0,0.10650887573964496,0.0650887573964497,0.0,1.4645935364946334,0.011988066787956254,16.103180195793172,0.353505786765509,7319.834362506867,1772.21875,4.13032215267267,0.03526652677611045,0.375,0.0625,0.34375,0.21875,0.0,1.3509333601902926,0.009167539259320102,19.748850209070437,0.34913725190927636,0.05515669592181793
pos_efference,z764he2u,RodentEncDec_delay50_eff50-job43322605,emiwar-team/nnx-ppo-rodent-delays,f4992e21,2026-08-31T21:33:42Z,NVIDIA A100-SXM4-40GB,new,position,rodent_no_tail_collisions.xml,reference_root,50,50,0.001,True,True,intention+proprioception+efference,True,42,600064000.0,12.0,20,4096,Linux-4.18.0-553.155.1.el8_10.x86_64-x86_64-with-glibc2.28,13.3,True,held_out,1696.313232421875,413.9345703125,14.932466506958008,0.36629894375801086,61,600064000,408.4943359375,14.955863189697265,0.3671885907649993,1.4083463907241822,0.01042953655123704,0.00106566291069606,0.00073511752998452,1669.6148193359375,final_eval,1851.866458172961,461.05052005943537,4.0166237269057445,0.026427146480516427,0.8781575037147102,0.0,0.08469539375928678,0.03863298662704309,0.0,1.4561813028098065,0.0104541179426235,14.930008850173708,0.36847324038501006,1707.1950560801129,426.6508875739645,4.001386392953776,0.056862309996671474,0.757396449704142,0.0,0.15384615384615383,0.09467455621301776,0.0,1.4653157284605134,0.012108938240340887,15.00298612864937,0.3709430725603663,5177.699782848358,1362.84375,3.799188118849544,0.059617986287863155,0.1875,0.0,0.40625,0.40625,0.0,1.544249663416777,0.013254228575995864,18.238252332358172,0.37511861171247074,0.07812194095009428
pos_efference,vrbevz29,RodentEncDec_delay100_eff100-job43322628,emiwar-team/nnx-ppo-rodent-delays,f4992e21,2026-08-31T21:33:42Z,NVIDIA A100-SXM4-40GB,new,position,rodent_no_tail_collisions.xml,reference_root,100,100,0.001,True,True,intention+proprioception+efference,True,42,600064000.0,8.0,20,4096,Linux-4.18.0-553.155.1.el8_10.x86_64-x86_64-with-glibc2.28,13.3,True,held_out,1669.7525634765625,410.2333984375,13.540809631347656,0.37084731459617615,61,600064000,412.0630859375,13.373679733276367,0.37226285934448244,1.4400845527648927,0.0104490183293819,0.0009418016299604801,0.0006410898582543801,1671.8232421875,final_eval,1830.376782036111,456.1218424962853,4.012911927257721,0.03355376746913379,0.8469539375928677,0.0,0.09063893016344723,0.06240713224368499,0.0,1.4692457627126203,0.010690732262772316,13.567990677024593,0.3706672499179268,1660.7190891243297,427.9940828402367,3.8802384325118098,0.05806638923836251,0.7514792899408285,0.0,0.15976331360946747,0.09467455621301776,0.0,1.5291751972259642,0.013020421399820374,13.604025297517463,0.37766151084506056,5145.67889213562,1285.625,4.002472643372383,0.06806028196402528,0.125,0.0,0.53125,0.375,0.0,1.4591718616143867,0.011112886839141314,15.67626597320017,0.368424259810063,0.09269003768888184
pos_efference,n5hhjw6a,RodentEncDec_delay300_eff300-job43322668,emiwar-team/nnx-ppo-rodent-delays,f4992e21,2026-08-31T21:33:42Z,NVIDIA A100-SXM4-40GB,new,position,rodent_no_tail_collisions.xml,reference_root,300,300,0.001,True,True,intention+proprioception+efference,True,42,600064000.0,12.0,20,4096,Linux-4.18.0-553.155.1.el8_10.x86_64-x86_64-with-glibc2.28,13.3,True,held_out,1605.95068359375,410.0,11.20883846282959,0.4147908091545105,61,600064000,408.6107421875,10.960922241210938,0.4148674368858337,1.5385990619659424,0.0118590764701366,0.0009903868893161,0.00059497201582412,1601.487060546875,final_eval,1723.344803275892,446.4368499257058,3.860220776046341,0.044932301998322516,0.799405646359584,0.0,0.1173848439821694,0.0861812778603269,0.0,1.5424130916427077,0.012834767929848266,11.277512014761134,0.41734311660690304,1649.762930695122,434.0177514792899,3.801141600941739,0.0627138747631188,0.7278106508875739,0.0,0.15976331360946747,0.1124260355029586,0.0,1.5937048799107971,0.013709720858342746,11.409711300836763,0.418482895956211,3554.506801366806,1021.21875,3.4806517226273077,0.08874200556932586,0.09375,0.0,0.3125,0.59375,0.0,1.684493709630876,0.017195982747988347,15.638849988370067,0.42935591652910554,0.042697127377469
pos_kl_sweep,0g7xvoz3,RodentEncDec_delay0_eff0-job43609191,emiwar-team/nnx-ppo-rodent-delays,b7c4b32f,2026-09-01T16:14:23Z,NVIDIA H100 80GB HBM3,new,position,rodent_no_tail_collisions.xml,reference_root,0,0,1.0,True,True,intention+proprioception,True,42,600064000.0,4.0,20,4096,Linux-4.18.0-553.155.1.el8_10.x86_64-x86_64-with-glibc2.28,13.3,True,held_out,892.367919921875,277.7001953125,0.004955281037837267,0.37148788571357727,61,600064000,277.3640625,0.00520748430863016,0.37799190282821654,1.5999919652938843,0.03141649886965746,0.0046253968961536395,0.003962573781609481,888.532470703125,final_eval,1008.008763873028,316.41753343239225,3.1856918702907637,0.1892471906418908,0.4011887072808321,0.0,0.4769687964338782,0.12184249628528974,0.0,1.6220750478603494,0.030350035718908073,0.004727232964406605,0.36576441952979505,979.0772433760604,308.1242603550296,3.1775402632948784,0.20548076738424903,0.3668639053254438,0.0,0.485207100591716,0.14792899408284024,0.0,1.66820407939744,0.03155341394634327,0.004967421855124206,0.3678305218030615,1365.5662217140198,489.65625,2.7888262872454295,0.2042249026740698,0.0,0.0,0.8125,0.1875,0.0,1.7619471540345837,0.0380411542436095,0.0036481808723764753,0.3878976253274876,0.0287016557135924
pos_kl_sweep,chic4hzh,RodentEncDec_delay0_eff0-job43609099,emiwar-team/nnx-ppo-rodent-delays,b7c4b32f,2026-09-01T16:21:35Z,NVIDIA A100-SXM4-40GB,new,position,rodent_no_tail_collisions.xml,reference_root,0,0,0.1,True,True,intention+proprioception,True,42,600064000.0,19.0,20,4096,Linux-4.18.0-553.155.1.el8_10.x86_64-x86_64-with-glibc2.28,13.3,True,held_out,1734.181640625,438.8408203125,0.2839916944503784,0.3137373924255371,61,600064000,439.1341796875,0.28161667585372924,0.31261852383613586,1.5176422595977783,0.01123759597539898,0.00020799249177794,0.0001765560562489,1738.983642578125,final_eval,1890.8712446260947,481.79346210995544,3.92465110743773,0.005551323528051149,0.9732540861812778,0.0,0.01337295690936107,0.01337295690936107,0.0,1.5342343473326747,0.01195081062548844,0.26199827547288174,0.312271914849374,1868.05651629747,480.792899408284,3.8853662743283093,0.006153543210180408,0.970414201183432,0.0,0.023668639053254437,0.005917159763313609,0.0,1.5744713393768757,0.012013389991909004,0.2778433203498877,0.31321012222301814,6164.530206680298,1801.9375,3.421056616381144,0.04335610974298498,0.21875,0.0,0.6875,0.09375,0.0,1.8635989422099055,0.02297621681791535,0.3100523178678739,0.3114549488737774,0.012065722821405722
pos_kl_sweep,eeoadzkw,RodentEncDec_delay0_eff0-job43609299,emiwar-team/nnx-ppo-rodent-delays,b7c4b32f,2026-09-01T16:21:35Z,NVIDIA A100-SXM4-40GB,new,position,rodent_no_tail_collisions.xml,reference_root,0,0,0.5,True,True,intention+proprioception,True,42,600064000.0,0.0,20,4096,Linux-4.18.0-553.155.1.el8_10.x86_64-x86_64-with-glibc2.28,13.3,True,held_out,1086.42138671875,327.66796875,0.03166583180427551,0.3997075855731964,61,600064000,331.607421875,0.03304572701454158,0.3984475612640381,1.6192030906677246,0.02758012749254698,0.00300887813791626,0.0027188018895685398,1089.821337890625,final_eval,1196.7430877402137,361.1307578008915,3.3138774858940008,0.13125357449977576,0.5260029717682021,0.0,0.4264487369985141,0.04903417533432392,0.0,1.643170153143212,0.027359952174449233,0.02764757646451855,0.3951688578849123,1142.2418998853695,348.79881656804736,3.274787200037787,0.16116172154647396,0.4378698224852071,0.0,0.4556213017751479,0.10650887573964496,0.0,1.6785824379335,0.027291172412862545,0.02912039017111808,0.3972403776881257,1676.975483417511,585.03125,2.8664716344939025,0.17093104000854653,0.0,0.0,0.8125,0.1875,0.0,1.7557247965303124,0.03424392607587713,0.2222945968401337,0.4048632137391977,0.04554125978513701
pos_kl_sweep,xy34ff05,RodentEncDec_delay0_eff0-job43609267,emiwar-team/nnx-ppo-rodent-delays,b7c4b32f,2026-09-01T16:21:35Z,NVIDIA A100-SXM4-40GB,new,position,rodent_no_tail_collisions.xml,reference_root,0,0,0.05,True,True,intention+proprioception,True,42,600064000.0,6.0,20,4096,Linux-4.18.0-553.155.1.el8_10.x86_64-x86_64-with-glibc2.28,13.3,True,held_out,1803.151611328125,442.80859375,0.5399460792541504,0.2855948507785797,61,600064000,441.844140625,0.5377137303352356,0.2877125322818756,1.4715692758560182,0.009075020812451779,0.0001375728679704215,0.00010149100125999376,1797.93095703125,final_eval,1954.106450204155,482.3387815750371,4.051315226661193,0.004004756418392315,0.9806835066864784,0.0,0.008915304606240713,0.010401188707280832,0.0,1.4896217970109975,0.00956048653967927,0.5090679963923722,0.28639540143649994,1937.3589394473463,485.2899408284024,3.9921679318970114,0.00487721608505865,0.9763313609467456,0.0,0.01183431952662722,0.01183431952662722,0.0,1.53317044827019,0.00976286698530917,0.5232057727744024,0.28551914615920726,8088.240516424179,2189.25,3.6945257583301037,0.022838871759735067,0.5,0.0,0.3125,0.25,0.0,1.791484031039272,0.0153543106470936,0.6898416629898468,0.28648396980755514,0.008570418850548767
pos_no_efference,n4amxgv0,RodentEncDec_delay10_eff0-job43323388,emiwar-team/nnx-ppo-rodent-delays,f4992e21,2026-08-31T21:35:25Z,NVIDIA A40,new,position,rodent_no_tail_collisions.xml,reference_root,10,0,0.001,True,True,intention+proprioception,True,42,600064000.0,0.0,20,4096,Linux-4.18.0-553.155.1.el8_10.x86_64-x86_64-with-glibc2.28,13.3,True,held_out,1650.093994140625,420.3681640625,11.29511833190918,0.4104126989841461,61,600064000,416.980078125,11.31799774169922,0.4119854509830475,1.5057240724563599,0.01278104111552234,0.0008153465692884801,0.00068236188963052,1635.45263671875,final_eval,1792.9509409752857,457.41604754829126,3.9197377323890166,0.029885557804191113,0.8632986627043091,0.0,0.1025260029717682,0.03566121842496285,0.0,1.526470807201608,0.01290610497438186,11.589445098705976,0.4114984628910708,1754.3506896340634,453.9112426035503,3.8649641713464393,0.0365006322430942,0.834319526627219,0.0,0.14201183431952663,0.03550295857988166,0.0,1.5612984744036709,0.013433905110442635,11.394685815916622,0.4138723003305858,7872.568295478821,2087.65625,3.7710079403536003,0.026944091011151857,0.4375,0.0,0.3125,0.25,0.0,1.5979723324462851,0.0133735933422058,18.9853890132942,0.4240686223520482,0.021528894326704462
pos_nointent,9hyirkcx,RodentEncDec_delay10_eff10_nointent-job43323571,emiwar-team/nnx-ppo-rodent-delays,f4992e21,2026-08-31T21:35:25Z,NVIDIA A100-SXM4-40GB,new,position,rodent_no_tail_collisions.xml,reference_root,10,10,0.001,False,True,proprioception+efference,True,42,600064000.0,0.0,20,4096,Linux-4.18.0-553.155.1.el8_10.x86_64-x86_64-with-glibc2.28,13.3,True,held_out,830.9650268554688,266.857421875,,0.3645358979701996,61,600064000,263.9734375,,0.37155858278274534,1.629869246482849,0.0349465981125831,0.00542450034990904,0.00474914079532022,823.6403442382813,final_eval,868.7528341301837,288.3046062407132,3.013315830982037,0.22780099881976407,0.34323922734026746,0.0,0.5408618127786032,0.1173848439821694,0.0,1.6526190076900298,0.037194464449658154,,0.36147234183375054,869.6254626731195,289.3313609467456,3.005638447997979,0.22496267664682904,0.34911242603550297,0.0,0.5325443786982249,0.11834319526627218,0.0,1.6975203964888084,0.03592451126394187,,0.3627450014120403,1303.514047622681,488.6875,2.667377511441731,0.20462974804962272,0.0,0.0,0.8125,0.1875,0.0,1.7145185342379012,0.04116613906800547,,0.36433905153048696,-0.0010044612329920266
pos_noproprio,dkglvuw8,RodentEncDec_delay0_eff0_noproprio-job43605398,emiwar-team/nnx-ppo-rodent-delays,b7c4b32f,2026-09-01T16:21:35Z,NVIDIA A100-SXM4-40GB,new,position,rodent_no_tail_collisions.xml,reference_root,0,0,0.001,True,False,intention,False,42,600064000.0,2.0,20,4096,Linux-4.18.0-553.155.1.el8_10.x86_64-x86_64-with-glibc2.28,13.3,True,held_out,1241.200927734375,352.6484375,16.98096466064453,0.4834662973880768,61,600064000,350.5154296875,16.941172409057618,0.49425209164619444,1.72649347782135,0.021610052511095962,0.0025347258895635195,0.0021343182306736,1225.0310791015625,final_eval,1345.518311578487,386.2154531946508,3.4838541556242495,0.10387691739476691,0.5988112927191679,0.0,0.3343239227340267,0.06983655274888559,0.0,1.7286912513418125,0.021559108708482745,17.207932145465765,0.4834799316665709,1324.6055520864634,385.4970414201184,3.4360978419102715,0.10898095135765702,0.5798816568047338,0.0,0.3668639053254438,0.05325443786982249,0.0,1.7570079977563495,0.022993150698665747,17.09359814644496,0.48755667790423984,3959.546992301941,1243.6875,3.1837153563913287,0.07789336147545102,0.03125,0.0,0.78125,0.1875,0.0,1.8425747965540955,0.02248839196917999,18.716038360392503,0.4804785967223862,0.015542530571352908
pos_noproprio,wbyipflf,RodentEncDec_delay0_eff0_noproprio-job43605123,emiwar-team/nnx-ppo-rodent-delays,b7c4b32f,2026-09-01T16:21:35Z,NVIDIA RTX PRO 6000 Blackwell Server Edition,new,position,rodent_no_tail_collisions.xml,reference_root,0,0,0.001,True,False,intention,False,42,600064000.0,7.0,20,4096,Linux-4.18.0-553.155.1.el8_10.x86_64-x86_64-with-glibc2.28,13.3,True,held_out,1252.067138671875,356.693359375,16.933372497558594,0.48507681488990784,61,600064000,354.9875,16.75872344970703,0.48798884749412536,1.7295694589614867,0.0204435989260673,0.00233429935760792,0.00195016346406186,1247.2397216796876,final_eval,1338.553395916059,386.9361069836553,3.459365439815626,0.10521950170501673,0.5928677563150074,0.0014858841010401188,0.3313521545319465,0.07429420505200594,0.0,1.7388652743020268,0.021212320971516797,17.24936596203207,0.4841049347346695,1297.1133100972372,386.9585798816568,3.35207274766703,0.11162762248455561,0.5680473372781065,0.0,0.3609467455621302,0.08284023668639054,0.0,1.770756939509848,0.0226368317632311,16.99808259862494,0.4888466777913512,3584.773764133454,1118.21875,3.2057893539465816,0.08383869435206663,0.0625,0.0625,0.625,0.28125,0.0,1.882921197400086,0.021266939960320794,20.98563521566993,0.4826532134158484,0.03095885897809969
pos_noproprio,23267t68,RodentEncDec_delay5_eff0_noproprio-job43642407,emiwar-team/nnx-ppo-rodent-delays,b7c4b32f,2026-09-01T19:17:08Z,NVIDIA H100 80GB HBM3,new,position,rodent_no_tail_collisions.xml,reference_root,5,0,0.001,True,False,intention,False,42,600064000.0,2.0,20,4096,Linux-4.18.0-553.155.1.el8_10.x86_64-x86_64-with-glibc2.28,13.3,True,held_out,1248.9365234375,355.7353515625,16.88165283203125,0.4853706359863281,61,600064000,351.489453125,16.807374954223633,0.48272661566734315,1.7125254631042481,0.02064588703215118,0.00255021452903744,0.00211144490167494,1236.1846923828125,final_eval,1321.2302891248048,381.3655274888559,3.4644722553309784,0.10597719152650015,0.5958395245170877,0.0,0.33580980683506684,0.0713224368499257,0.0,1.7279968486196833,0.021871746894372563,17.061649523432994,0.48440134449959155,1284.4447629127276,373.0828402366864,3.4427870284729973,0.12529539579070909,0.5325443786982249,0.005917159763313609,0.38461538461538464,0.08875739644970414,0.0,1.7451409190269855,0.02203158735431168,16.93804114987071,0.4844254929773843,3283.567537546158,977.75,3.3582894784414807,0.09588340577857325,0.0625,0.03125,0.65625,0.25,0.0,1.7980565834765718,0.023029417004143703,21.61156972379601,0.49104778170049296,0.027841873225934233
pos_noproprio,mbjli503,RodentEncDec_delay5_eff5_noproprio-job43642337,emiwar-team/nnx-ppo-rodent-delays,b7c4b32f,2026-09-01T19:17:08Z,NVIDIA A100-SXM4-80GB,new,position,rodent_no_tail_collisions.xml,reference_root,5,5,0.001,True,False,intention+efference,False,42,600064000.0,3.0,20,4096,Linux-4.18.0-553.155.1.el8_10.x86_64-x86_64-with-glibc2.28,13.3,True,held_out,1761.76904296875,427.77734375,22.34815216064453,0.35900941491127014,61,600064000,423.0751953125,22.236421203613283,0.3588286280632019,1.361366868019104,0.00967478808015578,0.0006964481202885199,0.0004977295931894001,1739.480322265625,final_eval,1936.952115743334,476.6597325408618,4.0635950207463525,0.011533953465173701,0.9450222882615156,0.0,0.04309063893016345,0.01188707280832095,0.0,1.3853383773340575,0.010849262909349356,22.37154217387223,0.3598194063598848,1870.496162008252,467.3491124260355,4.002353085252268,0.018991668987870657,0.9112426035502958,0.0,0.047337278106508875,0.04142011834319527,0.0,1.4228683912895923,0.011569944845439798,22.235159100491387,0.36124464016314145,6241.327538013458,1524.03125,4.0952753022705135,0.05331255510672763,0.1875,0.09375,0.375,0.375,0.0,1.335061819047329,0.010695732339377245,25.03129191277781,0.3610942974319704,0.034309549108073045
pos_noproprio,3gw1ndwj,RodentEncDec_delay10_eff10_noproprio-job43323713,emiwar-team/nnx-ppo-rodent-delays,f4992e21,2026-08-31T21:35:50Z,NVIDIA A40,new,position,rodent_no_tail_collisions.xml,reference_root,10,10,0.001,True,False,intention+efference,False,42,600064000.0,24.0,20,4096,Linux-4.18.0-553.155.1.el8_10.x86_64-x86_64-with-glibc2.28,13.3,True,held_out,1687.173583984375,412.5107421875,20.511547088623047,0.3522789180278778,61,600064000,415.8580078125,20.628564834594727,0.3479612410068512,1.3651059150695801,0.010018020682036841,0.0009036504779942001,0.00057608729694036,1710.065185546875,final_eval,1877.46113101228,464.29866270430904,4.043649663078937,0.021441852576062567,0.9004457652303121,0.0,0.06092124814264487,0.03863298662704309,0.0,1.407655076153086,0.010708495569533991,20.509333086219428,0.35194262882403643,1744.0651989998903,447.1893491124261,3.90005979002291,0.041018855441614294,0.8165680473372781,0.0,0.10059171597633136,0.08284023668639054,0.0,1.4589462515291949,0.01255655465866295,20.47522750483527,0.3567715477167653,5643.393579006195,1427.4375,3.953513606729678,0.05910941810061736,0.15625,0.0,0.40625,0.5,0.0,1.4048753969029666,0.012598198742146068,24.583784963132963,0.3586453936191742,0.07105123499439159
prev_pos_efference,zjuovm3u,RodentEncDec_delay0_eff0-20260706-105452,emiwar-team/nnx-ppo-rodent-delays,891cd0d3,2026-07-06T14:55:03Z,NVIDIA A100-SXM4-80GB,previous,position,rodent.xml,current_root,0,0,0.001,,,intention+proprioception,True,42,600064000.0,,20,4096,Linux-4.18.0-553.44.1.el8_10.x86_64-x86_64-with-glibc2.28,12.9,,train,1958.0142822265625,444.796875,,,61,600064000,444.5314453125,,,,,,,1956.066162109375,none,,,,,,,,,,,,,,,,,,,,,,,,,,,,,,,,,,,,,,,,
prev_pos_efference,trd8wxes,RodentEncDec_delay2_eff2-20260706-105513,emiwar-team/nnx-ppo-rodent-delays,891cd0d3,2026-07-06T14:55:14Z,NVIDIA A100-SXM4-80GB,previous,position,rodent.xml,current_root,2,2,0.001,,,intention+proprioception+efference,True,42,600064000.0,,20,4096,Linux-4.18.0-553.44.1.el8_10.x86_64-x86_64-with-glibc2.28,12.9,,train,1928.8905029296875,441.7138671875,,,61,600064000,442.410546875,,,,,,,1930.136767578125,none,,,,,,,,,,,,,,,,,,,,,,,,,,,,,,,,,,,,,,,,
prev_pos_efference,vqs4c6f6,RodentEncDec_delay3_eff3-20260707-090642,emiwar-team/nnx-ppo-rodent-delays,b18513ae,2026-07-07T13:06:53Z,NVIDIA H200,previous,position,rodent.xml,current_root,3,3,0.001,,,intention+proprioception+efference,True,42,600064000.0,,20,4096,Linux-4.18.0-553.44.1.el8_10.x86_64-x86_64-with-glibc2.28,12.9,,train,1918.1328125,442.126953125,,,61,600064000,442.9064453125,,,,,,,1923.25927734375,none,,,,,,,,,,,,,,,,,,,,,,,,,,,,,,,,,,,,,,,,
prev_pos_efference,wl9tuybw,RodentEncDec_delay4_eff4-20260707-090714,emiwar-team/nnx-ppo-rodent-delays,b18513ae,2026-07-07T13:07:15Z,NVIDIA H200,previous,position,rodent.xml,current_root,4,4,0.001,,,intention+proprioception+efference,True,42,600064000.0,,20,4096,Linux-4.18.0-553.44.1.el8_10.x86_64-x86_64-with-glibc2.28,12.9,,train,1920.2366943359375,443.4521484375,,,61,600064000,442.5494140625,,,,,,,1916.308349609375,none,,,,,,,,,,,,,,,,,,,,,,,,,,,,,,,,,,,,,,,,
prev_pos_efference,2ecbceb0,RodentEncDec_delay5_eff5-20260706-105738,emiwar-team/nnx-ppo-rodent-delays,891cd0d3,2026-07-06T14:57:39Z,NVIDIA A100-SXM4-80GB,previous,position,rodent.xml,current_root,5,5,0.001,,,intention+proprioception+efference,True,42,600064000.0,,20,4096,Linux-4.18.0-553.44.1.el8_10.x86_64-x86_64-with-glibc2.28,12.9,,train,1912.617919921875,442.1259765625,,,61,600064000,441.8505859375,,,,,,,1910.0526123046875,none,,,,,,,,,,,,,,,,,,,,,,,,,,,,,,,,,,,,,,,,
prev_pos_efference,95c5q3ct,RodentEncDec_delay6_eff6-20260707-090727,emiwar-team/nnx-ppo-rodent-delays,b18513ae,2026-07-07T13:07:29Z,NVIDIA H200,previous,position,rodent.xml,current_root,6,6,0.001,,,intention+proprioception+efference,True,42,600064000.0,,20,4096,Linux-4.18.0-553.44.1.el8_10.x86_64-x86_64-with-glibc2.28,12.9,,train,1902.833251953125,440.501953125,,,61,600064000,440.7283203125,,,,,,,1902.2062255859375,none,,,,,,,,,,,,,,,,,,,,,,,,,,,,,,,,,,,,,,,,
prev_pos_efference,5nkfsp9k,RodentEncDec_delay7_eff7-20260707-090730,emiwar-team/nnx-ppo-rodent-delays,b18513ae,2026-07-07T13:07:31Z,NVIDIA H200,previous,position,rodent.xml,current_root,7,7,0.001,,,intention+proprioception+efference,True,42,600064000.0,,20,4096,Linux-4.18.0-553.44.1.el8_10.x86_64-x86_64-with-glibc2.28,12.9,,train,1867.554931640625,433.9150390625,,,61,600064000,437.0,,,,,,,1881.67412109375,none,,,,,,,,,,,,,,,,,,,,,,,,,,,,,,,,,,,,,,,,
prev_pos_efference,ixcxllws,RodentEncDec_delay8_eff8-20260707-090735,emiwar-team/nnx-ppo-rodent-delays,b18513ae,2026-07-07T13:07:36Z,NVIDIA H200,previous,position,rodent.xml,current_root,8,8,0.001,,,intention+proprioception+efference,True,42,600064000.0,,20,4096,Linux-4.18.0-553.44.1.el8_10.x86_64-x86_64-with-glibc2.28,12.9,,train,1879.00927734375,437.404296875,,,61,600064000,438.4119140625,,,,,,,1881.6302001953125,none,,,,,,,,,,,,,,,,,,,,,,,,,,,,,,,,,,,,,,,,
prev_pos_efference,lrolo3mu,RodentEncDec_delay9_eff9-20260707-090744,emiwar-team/nnx-ppo-rodent-delays,b18513ae,2026-07-07T13:07:45Z,NVIDIA H200,previous,position,rodent.xml,current_root,9,9,0.001,,,intention+proprioception+efference,True,42,600064000.0,,20,4096,Linux-4.18.0-553.44.1.el8_10.x86_64-x86_64-with-glibc2.28,12.9,,train,1881.6932373046875,438.9921875,,,61,600064000,435.3646484375,,,,,,,1865.03330078125,none,,,,,,,,,,,,,,,,,,,,,,,,,,,,,,,,,,,,,,,,
prev_pos_efference,xzhowley,RodentEncDec_delay10_eff10-20260706-105738,emiwar-team/nnx-ppo-rodent-delays,891cd0d3,2026-07-06T14:57:39Z,NVIDIA A100-SXM4-80GB,previous,position,rodent.xml,current_root,10,10,0.001,,,intention+proprioception+efference,True,42,600064000.0,,20,4096,Linux-4.18.0-553.44.1.el8_10.x86_64-x86_64-with-glibc2.28,12.9,,train,1875.4892578125,437.4921875,,,61,600064000,437.6388671875,,,,,,,1873.659228515625,none,,,,,,,,,,,,,,,,,,,,,,,,,,,,,,,,,,,,,,,,
prev_pos_efference,nek7c77v,RodentEncDec_delay12_eff12-20260707-090750,emiwar-team/nnx-ppo-rodent-delays,b18513ae,2026-07-07T13:07:51Z,NVIDIA H200,previous,position,rodent.xml,current_root,12,12,0.001,,,intention+proprioception+efference,True,42,600064000.0,,20,4096,Linux-4.18.0-553.44.1.el8_10.x86_64-x86_64-with-glibc2.28,12.9,,train,1845.1842041015625,432.2138671875,,,61,600064000,429.6947265625,,,,,,,1833.7485595703124,none,,,,,,,,,,,,,,,,,,,,,,,,,,,,,,,,,,,,,,,,
prev_pos_efference,8di7zd23,RodentEncDec_delay15_eff15-20260707-090757,emiwar-team/nnx-ppo-rodent-delays,b18513ae,2026-07-07T13:07:59Z,NVIDIA H200,previous,position,rodent.xml,current_root,15,15,0.001,,,intention+proprioception+efference,True,42,600064000.0,,20,4096,Linux-4.18.0-553.44.1.el8_10.x86_64-x86_64-with-glibc2.28,12.9,,train,1838.1839599609375,430.701171875,,,61,600064000,431.606640625,,,,,,,1840.029736328125,none,,,,,,,,,,,,,,,,,,,,,,,,,,,,,,,,,,,,,,,,
prev_pos_efference,8ykr1nha,RodentEncDec_delay20_eff20-20260706-105901,emiwar-team/nnx-ppo-rodent-delays,891cd0d3,2026-07-06T14:59:02Z,NVIDIA A100-SXM4-80GB,previous,position,rodent.xml,current_root,20,20,0.001,,,intention+proprioception+efference,True,42,600064000.0,,20,4096,Linux-4.18.0-553.44.1.el8_10.x86_64-x86_64-with-glibc2.28,12.9,,train,1830.5322265625,430.0771484375,,,61,600064000,427.203515625,,,,,,,1816.1969482421875,none,,,,,,,,,,,,,,,,,,,,,,,,,,,,,,,,,,,,,,,,
prev_pos_efference,ec0i0481,RodentEncDec_delay25_eff25-20260707-092552,emiwar-team/nnx-ppo-rodent-delays,b18513ae,2026-07-07T13:25:57Z,NVIDIA A100-SXM4-80GB,previous,position,rodent.xml,current_root,25,25,0.001,,,intention+proprioception+efference,True,42,600064000.0,,20,4096,Linux-4.18.0-553.44.1.el8_10.x86_64-x86_64-with-glibc2.28,12.9,,train,1821.9376220703125,428.001953125,,,61,600064000,427.1658203125,,,,,,,1816.2147705078125,none,,,,,,,,,,,,,,,,,,,,,,,,,,,,,,,,,,,,,,,,
prev_pos_efference,nsnfdku1,RodentEncDec_delay30_eff30-20260707-090909,emiwar-team/nnx-ppo-rodent-delays,b18513ae,2026-07-07T13:09:10Z,NVIDIA H200,previous,position,rodent.xml,current_root,30,30,0.001,,,intention+proprioception+efference,True,42,600064000.0,,20,4096,Linux-4.18.0-553.44.1.el8_10.x86_64-x86_64-with-glibc2.28,12.9,,train,1777.7584228515625,419.703125,,,61,600064000,421.262890625,,,,,,,1782.51962890625,none,,,,,,,,,,,,,,,,,,,,,,,,,,,,,,,,,,,,,,,,
prev_pos_efference,wx2sx7a9,RodentEncDec_delay40_eff40-20260707-092552,emiwar-team/nnx-ppo-rodent-delays,b18513ae,2026-07-07T13:25:57Z,NVIDIA A100-SXM4-80GB,previous,position,rodent.xml,current_root,40,40,0.001,,,intention+proprioception+efference,True,42,600064000.0,,20,4096,Linux-4.18.0-553.44.1.el8_10.x86_64-x86_64-with-glibc2.28,12.9,,train,1776.5562744140625,419.111328125,,,61,600064000,417.905859375,,,,,,,1767.0246337890626,none,,,,,,,,,,,,,,,,,,,,,,,,,,,,,,,,,,,,,,,,
prev_pos_efference,shi2kpky,RodentEncDec_delay50_eff50-20260706-110520,emiwar-team/nnx-ppo-rodent-delays,891cd0d3,2026-07-06T15:05:21Z,NVIDIA A100-SXM4-80GB,previous,position,rodent.xml,current_root,50,50,0.001,,,intention+proprioception+efference,True,42,600064000.0,,20,4096,Linux-4.18.0-553.44.1.el8_10.x86_64-x86_64-with-glibc2.28,12.9,,train,1805.9808349609375,427.9853515625,,,61,600064000,426.659765625,,,,,,,1799.4864990234375,none,,,,,,,,,,,,,,,,,,,,,,,,,,,,,,,,,,,,,,,,
prev_pos_efference,vafxejxs,RodentEncDec_delay60_eff60-20260707-092613,emiwar-team/nnx-ppo-rodent-delays,b18513ae,2026-07-07T13:26:14Z,NVIDIA A100-SXM4-80GB,previous,position,rodent.xml,current_root,60,60,0.001,,,intention+proprioception+efference,True,42,600064000.0,,20,4096,Linux-4.18.0-553.44.1.el8_10.x86_64-x86_64-with-glibc2.28,12.9,,train,1772.958251953125,421.11328125,,,61,600064000,419.4326171875,,,,,,,1761.4981201171875,none,,,,,,,,,,,,,,,,,,,,,,,,,,,,,,,,,,,,,,,,
prev_pos_efference,p57vkvkk,RodentEncDec_delay70_eff70-20260706-171312,emiwar-team/nnx-ppo-rodent-delays,891cd0d3,2026-07-06T21:13:14Z,NVIDIA A100-SXM4-80GB,previous,position,rodent.xml,current_root,70,70,0.001,,,intention+proprioception+efference,True,42,600064000.0,,20,4096,Linux-4.18.0-553.44.1.el8_10.x86_64-x86_64-with-glibc2.28,12.9,,train,1799.6058349609375,427.390625,,,61,600064000,424.8484375,,,,,,,1786.4352294921875,none,,,,,,,,,,,,,,,,,,,,,,,,,,,,,,,,,,,,,,,,
prev_pos_efference,vhb10bbx,RodentEncDec_delay80_eff80-20260707-090938,emiwar-team/nnx-ppo-rodent-delays,b18513ae,2026-07-07T13:09:39Z,NVIDIA H200,previous,position,rodent.xml,current_root,80,80,0.001,,,intention+proprioception+efference,True,42,600064000.0,,20,4096,Linux-4.18.0-553.44.1.el8_10.x86_64-x86_64-with-glibc2.28,12.9,,train,1788.1083984375,426.427734375,,,61,600064000,422.055078125,,,,,,,1774.4257568359376,none,,,,,,,,,,,,,,,,,,,,,,,,,,,,,,,,,,,,,,,,
prev_pos_efference,uo9l3o1s,RodentEncDec_delay90_eff90-20260707-090935,emiwar-team/nnx-ppo-rodent-delays,b18513ae,2026-07-07T13:09:36Z,NVIDIA H200,previous,position,rodent.xml,current_root,90,90,0.001,,,intention+proprioception+efference,True,42,600064000.0,,20,4096,Linux-4.18.0-553.44.1.el8_10.x86_64-x86_64-with-glibc2.28,12.9,,train,1721.676513671875,410.43359375,,,61,600064000,419.051171875,,,,,,,1759.19658203125,none,,,,,,,,,,,,,,,,,,,,,,,,,,,,,,,,,,,,,,,,
prev_pos_efference,9lycwxlg,RodentEncDec_delay100_eff100-20260706-171321,emiwar-team/nnx-ppo-rodent-delays,891cd0d3,2026-07-06T21:13:22Z,NVIDIA A100-SXM4-80GB,previous,position,rodent.xml,current_root,100,100,0.001,,,intention+proprioception+efference,True,42,600064000.0,,20,4096,Linux-4.18.0-553.44.1.el8_10.x86_64-x86_64-with-glibc2.28,12.9,,train,1737.036865234375,416.423828125,,,61,600064000,416.7587890625,,,,,,,1736.6756103515625,none,,,,,,,,,,,,,,,,,,,,,,,,,,,,,,,,,,,,,,,,
prev_torque_efference,734woltb,RodentEncDec_delay0_eff0-20260612-065718,emiwar-team/nnx-ppo-rodent-delays,1cd5838f,2026-06-12T10:57:30Z,NVIDIA A100-SXM4-80GB,previous,torque,rodent.xml,current_root,0,0,0.001,,,intention+proprioception,True,42,600064000.0,,20,4096,Linux-4.18.0-553.44.1.el8_10.x86_64-x86_64-with-glibc2.28,12.9,,train,2004.005615234375,446.1865234375,,,61,600064000,445.1775390625,,,,,,,1997.868603515625,none,,,,,,,,,,,,,,,,,,,,,,,,,,,,,,,,,,,,,,,,
prev_torque_efference,ukzi7fjb,RodentEncDec_delay0_eff0-20260611-103104,emiwar-team/nnx-ppo-rodent-delays,1cd5838f,2026-06-11T14:31:29Z,NVIDIA H200,previous,torque,rodent.xml,current_root,0,0,0.001,,,intention+proprioception,True,42,600064000.0,,20,4096,Linux-4.18.0-553.44.1.el8_10.x86_64-x86_64-with-glibc2.28,12.9,,train,2006.21875,446.3984375,,,61,600064000,445.80859375,,,,,,,2000.721240234375,none,,,,,,,,,,,,,,,,,,,,,,,,,,,,,,,,,,,,,,,,
prev_torque_efference,68b8d25g,RodentEncDec_delay1_eff1-20260611-103118,emiwar-team/nnx-ppo-rodent-delays,1cd5838f,2026-06-11T14:31:29Z,NVIDIA H200,previous,torque,rodent.xml,current_root,1,1,0.001,,,intention+proprioception+efference,True,42,600064000.0,,20,4096,Linux-4.18.0-553.44.1.el8_10.x86_64-x86_64-with-glibc2.28,12.9,,train,1984.201904296875,445.052734375,,,61,600064000,444.6916015625,,,,,,,1982.4547607421875,none,,,,,,,,,,,,,,,,,,,,,,,,,,,,,,,,,,,,,,,,
prev_torque_efference,n9982rin,RodentEncDec_delay2_eff2-20260611-103514,emiwar-team/nnx-ppo-rodent-delays,1cd5838f,2026-06-11T14:35:15Z,NVIDIA H200,previous,torque,rodent.xml,current_root,2,2,0.001,,,intention+proprioception+efference,True,42,600064000.0,,20,4096,Linux-4.18.0-553.44.1.el8_10.x86_64-x86_64-with-glibc2.28,12.9,,train,1968.72412109375,443.71875,,,61,600064000,442.7583984375,,,,,,,1963.1337646484376,none,,,,,,,,,,,,,,,,,,,,,,,,,,,,,,,,,,,,,,,,
prev_torque_efference,jir5btpe,RodentEncDec_delay3_eff3-20260611-120639,emiwar-team/nnx-ppo-rodent-delays,1cd5838f,2026-06-11T16:06:55Z,NVIDIA H200,previous,torque,rodent.xml,current_root,3,3,0.001,,,intention+proprioception+efference,True,42,600064000.0,,20,4096,Linux-4.18.0-553.44.1.el8_10.x86_64-x86_64-with-glibc2.28,12.9,,train,1961.134765625,443.0625,,,61,600064000,441.4306640625,,,,,,,1947.959814453125,none,,,,,,,,,,,,,,,,,,,,,,,,,,,,,,,,,,,,,,,,
prev_torque_efference,nvyg0bhj,RodentEncDec_delay4_eff4-20260611-120639,emiwar-team/nnx-ppo-rodent-delays,1cd5838f,2026-06-11T16:06:55Z,NVIDIA H200,previous,torque,rodent.xml,current_root,4,4,0.001,,,intention+proprioception+efference,True,42,600064000.0,,20,4096,Linux-4.18.0-553.44.1.el8_10.x86_64-x86_64-with-glibc2.28,12.9,,train,1941.1436767578125,443.1787109375,,,61,600064000,441.8478515625,,,,,,,1934.9765869140624,none,,,,,,,,,,,,,,,,,,,,,,,,,,,,,,,,,,,,,,,,
prev_torque_efference,8ygr9sf4,RodentEncDec_delay5_eff5-20260611-120639,emiwar-team/nnx-ppo-rodent-delays,1cd5838f,2026-06-11T16:06:55Z,NVIDIA H200,previous,torque,rodent.xml,current_root,5,5,0.001,,,intention+proprioception+efference,True,42,600064000.0,,20,4096,Linux-4.18.0-553.44.1.el8_10.x86_64-x86_64-with-glibc2.28,12.9,,train,1905.016357421875,436.7861328125,,,61,600064000,437.542578125,,,,,,,1906.7151611328125,none,,,,,,,,,,,,,,,,,,,,,,,,,,,,,,,,,,,,,,,,
prev_torque_efference,mgk9ejcb,RodentEncDec_delay6_eff6-20260611-120818,emiwar-team/nnx-ppo-rodent-delays,1cd5838f,2026-06-11T16:08:20Z,NVIDIA H200,previous,torque,rodent.xml,current_root,6,6,0.001,,,intention+proprioception+efference,True,42,600064000.0,,20,4096,Linux-4.18.0-553.44.1.el8_10.x86_64-x86_64-with-glibc2.28,12.9,,train,1896.0284423828125,437.6357421875,,,61,600064000,436.4466796875,,,,,,,1892.00126953125,none,,,,,,,,,,,,,,,,,,,,,,,,,,,,,,,,,,,,,,,,
prev_torque_efference,a6929dxz,RodentEncDec_delay7_eff7-20260611-120818,emiwar-team/nnx-ppo-rodent-delays,1cd5838f,2026-06-11T16:08:20Z,NVIDIA H200,previous,torque,rodent.xml,current_root,7,7,0.001,,,intention+proprioception+efference,True,42,600064000.0,,20,4096,Linux-4.18.0-553.44.1.el8_10.x86_64-x86_64-with-glibc2.28,12.9,,train,1897.8070068359375,439.384765625,,,61,600064000,439.3021484375,,,,,,,1892.07578125,none,,,,,,,,,,,,,,,,,,,,,,,,,,,,,,,,,,,,,,,,
prev_torque_efference,5d5tvuuv,RodentEncDec_delay8_eff8-20260611-120725,emiwar-team/nnx-ppo-rodent-delays,1cd5838f,2026-06-11T16:07:26Z,NVIDIA H200,previous,torque,rodent.xml,current_root,8,8,0.001,,,intention+proprioception+efference,True,42,600064000.0,,20,4096,Linux-4.18.0-553.44.1.el8_10.x86_64-x86_64-with-glibc2.28,12.9,,train,1865.0511474609375,435.0087890625,,,61,600064000,431.4755859375,,,,,,,1845.7637451171875,none,,,,,,,,,,,,,,,,,,,,,,,,,,,,,,,,,,,,,,,,
prev_torque_efference,u9j3se06,RodentEncDec_delay9_eff9-20260611-120839,emiwar-team/nnx-ppo-rodent-delays,1cd5838f,2026-06-11T16:08:40Z,NVIDIA H200,previous,torque,rodent.xml,current_root,9,9,0.001,,,intention+proprioception+efference,True,42,600064000.0,,20,4096,Linux-4.18.0-553.44.1.el8_10.x86_64-x86_64-with-glibc2.28,12.9,,train,1833.096435546875,430.830078125,,,61,600064000,427.65078125,,,,,,,1817.790869140625,none,,,,,,,,,,,,,,,,,,,,,,,,,,,,,,,,,,,,,,,,
prev_torque_efference,k0i287kl,RodentEncDec_delay10_eff10-20260611-120848,emiwar-team/nnx-ppo-rodent-delays,1cd5838f,2026-06-11T16:08:49Z,NVIDIA H200,previous,torque,rodent.xml,current_root,10,10,0.001,,,intention+proprioception+efference,True,42,600064000.0,,20,4096,Linux-4.18.0-553.44.1.el8_10.x86_64-x86_64-with-glibc2.28,12.9,,train,1789.60986328125,423.0419921875,,,61,600064000,426.793359375,,,,,,,1805.29814453125,none,,,,,,,,,,,,,,,,,,,,,,,,,,,,,,,,,,,,,,,,
prev_torque_efference,xj1agjno,RodentEncDec_delay15_eff15-20260611-120902,emiwar-team/nnx-ppo-rodent-delays,1cd5838f,2026-06-11T16:09:03Z,NVIDIA A100-SXM4-80GB,previous,torque,rodent.xml,current_root,15,15,0.001,,,intention+proprioception+efference,True,42,600064000.0,,20,4096,Linux-4.18.0-553.44.1.el8_10.x86_64-x86_64-with-glibc2.28,12.9,,train,1592.833984375,389.765625,,,61,600064000,389.2359375,,,,,,,1591.6015380859376,none,,,,,,,,,,,,,,,,,,,,,,,,,,,,,,,,,,,,,,,,
prev_torque_efference,gunf0ivv,RodentEncDec_delay20_eff20-20260611-120904,emiwar-team/nnx-ppo-rodent-delays,1cd5838f,2026-06-11T16:09:05Z,NVIDIA A100-SXM4-80GB,previous,torque,rodent.xml,current_root,20,20,0.001,,,intention+proprioception+efference,True,42,600064000.0,,20,4096,Linux-4.18.0-553.44.1.el8_10.x86_64-x86_64-with-glibc2.28,12.9,,train,1435.531005859375,363.3037109375,,,61,600064000,368.397265625,,,,,,,1456.4357666015626,none,,,,,,,,,,,,,,,,,,,,,,,,,,,,,,,,,,,,,,,,
prev_torque_efference,w2498exh,RodentEncDec_delay30_eff30-20260611-120904,emiwar-team/nnx-ppo-rodent-delays,1cd5838f,2026-06-11T16:09:05Z,NVIDIA A100-SXM4-80GB,previous,torque,rodent.xml,current_root,30,30,0.001,,,intention+proprioception+efference,True,42,600064000.0,,20,4096,Linux-4.18.0-553.44.1.el8_10.x86_64-x86_64-with-glibc2.28,12.9,,train,1327.683349609375,351.955078125,,,61,600064000,354.991796875,,,,,,,1341.184228515625,none,,,,,,,,,,,,,,,,,,,,,,,,,,,,,,,,,,,,,,,,
prev_torque_efference,rv3u3x7n,RodentEncDec_delay40_eff40-20260611-120905,emiwar-team/nnx-ppo-rodent-delays,1cd5838f,2026-06-11T16:09:06Z,NVIDIA A100-SXM4-80GB,previous,torque,rodent.xml,current_root,40,40,0.001,,,intention+proprioception+efference,True,42,600064000.0,,20,4096,Linux-4.18.0-553.44.1.el8_10.x86_64-x86_64-with-glibc2.28,12.9,,train,1232.233642578125,337.2822265625,,,61,600064000,329.767578125,,,,,,,1203.257080078125,none,,,,,,,,,,,,,,,,,,,,,,,,,,,,,,,,,,,,,,,,
prev_torque_efference,1w7nuehe,RodentEncDec_delay50_eff50-20260611-120955,emiwar-team/nnx-ppo-rodent-delays,1cd5838f,2026-06-11T16:09:57Z,NVIDIA A100-SXM4-80GB,previous,torque,rodent.xml,current_root,50,50,0.001,,,intention+proprioception+efference,True,42,600064000.0,,20,4096,Linux-4.18.0-553.44.1.el8_10.x86_64-x86_64-with-glibc2.28,12.9,,train,1045.143310546875,296.958984375,,,61,600064000,297.4830078125,,,,,,,1056.6136474609375,none,,,,,,,,,,,,,,,,,,,,,,,,,,,,,,,,,,,,,,,,
prev_torque_efference,y7dh46ee,RodentEncDec_delay60_eff60-20260611-120954,emiwar-team/nnx-ppo-rodent-delays,1cd5838f,2026-06-11T16:09:56Z,NVIDIA A100-SXM4-80GB,previous,torque,rodent.xml,current_root,60,60,0.001,,,intention+proprioception+efference,True,42,600064000.0,,20,4096,Linux-4.18.0-553.44.1.el8_10.x86_64-x86_64-with-glibc2.28,12.9,,train,992.5313110351562,284.494140625,,,61,600064000,279.1248046875,,,,,,,974.9427124023438,none,,,,,,,,,,,,,,,,,,,,,,,,,,,,,,,,,,,,,,,,
prev_torque_efference,oe9lq9ej,RodentEncDec_delay70_eff70-20260611-120906,emiwar-team/nnx-ppo-rodent-delays,1cd5838f,2026-06-11T16:09:07Z,NVIDIA A100-SXM4-80GB,previous,torque,rodent.xml,current_root,70,70,0.001,,,intention+proprioception+efference,True,42,600064000.0,,20,4096,Linux-4.18.0-553.44.1.el8_10.x86_64-x86_64-with-glibc2.28,12.9,,train,878.22802734375,256.2177734375,,,61,600064000,253.576953125,,,,,,,867.848681640625,none,,,,,,,,,,,,,,,,,,,,,,,,,,,,,,,,,,,,,,,,
prev_torque_efference,fgt63dqc,RodentEncDec_delay80_eff80-20260611-120906,emiwar-team/nnx-ppo-rodent-delays,1cd5838f,2026-06-11T16:09:07Z,NVIDIA A100-SXM4-80GB,previous,torque,rodent.xml,current_root,80,80,0.001,,,intention+proprioception+efference,True,42,600064000.0,,20,4096,Linux-4.18.0-553.44.1.el8_10.x86_64-x86_64-with-glibc2.28,12.9,,train,871.5228881835938,261.283203125,,,61,600064000,258.0962890625,,,,,,,863.6975708007812,none,,,,,,,,,,,,,,,,,,,,,,,,,,,,,,,,,,,,,,,,
prev_torque_efference,2l2lwxl0,RodentEncDec_delay90_eff90-20260611-120905,emiwar-team/nnx-ppo-rodent-delays,1cd5838f,2026-06-11T16:09:06Z,NVIDIA A100-SXM4-80GB,previous,torque,rodent.xml,current_root,90,90,0.001,,,intention+proprioception+efference,True,42,600064000.0,,20,4096,Linux-4.18.0-553.44.1.el8_10.x86_64-x86_64-with-glibc2.28,12.9,,train,789.737548828125,235.224609375,,,61,600064000,238.6466796875,,,,,,,799.5873413085938,none,,,,,,,,,,,,,,,,,,,,,,,,,,,,,,,,,,,,,,,,
prev_torque_efference,fmypxy1t,RodentEncDec_delay100_eff100-20260611-120955,emiwar-team/nnx-ppo-rodent-delays,1cd5838f,2026-06-11T16:09:57Z,NVIDIA A100-SXM4-80GB,previous,torque,rodent.xml,current_root,100,100,0.001,,,intention+proprioception+efference,True,42,600064000.0,,20,4096,Linux-4.18.0-553.44.1.el8_10.x86_64-x86_64-with-glibc2.28,12.9,,train,772.2216796875,229.779296875,,,61,600064000,232.202734375,,,,,,,779.1684814453125,none,,,,,,,,,,,,,,,,,,,,,,,,,,,,,,,,,,,,,,,,
torque_efference,594219y6,RodentEncDec_delay0_eff0-job43288960,emiwar-team/nnx-ppo-rodent-delays,f4992e21,2026-08-31T19:33:07Z,NVIDIA A100-SXM4-40GB,new,torque,rodent_no_tail_collisions.xml,reference_root,0,0,0.001,True,True,intention+proprioception,True,42,600064000.0,0.0,20,4096,Linux-4.18.0-553.155.1.el8_10.x86_64-x86_64-with-glibc2.28,13.3,True,held_out,1976.091064453125,444.216796875,20.380090713500977,0.2698284387588501,61,600064000,444.681640625,20.468293762207033,0.2693202495574951,1.1683570623397828,0.0065922037698327805,5.725786268158117e-05,5.2748809139302466e-05,1978.5282470703125,final_eval,2176.261027547261,487.35066864784545,4.465493057771518,0.001524450664203149,0.9925705794947994,0.0,0.007429420505200594,0.0,0.0,1.1971215600110392,0.0061591206620565655,20.839487814084908,0.2692789977821223,2165.036991638545,489.0,4.427478510508272,0.0,1.0,0.0,0.0,0.0,0.0,1.226736188487351,0.006321932428496871,20.447273004669672,0.26934783322791694,11276.541233062744,2609.53125,4.321289976145234,0.009580264654811089,0.75,0.0,0.1875,0.0625,0.0,1.262222308873297,0.006200893710682661,22.84430836776657,0.26752237078383934,0.005157486058263161
torque_efference,86cpjh43,RodentEncDec_delay0_eff0-20260831-140714,emiwar-team/nnx-ppo-rodent-delays,2c147a6a,2026-08-31T18:07:44Z,NVIDIA A100-SXM4-80GB,new,torque,rodent_no_tail_collisions.xml,reference_root,0,0,0.001,True,True,intention+proprioception,True,42,600064000.0,,20,4096,Linux-4.18.0-553.155.1.el8_10.x86_64-x86_64-with-glibc2.28,13.3,True,held_out,1978.1591796875,445.3154296875,20.170669555664062,0.2701181471347809,61,600064000,445.8091796875,20.172287368774413,0.2710538446903229,1.1757226943969727,0.006537791434675399,2.6483400870347395e-05,2.2580305449082515e-05,1980.6639404296875,final_eval,2150.8115020117116,483.6404160475483,4.447129376797696,0.0043012074103658945,0.9791976225854384,0.0,0.019316493313521543,0.0014858841010401188,0.0,1.211608082339605,0.006581665842048973,20.66178549522022,0.2713402940813863,2139.6378614436944,484.5680473372782,4.41555705788092,0.002442241000341903,0.9881656804733728,0.0,0.01183431952662722,0.0,0.0,1.2421800664020397,0.006736326625069281,20.213557362278845,0.2708589875340688,10058.845375061035,2374.25,4.236641202510702,0.015794461408865958,0.625,0.0,0.1875,0.1875,0.0,1.3174363064343757,0.009184710395967957,25.257429376960772,0.27584058970478237,0.005195081278655089
torque_efference,ame77mw2,RodentEncDec_delay0_eff0-20260824-091609,emiwar-team/nnx-ppo-rodent-delays,a3450a91,2026-08-24T13:16:20Z,NVIDIA H200,new,torque,rodent_no_tail_collisions.xml,reference_root,0,0,0.001,True,True,intention+proprioception,True,42,600064000.0,,20,4096,Linux-4.18.0-553.44.1.el8_10.x86_64-x86_64-with-glibc2.28,12.9,,held_out,1985.433837890625,445.736328125,21.13863754272461,0.27095746994018555,61,600064000,444.5384765625,20.824282455444337,0.2709628105163574,1.1615507125854492,0.00662030288949606,6.107575645728503e-05,5.70458982110722e-05,1976.121728515625,final_eval,2171.7270176789734,486.4546805349183,4.464397413734175,0.0018327102118613169,0.9910846953937592,0.0,0.007429420505200594,0.0014858841010401188,0.0,1.1833204782851228,0.006491713204256573,21.631251052977458,0.27061787875451077,2146.214943970449,484.85798816568047,4.42648156028125,0.003661170842435407,0.9822485207100592,0.0,0.01775147928994083,0.0,0.0,1.2136831609001657,0.006849052427791924,21.14481850871109,0.2710252344044093,10553.797401428224,2483.71875,4.249191822314111,0.015098327860189486,0.625,0.0,0.34375,0.03125,0.0,1.256052040272703,0.008128888681974082,23.05436834923236,0.2695366373074008,0.011747366727421604
torque_efference,8eca2g70,RodentEncDec_delay5_eff5-20260831-140714,emiwar-team/nnx-ppo-rodent-delays,2c147a6a,2026-08-31T18:07:44Z,NVIDIA H200,new,torque,rodent_no_tail_collisions.xml,reference_root,5,5,0.001,True,True,intention+proprioception+efference,True,42,600064000.0,,20,4096,Linux-4.18.0-553.155.1.el8_10.x86_64-x86_64-with-glibc2.28,13.3,True,held_out,1882.5146484375,438.2265625,14.898041725158691,0.34839972853660583,61,600064000,438.72578125,14.724796485900878,0.3487658441066742,1.2818402290344237,0.00816160216927524,0.00027944871108044,0.00018717720231502,1886.4692138671876,final_eval,2079.6262596436454,482.3937592867756,4.31105548031632,0.006160461541778711,0.9702823179791976,0.0,0.020802377414561663,0.008915304606240713,0.0,1.3059552877830412,0.007906710223118282,15.01101216115645,0.34604280072385446,2015.012917964416,470.3550295857988,4.284025451452841,0.015096238520568609,0.9289940828402368,0.0,0.05325443786982249,0.01775147928994083,0.0,1.3338020562432285,0.008891218940139332,14.72576715799769,0.3500387008255778,7906.469113349915,1915.90625,4.126751563835607,0.032621637932440585,0.375,0.03125,0.125,0.46875,0.0,1.4055869347077266,0.008966922432049974,16.913609927923268,0.3526733250074327,0.031069689267292366
torque_efference,bzm76mrs,RodentEncDec_delay5_eff5-20260824-091609,emiwar-team/nnx-ppo-rodent-delays,a3450a91,2026-08-24T13:16:20Z,NVIDIA H200,new,torque,rodent_no_tail_collisions.xml,reference_root,5,5,0.001,True,True,intention+proprioception+efference,True,42,600064000.0,,20,4096,Linux-4.18.0-553.44.1.el8_10.x86_64-x86_64-with-glibc2.28,12.9,,held_out,1891.880615234375,439.142578125,14.383872985839844,0.3419167995452881,61,600064000,435.1642578125,14.469157218933105,0.3446437120437622,1.2796927452087403,0.00874861609190698,0.00036318136262703996,0.00024043124285521997,1865.709423828125,final_eval,2077.1321867989573,481.2689450222883,4.315948926857855,0.00679234564394524,0.9673105497771174,0.0,0.01634472511144131,0.01634472511144131,0.0,1.301063420614802,0.00812519566826683,14.549262823297695,0.34001974558404047,2037.9214627418291,476.3609467455621,4.278103561311337,0.009937270976957933,0.9526627218934912,0.0,0.02958579881656805,0.01775147928994083,0.0,1.324116320168632,0.009058644304809543,14.361274123311052,0.34171092614130505,7722.463610649109,1868.5625,4.132836664895667,0.03679298926313677,0.3125,0.03125,0.3125,0.40625,0.0,1.3469967213695115,0.010337012928927473,18.308223645750612,0.34768009725711485,0.018877336890896323
torque_efference,nzqv02je,RodentEncDec_delay5_eff5-job43288917,emiwar-team/nnx-ppo-rodent-delays,f4992e21,2026-08-31T19:33:07Z,NVIDIA A40,new,torque,rodent_no_tail_collisions.xml,reference_root,5,5,0.001,True,True,intention+proprioception+efference,True,42,600064000.0,0.0,20,4096,Linux-4.18.0-553.155.1.el8_10.x86_64-x86_64-with-glibc2.28,13.3,True,held_out,1873.6519775390625,436.103515625,14.842296600341797,0.338091641664505,61,600064000,437.6,14.956867218017578,0.34281092286109927,1.2799395084381104,0.008426072262227479,0.00028527759131970003,0.00020491192699404002,1882.165283203125,final_eval,2085.7851780158803,485.0,4.300587995909032,0.003982782126499296,0.9806835066864784,0.0,0.014858841010401188,0.004457652303120356,0.0,1.3121559118373136,0.0076594653879644365,15.105839979171789,0.3353700561429727,2043.3655312442215,478.05325443786984,4.2743470780195,0.008664331423054523,0.9585798816568049,0.0,0.02958579881656805,0.01183431952662722,0.0,1.333809910945469,0.008045293941235005,14.879038488004165,0.33662710185052586,8312.510160446167,2015.75,4.123780310279631,0.031005829095870026,0.375,0.0,0.09375,0.5625,0.0,1.408569837084955,0.009546662706022044,21.12398580988041,0.3426473221857654,0.02033749554784492
torque_efference,sgad6k6w,RodentEncDec_delay5_eff5-20260827-171038,emiwar-team/nnx-ppo-rodent-delays,4245ae42,2026-08-27T21:10:49Z,NVIDIA RTX PRO 6000 Blackwell Server Edition,new,torque,rodent_no_tail_collisions.xml,reference_root,5,5,0.001,True,True,intention+proprioception+efference,True,42,600145920.0,,60,4096,Linux-4.18.0-553.155.1.el8_10.x86_64-x86_64-with-glibc2.28,13.3,True,held_out,1785.3370361328125,424.0302734375,14.566834449768066,0.3689137101173401,61,600145920,430.1482421875,14.407107543945312,0.3711391627788544,1.317408800125122,0.009737819433212242,0.0005238189012743,0.00043148378608743996,1807.326513671875,final_eval,2022.814932654552,478.888558692422,4.223978409878351,0.009618606729301368,0.9539375928677564,0.0,0.02674591381872214,0.019316493313521543,0.0,1.3344367249418596,0.009154751926719011,14.647197268316376,0.3660144629443493,1916.890192246296,458.6213017751479,4.1796798029806865,0.029674739055827223,0.863905325443787,0.0,0.10650887573964496,0.02958579881656805,0.0,1.3664065183301448,0.010810846520592724,14.536827492620766,0.3685199572141168,7560.727344512939,1827.5,4.137196905342238,0.03590971272229822,0.34375,0.03125,0.09375,0.53125,0.0,1.350011325888263,0.010602327304246989,18.18097822035804,0.37368594085463674,0.05236501802428872
torque_efference,h2l057w2,RodentEncDec_delay10_eff10-job43288949,emiwar-team/nnx-ppo-rodent-delays,f4992e21,2026-08-31T19:33:07Z,NVIDIA A100-SXM4-40GB,new,torque,rodent_no_tail_collisions.xml,reference_root,10,10,0.001,True,True,intention+proprioception+efference,True,42,600064000.0,2.0,20,4096,Linux-4.18.0-553.155.1.el8_10.x86_64-x86_64-with-glibc2.28,13.3,True,held_out,1654.9696044921875,403.2265625,12.526811599731444,0.3939771056175232,61,600064000,404.8576171875,12.595656967163086,0.39548768997192385,1.3824941158294677,0.012623908184468702,0.00131985044572498,0.0010132254101335601,1659.788037109375,final_eval,1876.247943770478,454.96582466567605,4.123931605520497,0.03200606155614778,0.8543833580980683,0.0,0.1277860326894502,0.017830609212481426,0.0,1.4318792473704292,0.011941135893444392,12.689048846416782,0.3914144933274153,1741.979720166449,426.55029585798815,4.083878822924104,0.05271408159584947,0.7751479289940828,0.0,0.17159763313609466,0.05325443786982249,0.0,1.455909287388269,0.013506000582671877,12.712083216727008,0.3961984502572136,6416.629961013794,1613.0,3.9780718915150612,0.04843459392436454,0.21875,0.03125,0.25,0.5,0.0,1.4703681261148525,0.013851378912227352,15.724396793583772,0.39506911697950065,0.07156208967467581
torque_efference,ph7zg573,RodentEncDec_delay10_eff10-20260827-161444,emiwar-team/nnx-ppo-rodent-delays,4245ae42,2026-08-27T20:14:50Z,NVIDIA A40,new,torque,rodent_no_tail_collisions.xml,reference_root,10,10,0.001,True,True,intention+proprioception+efference,True,42,600145920.0,,60,4096,Linux-4.18.0-553.155.1.el8_10.x86_64-x86_64-with-glibc2.28,13.3,True,held_out,1592.52099609375,400.1220703125,13.52901840209961,0.4089328348636627,61,600145920,391.6150390625,13.162893676757813,0.41288845539093016,1.4466241121292114,0.01394017226994032,0.00178891210816794,0.0015227451920509,1546.0460205078125,final_eval,1792.3589012406733,449.8112927191679,3.9846907586637723,0.03534584422062413,0.8410104011887073,0.0,0.13670133729569092,0.0237741456166419,0.0,1.4583893352270998,0.013314249669834709,13.431423822682312,0.4063490858225709,1640.6863570805838,413.0650887573965,3.971980207807395,0.05586752234700895,0.7692307692307692,0.0,0.1952662721893491,0.03550295857988166,0.0,1.473419561729166,0.015183501162622808,13.62855884193252,0.4097701991715239,7314.0078592300415,1860.6875,3.930809369778666,0.035269221725840585,0.34375,0.0,0.40625,0.25,0.0,1.4049838864188078,0.015663734142102842,14.210464960407428,0.40298174296093514,0.08462174849864146
torque_efference,yki9qy8j,RodentEncDec_delay10_eff10-20260831-140714,emiwar-team/nnx-ppo-rodent-delays,2c147a6a,2026-08-31T18:07:44Z,NVIDIA A100-SXM4-80GB,new,torque,rodent_no_tail_collisions.xml,reference_root,10,10,0.001,True,True,intention+proprioception+efference,True,42,600064000.0,,20,4096,Linux-4.18.0-553.155.1.el8_10.x86_64-x86_64-with-glibc2.28,13.3,True,held_out,1634.72314453125,400.0068359375,12.51247215270996,0.3963499963283539,61,600064000,396.772265625,12.563136291503906,0.39729211330413816,1.403689455986023,0.013045466691255541,0.0016412678174674,0.00123587106354528,1612.8615966796874,final_eval,1822.6114665650684,444.2139673105498,4.103003508871844,0.039805188723424194,0.8231797919762258,0.0,0.14710252600297177,0.03268945022288262,0.0,1.429106150138494,0.012542603897950044,12.678187969024965,0.39452161963362703,1697.9405163195006,415.9881656804734,4.081703895450991,0.05974225484338993,0.7514792899408285,0.0,0.21893491124260356,0.02958579881656805,0.0,1.4440275501925597,0.014378907502660238,12.571290001376472,0.3993411142268072,5587.906404018402,1386.625,4.029861284787453,0.06310285765798251,0.125,0.03125,0.4375,0.40625,0.0,1.4267777182832648,0.014054855725084966,18.083771951412956,0.3964962827900512,0.0684023734803586
torque_efference,hziohlkp,RodentEncDec_delay20_eff20-20260827-161444,emiwar-team/nnx-ppo-rodent-delays,4245ae42,2026-08-27T20:14:50Z,NVIDIA A40,new,torque,rodent_no_tail_collisions.xml,reference_root,20,20,0.001,True,True,intention+proprioception+efference,True,42,600145920.0,,60,4096,Linux-4.18.0-553.155.1.el8_10.x86_64-x86_64-with-glibc2.28,13.3,True,held_out,1136.58056640625,321.064453125,12.18708038330078,0.4335567057132721,61,600145920,319.8125,12.188782691955566,0.4342728018760681,1.6490443468093872,0.02240554019808764,0.00382448369637128,0.0031253320164978,1128.6474853515624,final_eval,1308.7184758746075,369.2555720653789,3.544207792327887,0.11830557444599592,0.563150074294205,0.0,0.3699851411589896,0.07726597325408618,0.0,1.6812644335666098,0.02158985104357815,12.509013200552523,0.4326730256108207,1181.3998895679,342.301775147929,3.4513402364254366,0.15039153658663068,0.485207100591716,0.0,0.3668639053254438,0.15976331360946747,0.0,1.6730376484687044,0.02425211777803501,12.373028261588656,0.4320669646817007,2514.4520778656006,730.40625,3.4425391045950122,0.13263166901980916,0.03125,0.0,0.5625,0.4375,0.0,1.4561065400898632,0.01958425502021081,11.815337500547953,0.43061375628477616,0.09728493075764177
torque_efference_aug11,9htwlukh,RodentEncDec_delay0_eff0-20260811-075304,emiwar-team/nnx-ppo-rodent-delays,ef060b73,2026-08-11T11:53:07Z,NVIDIA H200,new,torque,rodent_no_tail_collisions.xml,reference_root,0,0,0.001,,,intention+proprioception,True,42,600064000.0,,20,4096,Linux-4.18.0-553.44.1.el8_10.x86_64-x86_64-with-glibc2.28,12.9,,train,2006.4873046875,446.3994140625,,,61,600064000,446.3255859375,,,,,,,2004.78291015625,eval:eval3ds-347333e3,2177.5424006831945,487.5007429420505,4.466746835177727,0.0009143888225110303,0.9955423476968797,0.0,0.004457652303120356,0.0,0.0,"{'mean': 1.1885754560935835, 'std': 0.15821758097763372}","{'mean': 0.006667010651762332, 'std': 0.0020250859604895315}",,,2152.7798193756644,486.4556213017751,4.425439290052272,0.0012163822359538324,0.9940828402366864,0.0,0.005917159763313609,0.0,0.0,"{'mean': 1.2204682887544975, 'std': 0.15941236629585287}","{'mean': 0.00697514831403897, 'std': 0.0026782890142880585}",,,10732.306936264038,2499.25,4.29421103781696,0.012503751125337602,0.6875,0.0,0.1875,0.125,0.0,"{'mean': 1.276238542705876, 'std': 0.10333319440481227}","{'mean': 0.008533561307757388, 'std': 0.004419420783448119}",,,0.011371802128748887
torque_efference_aug11,17p127fn,RodentEncDec_delay1_eff1-20260811-075237,emiwar-team/nnx-ppo-rodent-delays,ef060b73,2026-08-11T11:52:49Z,NVIDIA H200,new,torque,rodent_no_tail_collisions.xml,reference_root,1,1,0.001,,,intention+proprioception+efference,True,42,600064000.0,,20,4096,Linux-4.18.0-553.44.1.el8_10.x86_64-x86_64-with-glibc2.28,12.9,,train,1990.358154296875,446.1826171875,,,61,600064000,445.3306640625,,,,,,,1983.84873046875,eval:eval3ds-347333e3,2154.894679031259,486.5780089153046,4.428672565443349,0.002442994255909747,0.9881129271916791,0.0,0.010401188707280832,0.0014858841010401188,0.0,"{'mean': 1.216409141140344, 'std': 0.1598543740169265}","{'mean': 0.006974818488910078, 'std': 0.002613477191436644}",,,2142.5112185506428,487.06508875739644,4.398819106531801,0.002429720339188949,0.9881656804733728,0.0,0.011834319526627219,0.0,0.0,"{'mean': 1.2427721994037537, 'std': 0.15496658284801276}","{'mean': 0.007013213387135557, 'std': 0.0019049522397766763}",,,10257.530433654785,2423.9375,4.231763580395445,0.014181471263182322,0.65625,0.0,0.15625,0.1875,0.0,"{'mean': 1.3046742265534799, 'std': 0.13680345293093227}","{'mean': 0.008816518038911359, 'std': 0.0034300443918171383}",,,0.005746666229731079
torque_efference_aug11,zq5dvwvf,RodentEncDec_delay2_eff2-20260811-080832,emiwar-team/nnx-ppo-rodent-delays,ef060b73,2026-08-11T12:08:40Z,NVIDIA H200,new,torque,rodent_no_tail_collisions.xml,reference_root,2,2,0.001,,,intention+proprioception+efference,True,42,600064000.0,,20,4096,Linux-4.18.0-553.44.1.el8_10.x86_64-x86_64-with-glibc2.28,12.9,,train,1973.271728515625,445.103515625,,,61,600064000,444.40078125,,,,,,,1967.9933349609375,eval:eval3ds-347333e3,2127.4501104482392,484.18722139673105,4.393858442424814,0.003682585666149068,0.9821693907875185,0.0,0.01188707280832095,0.005943536404160475,0.0,"{'mean': 1.2565284827456438, 'std': 0.17775949193717328}","{'mean': 0.006969429893994454, 'std': 0.004225923977200062}",,,2132.4382743158285,488.7692307692308,4.362873397246737,0.0012106244400862027,0.9940828402366864,0.0,0.005917159763313609,0.0,0.0,"{'mean': 1.2814401308719325, 'std': 0.16264081928540347}","{'mean': 0.006847614228814627, 'std': 0.0020184602941130283}",,,9371.660122871399,2243.375,4.177482642389881,0.026466818966958267,0.40625,0.0,0.0625,0.53125,0.0,"{'mean': 1.338380721702265, 'std': 0.10772949652248164}","{'mean': 0.008430925200904655, 'std': 0.0045429398169334}",,,-0.0023446678458365344
torque_efference_aug11,qpsikl6i,RodentEncDec_delay3_eff3-20260811-081204,emiwar-team/nnx-ppo-rodent-delays,ef060b73,2026-08-11T12:12:06Z,NVIDIA H200,new,torque,rodent_no_tail_collisions.xml,reference_root,3,3,0.001,,,intention+proprioception+efference,True,42,600064000.0,,20,4096,Linux-4.18.0-553.44.1.el8_10.x86_64-x86_64-with-glibc2.28,12.9,,train,1943.15185546875,441.71484375,,,61,600064000,441.7220703125,,,,,,,1941.3835205078126,eval:eval3ds-347333e3,2098.9477240008373,480.1931649331352,4.371048730552228,0.007426431908902432,0.9643387815750372,0.0,0.022288261515601784,0.01337295690936107,0.0,"{'mean': 1.2786364419635408, 'std': 0.16197986977082854}","{'mean': 0.006908461388047483, 'std': 0.003915193250694557}",,,2045.7859804051868,471.84023668639054,4.335759906302612,0.01128654017381273,0.9467455621301775,0.0,0.047337278106508875,0.011834319526627219,0.0,"{'mean': 1.3111585853182355, 'std': 0.15750729118509202}","{'mean': 0.007939441277400108, 'std': 0.00693442709941348}",,,8336.032308578491,1986.25,4.196869633016232,0.026746381371932033,0.46875,0.0,0.1875,0.34375,0.0,"{'mean': 1.3352841414064578, 'std': 0.12609851108897407}","{'mean': 0.007775598190235991, 'std': 0.002474299818005177}",,,0.025327807352113596
torque_efference_aug11,ax6foqgd,RodentEncDec_delay4_eff4-20260811-081204,emiwar-team/nnx-ppo-rodent-delays,ef060b73,2026-08-11T12:12:06Z,NVIDIA H200,new,torque,rodent_no_tail_collisions.xml,reference_root,4,4,0.001,,,intention+proprioception+efference,True,42,600064000.0,,20,4096,Linux-4.18.0-553.44.1.el8_10.x86_64-x86_64-with-glibc2.28,12.9,,train,1937.206298828125,442.7900390625,,,61,600064000,442.0767578125,,,,,,,1933.649609375,eval:eval3ds-347333e3,2102.6497225598455,484.7265973254086,4.337805546800409,0.004598109870302654,0.9777117384843982,0.0,0.014858841010401188,0.007429420505200594,0.0,"{'mean': 1.2931718869713058, 'std': 0.1596981085311247}","{'mean': 0.007530264531974132, 'std': 0.0037568818018228647}",,,2060.7335419965216,479.8816568047337,4.294253620190039,0.00986436498150432,0.9526627218934911,0.0,0.04142011834319527,0.005917159763313609,0.0,"{'mean': 1.3247905831330216, 'std': 0.16815401196013055}","{'mean': 0.008266241907508427, 'std': 0.005603541547364159}",,,8650.314129829407,2101.53125,4.116195811901159,0.03271424110395694,0.3125,0.0,0.28125,0.4375,0.0,"{'mean': 1.3744618958603114, 'std': 0.11083453881367819}","{'mean': 0.009402857946690444, 'std': 0.003974639374396616}",,,0.019934932629812274
torque_efference_aug11,7ur99xil,RodentEncDec_delay5_eff5-20260811-081204,emiwar-team/nnx-ppo-rodent-delays,ef060b73,2026-08-11T12:12:06Z,NVIDIA H200,new,torque,rodent_no_tail_collisions.xml,reference_root,5,5,0.001,,,intention+proprioception+efference,True,42,600064000.0,,20,4096,Linux-4.18.0-553.44.1.el8_10.x86_64-x86_64-with-glibc2.28,12.9,,train,1906.53173828125,439.30859375,,,61,600064000,440.749609375,,,,,,,1913.4801513671875,eval:eval3ds-347333e3,2048.6167245896045,477.851411589896,4.2871417241888965,0.009639483323693862,0.9539375928677563,0.0,0.02823179791976226,0.017830609212481426,0.0,"{'mean': 1.3114407675524085, 'std': 0.16718883165325527}","{'mean': 0.008627309353526064, 'std': 0.005152626240283994}",,,1936.6089231050933,456.2130177514793,4.244966381384705,0.025940337224383905,0.8816568047337279,0.0,0.08875739644970414,0.029585798816568046,0.0,"{'mean': 1.3449592133696058, 'std': 0.15939759502744688}","{'mean': 0.010261219688103678, 'std': 0.008597306721573035}",,,7173.543620586395,1777.8125,4.035039477215058,0.038671119704693266,0.3125,0.03125,0.15625,0.5,0.0,"{'mean': 1.4062461361646053, 'std': 0.19917225275136943}","{'mean': 0.012745664416229947, 'std': 0.00902173905566198}",,,0.054674844806292144
torque_efference_aug11,c1v5gmie,RodentEncDec_delay6_eff6-20260811-081205,emiwar-team/nnx-ppo-rodent-delays,ef060b73,2026-08-11T12:12:06Z,NVIDIA H200,new,torque,rodent_no_tail_collisions.xml,reference_root,6,6,0.001,,,intention+proprioception+efference,True,42,600064000.0,,20,4096,Linux-4.18.0-553.44.1.el8_10.x86_64-x86_64-with-glibc2.28,12.9,,train,1878.6558837890625,435.291015625,,,61,600064000,437.948828125,,,,,,,1889.4736083984376,eval:eval3ds-347333e3,2015.0607027617818,471.16493313521545,4.276762893522675,0.015768194920118314,0.9257057949479941,0.0,0.05200594353640416,0.02526002971768202,0.0,"{'mean': 1.3238164776886425, 'std': 0.1645850308638644}","{'mean': 0.009273746482266743, 'std': 0.005870092656376235}",,,1949.1766407080656,461.2307692307692,4.226033410474458,0.028223944167906807,0.8698224852071006,0.0,0.08284023668639054,0.047337278106508875,0.0,"{'mean': 1.3540653652890728, 'std': 0.1839264799142733}","{'mean': 0.010507397255231947, 'std': 0.008334251508241977}",,,6674.246078491211,1672.90625,3.9896115388959847,0.05043617955279921,0.15625,0.03125,0.3125,0.5,0.0,"{'mean': 1.3983432190739604, 'std': 0.22393942572043588}","{'mean': 0.013186839933094099, 'std': 0.007200877438300388}",,,0.03269582001347027
torque_efference_aug11,904oncgf,RodentEncDec_delay7_eff7-20260811-081755,emiwar-team/nnx-ppo-rodent-delays,ef060b73,2026-08-11T12:17:56Z,NVIDIA H200,new,torque,rodent_no_tail_collisions.xml,reference_root,7,7,0.001,,,intention+proprioception+efference,True,42,600064000.0,,20,4096,Linux-4.18.0-553.44.1.el8_10.x86_64-x86_64-with-glibc2.28,12.9,,train,1862.65283203125,435.1181640625,,,61,600064000,437.6271484375,,,,,,,1868.9045166015626,eval:eval3ds-347333e3,2004.452300265852,472.3789004457652,4.243314632330804,0.015098565321740984,0.9286775631500743,0.0,0.04606240713224369,0.02674591381872214,0.0,"{'mean': 1.33845325140896, 'std': 0.15704448456825407}","{'mean': 0.009548808441647426, 'std': 0.00545629411827044}",,,1958.6848381539069,462.84615384615387,4.231826972910219,0.02045486506181205,0.9053254437869822,0.0,0.07100591715976332,0.023668639053254437,0.0,"{'mean': 1.3531486012622218, 'std': 0.14238153582823138}","{'mean': 0.010203484245725286, 'std': 0.0074294529150731444}",,,6299.456064224243,1537.96875,4.0959584284298645,0.05282942192421009,0.1875,0.0,0.21875,0.625,0.0,"{'mean': 1.3886598184455832, 'std': 0.1570568108837503}","{'mean': 0.011759373620823507, 'std': 0.011040868590704845}",,,0.022832901589065036
torque_efference_aug11,dqjh25pb,RodentEncDec_delay8_eff8-20260811-081952,emiwar-team/nnx-ppo-rodent-delays,ef060b73,2026-08-11T12:19:57Z,NVIDIA H200,new,torque,rodent_no_tail_collisions.xml,reference_root,8,8,0.001,,,intention+proprioception+efference,True,42,600064000.0,,20,4096,Linux-4.18.0-553.44.1.el8_10.x86_64-x86_64-with-glibc2.28,12.9,,train,1849.788818359375,434.9716796875,,,61,600064000,434.7240234375,,,,,,,1844.12001953125,eval:eval3ds-347333e3,1982.6991920187781,470.5898959881129,4.213220914689722,0.016418961374393356,0.9227340267459139,0.0,0.05943536404160475,0.017830609212481426,0.0,"{'mean': 1.3696076630787593, 'std': 0.16796205271538223}","{'mean': 0.009721720023817408, 'std': 0.006067068360018774}",,,1901.1516221176237,456.75147928994085,4.162332708967087,0.0297962197665531,0.863905325443787,0.0,0.09467455621301775,0.04142011834319527,0.0,"{'mean': 1.4047451724333693, 'std': 0.17862977159240087}","{'mean': 0.01106607123207033, 'std': 0.008864624575588769}",,,7056.8453578948975,1765.78125,3.9964437032587687,0.04247411733474913,0.25,0.09375,0.1875,0.5,0.0,"{'mean': 1.5048178345140526, 'std': 0.2809490739950124}","{'mean': 0.012751503255544031, 'std': 0.008035284190422185}",,,0.04112957236751735
torque_efference_aug11,xgrebrix,RodentEncDec_delay9_eff9-20260811-081952,emiwar-team/nnx-ppo-rodent-delays,ef060b73,2026-08-11T12:19:57Z,NVIDIA H200,new,torque,rodent_no_tail_collisions.xml,reference_root,9,9,0.001,,,intention+proprioception+efference,True,42,600064000.0,,20,4096,Linux-4.18.0-553.44.1.el8_10.x86_64-x86_64-with-glibc2.28,12.9,,train,1809.122314453125,430.4814453125,,,61,600064000,431.26796875,,,,,,,1807.4938232421875,eval:eval3ds-347333e3,1929.4353080511448,464.4517087667162,4.154221572732457,0.02015509828009828,0.9063893016344725,0.0,0.06835066864784546,0.02526002971768202,0.0,"{'mean': 1.4013197205242867, 'std': 0.17705595371736133}","{'mean': 0.010595227192945438, 'std': 0.0075777704097539774}",,,1855.653816945454,451.9881656804734,4.10553629020739,0.03272851046003194,0.8520710059171598,0.0,0.10650887573964497,0.04142011834319527,0.0,"{'mean': 1.4226520351089087, 'std': 0.16766307115948278}","{'mean': 0.012010698201214002, 'std': 0.009440587102479156}",,,5416.038136005402,1369.25,3.955477915651197,0.06846813949242285,0.0625,0.0,0.40625,0.53125,0.0,"{'mean': 1.417646871480029, 'std': 0.2392472186356}","{'mean': 0.013601536773990326, 'std': 0.005094986219985719}",,,0.03823994035861966
torque_efference_aug11,vo7jiiwr,RodentEncDec_delay10_eff10-20260811-083832,emiwar-team/nnx-ppo-rodent-delays,ef060b73,2026-08-11T12:38:40Z,NVIDIA H200,new,torque,rodent_no_tail_collisions.xml,reference_root,10,10,0.001,,,intention+proprioception+efference,True,42,600064000.0,,20,4096,Linux-4.18.0-553.44.1.el8_10.x86_64-x86_64-with-glibc2.28,12.9,,train,1768.671142578125,426.2353515625,,,61,600064000,423.0896484375,,,,,,,1754.607666015625,eval:eval3ds-347333e3,1863.6536973496957,455.28083209509657,4.093415680984403,0.031331183666009566,0.8573551263001487,0.0,0.11738484398216939,0.02823179791976226,0.0,"{'mean': 1.4254249812837183, 'std': 0.1885286414272945}","{'mean': 0.012246214492028161, 'std': 0.009622554006561004}",,,1765.2215724245332,434.24852071005915,4.065003075976265,0.051779582493050647,0.7751479289940828,0.0,0.1834319526627219,0.04142011834319527,0.0,"{'mean': 1.4396477174796178, 'std': 0.17038848816761304}","{'mean': 0.013687943717558547, 'std': 0.01089024389484465}",,,5867.993099689484,1432.8125,4.095436841658963,0.06324972737186478,0.09375,0.0,0.40625,0.53125,0.0,"{'mean': 1.3507186016420247, 'std': 0.19815367333117478}","{'mean': 0.01275219708435857, 'std': 0.006676012070936764}",,,0.05281674651526891
torque_efference_aug11,op8eyyba,RodentEncDec_delay12_eff12-20260811-083832,emiwar-team/nnx-ppo-rodent-delays,ef060b73,2026-08-11T12:38:40Z,NVIDIA H200,new,torque,rodent_no_tail_collisions.xml,reference_root,12,12,0.001,,,intention+proprioception+efference,True,42,600064000.0,,20,4096,Linux-4.18.0-553.44.1.el8_10.x86_64-x86_64-with-glibc2.28,12.9,,train,1702.493896484375,418.4931640625,,,61,600064000,411.6458984375,,,,,,,1675.9928955078126,eval:eval3ds-347333e3,1755.9107603778812,438.5156017830609,4.004215022767997,0.044727416890021375,0.8038632986627043,0.0,0.1589895988112927,0.03863298662704309,0.0,"{'mean': 1.4592213462896568, 'std': 0.20861909724600744}","{'mean': 0.014259417681016434, 'std': 0.0109322239630786}",,,1637.0635872112928,415.5147928994083,3.9398442972103966,0.0598103158554299,0.7514792899408285,0.0,0.17159763313609466,0.07692307692307693,0.0,"{'mean': 1.4790838944374958, 'std': 0.20118139967973633}","{'mean': 0.01616057329772923, 'std': 0.011844633601829052}",,,5027.683376789093,1241.9375,4.048257965307508,0.07045443108046902,0.125,0.03125,0.46875,0.375,0.0,"{'mean': 1.3350747934431917, 'std': 0.17697513790630914}","{'mean': 0.014902658693394648, 'std': 0.007437267671921177}",,,0.06768406222478629
torque_efference_aug11,mpmlfb9i,RodentEncDec_delay15_eff15-20260811-083832,emiwar-team/nnx-ppo-rodent-delays,ef060b73,2026-08-11T12:38:40Z,NVIDIA H200,new,torque,rodent_no_tail_collisions.xml,reference_root,15,15,0.001,,,intention+proprioception+efference,True,42,600064000.0,,20,4096,Linux-4.18.0-553.44.1.el8_10.x86_64-x86_64-with-glibc2.28,12.9,,train,1609.5628662109375,404.4423828125,,,61,600064000,403.3767578125,,,,,,,1603.598486328125,eval:eval3ds-347333e3,1671.5220798758837,428.20950965824665,3.903514616501448,0.052049898502697915,0.7771173848439822,0.0,0.19167904903417535,0.03268945022288262,0.0,"{'mean': 1.5100040305132056, 'std': 0.23163510236793627}","{'mean': 0.016309261058017152, 'std': 0.011727876346478568}",,,1524.1544477022612,393.6508875739645,3.8718430360858322,0.08567949854946111,0.6627218934911243,0.0,0.2603550295857988,0.08284023668639054,0.0,"{'mean': 1.5203025335934912, 'std': 0.21035984243018646}","{'mean': 0.017431894728232273, 'std': 0.011825998877413845}",,,5282.497002124786,1366.96875,3.864387537845899,0.061724161580138534,0.15625,0.0,0.46875,0.375,0.0,"{'mean': 1.5153986566651758, 'std': 0.21991686243299072}","{'mean': 0.014430008859235347, 'std': 0.004609983559964512}",,,0.08816373648176101
torque_efference_aug11,7qbsx2pa,RodentEncDec_delay20_eff20-20260811-083832,emiwar-team/nnx-ppo-rodent-delays,ef060b73,2026-08-11T12:38:40Z,NVIDIA H200,new,torque,rodent_no_tail_collisions.xml,reference_root,20,20,0.001,,,intention+proprioception+efference,True,42,600064000.0,,20,4096,Linux-4.18.0-553.44.1.el8_10.x86_64-x86_64-with-glibc2.28,12.9,,train,1453.219482421875,380.8720703125,,,61,600064000,378.041015625,,,,,,,1433.3064697265625,eval:eval3ds-347333e3,1474.0235125696145,396.1887072808321,3.7205086502497817,0.0836349316481332,0.6686478454680536,0.0,0.25705794947994054,0.07578008915304606,0.0,"{'mean': 1.6158899940891214, 'std': 0.23196715391393058}","{'mean': 0.01920331295654929, 'std': 0.012770009496388172}",,,1285.7952799599552,352.7278106508876,3.6452903375758234,0.13252587609669356,0.5325443786982249,0.0,0.3431952662721893,0.1301775147928994,0.0,"{'mean': 1.628335619555, 'std': 0.2237572948477799}","{'mean': 0.022188008921324397, 'std': 0.014620460239135453}",,,4080.4580454826355,1073.59375,3.8007468332249843,0.08732353369233008,0.0625,0.0,0.46875,0.46875,0.0,"{'mean': 1.5287017335615278, 'std': 0.23843702905104686}","{'mean': 0.017367763269649245, 'std': 0.009222157413920252}",,,0.1276968996793867
torque_efference_aug11,8j703ofi,RodentEncDec_delay25_eff25-20260811-083832,emiwar-team/nnx-ppo-rodent-delays,ef060b73,2026-08-11T12:38:40Z,NVIDIA A100-SXM4-80GB,new,torque,rodent_no_tail_collisions.xml,reference_root,25,25,0.001,,,intention+proprioception+efference,True,42,600064000.0,,20,4096,Linux-4.18.0-553.44.1.el8_10.x86_64-x86_64-with-glibc2.28,12.9,,train,1196.625732421875,336.140625,,,61,600064000,331.089453125,,,,,,,1183.2327392578125,eval:eval3ds-347333e3,1238.1404429261434,355.81575037147104,3.479723541280921,0.12820298667023017,0.5438335809806836,0.0,0.37295690936106984,0.09212481426448738,0.0,"{'mean': 1.779035841847075, 'std': 0.23924719129632402}","{'mean': 0.023759012568178976, 'std': 0.012602822151150562}",,,1114.9827993268798,327.35502958579883,3.406035339483446,0.16991124848616304,0.44378698224852076,0.0,0.42011834319526625,0.13609467455621302,0.0,"{'mean': 1.7573139227102905, 'std': 0.24651337214237273}","{'mean': 0.026341917641724808, 'std': 0.01389269948004239}",,,3054.0782458782196,906.15625,3.370366033317344,0.10690761113218608,0.03125,0.0,0.65625,0.34375,0.0,"{'mean': 1.6807184372930266, 'std': 0.3331463310930412}","{'mean': 0.019624502699173055, 'std': 0.007701154658591069}",,,0.09946984956585425
torque_efference_aug11,2fiwhyiz,RodentEncDec_delay30_eff30-20260811-084029,emiwar-team/nnx-ppo-rodent-delays,ef060b73,2026-08-11T12:40:31Z,NVIDIA H200,new,torque,rodent_no_tail_collisions.xml,reference_root,30,30,0.001,,,intention+proprioception+efference,True,42,600064000.0,,20,4096,Linux-4.18.0-553.44.1.el8_10.x86_64-x86_64-with-glibc2.28,12.9,,train,1149.9036865234375,332.8291015625,,,61,600064000,324.3787109375,,,,,,,1114.0027099609374,eval:eval3ds-347333e3,1164.0773807202547,345.6597325408618,3.367697394670189,0.14142690722136966,0.5111441307578009,0.0,0.399702823179792,0.09955423476968796,0.0,"{'mean': 1.9479348055637933, 'std': 0.3213622092444253}","{'mean': 0.02464756475324723, 'std': 0.01224900285243227}",,,1061.2296161990193,322.06508875739644,3.2950780859033655,0.18372558746256593,0.40828402366863903,0.0,0.47337278106508873,0.1242603550295858,0.0,"{'mean': 1.9266854919457086, 'std': 0.3092622198063138}","{'mean': 0.027164762622906635, 'std': 0.013947161387372875}",,,2724.847732067108,858.71875,3.1731550429836406,0.11645256377597438,0.0,0.03125,0.625,0.34375,0.0,"{'mean': 1.954907261602913, 'std': 0.39178919396210543}","{'mean': 0.02571129150098753, 'std': 0.011604278662182596}",,,0.08835131257133433
torque_efference_aug11,g1eehkgv,RodentEncDec_delay40_eff40-20260811-084704,emiwar-team/nnx-ppo-rodent-delays,ef060b73,2026-08-11T12:47:05Z,NVIDIA A100-SXM4-80GB,new,torque,rodent_no_tail_collisions.xml,reference_root,40,40,0.001,,,intention+proprioception+efference,True,42,600064000.0,,20,4096,Linux-4.18.0-553.44.1.el8_10.x86_64-x86_64-with-glibc2.28,12.9,,train,988.9984130859376,298.7333984375,,,61,600064000,298.8720703125,,,,,,,988.368310546875,eval:eval3ds-347333e3,1024.9469009331397,321.5037147102526,3.1879784090732763,0.17192612722533415,0.44725111441307575,0.007429420505200594,0.46953937592867756,0.0787518573551263,0.0,"{'mean': 2.1424611253218893, 'std': 0.46081121172698214}","{'mean': 0.025740661208283045, 'std': 0.011527431421354463}",,,924.2010708870972,299.93491124260356,3.0813387713294684,0.20517271991950917,0.3846153846153846,0.0,0.5088757396449705,0.10650887573964497,0.0,"{'mean': 2.081364279891241, 'std': 0.465377186270644}","{'mean': 0.02862213289293932, 'std': 0.013273784801324776}",,,2263.488920688629,779.6875,2.903071962406258,0.1282565130260521,0.0,0.03125,0.6875,0.28125,0.0,"{'mean': 2.5349966930441945, 'std': 0.6520153072650267}","{'mean': 0.023780050749615294, 'std': 0.008240649649870962}",,,0.0982937066830688
torque_efference_aug11,d4dtnb5x,RodentEncDec_delay50_eff50-20260811-084722,emiwar-team/nnx-ppo-rodent-delays,ef060b73,2026-08-11T12:47:23Z,NVIDIA A100-SXM4-80GB,new,torque,rodent_no_tail_collisions.xml,reference_root,50,50,0.001,,,intention+proprioception+efference,True,42,600064000.0,,20,4096,Linux-4.18.0-553.44.1.el8_10.x86_64-x86_64-with-glibc2.28,12.9,,train,892.2049560546875,281.0390625,,,61,600064000,282.617578125,,,,,,,888.470458984375,eval:eval3ds-347333e3,901.1215858289427,298.70282317979195,3.0167829558361734,0.21589139767294943,0.35512630014858837,0.03268945022288262,0.4487369985141159,0.16790490341753342,0.0,"{'mean': 2.262636921465193, 'std': 0.44771074377131814}","{'mean': 0.02616265583755001, 'std': 0.0115366444195428}",,,831.9214180940708,280.396449704142,2.966947045769894,0.24479287568320424,0.31360946745562135,0.01775147928994083,0.47337278106508873,0.20710059171597633,0.0,"{'mean': 2.2010934925493393, 'std': 0.4675252441976322}","{'mean': 0.028035227592682538, 'std': 0.012681236154749182}",,,1548.1974284648895,583.4375,2.653578881139607,0.1713979646491698,0.0,0.25,0.5625,0.1875,0.0,"{'mean': 2.627446844299035, 'std': 0.7236777793003077}","{'mean': 0.027316052090482407, 'std': 0.014041410322951095}",,,0.07679337485985827
torque_efference_aug11,n1igz0o8,RodentEncDec_delay60_eff60-20260811-084722,emiwar-team/nnx-ppo-rodent-delays,ef060b73,2026-08-11T12:47:23Z,NVIDIA A100-SXM4-80GB,new,torque,rodent_no_tail_collisions.xml,reference_root,60,60,0.001,,,intention+proprioception+efference,True,42,600064000.0,,20,4096,Linux-4.18.0-553.44.1.el8_10.x86_64-x86_64-with-glibc2.28,12.9,,train,824.7849731445312,273.6796875,,,61,600064000,278.703125,,,,,,,852.311279296875,eval:eval3ds-347333e3,838.7924034832845,296.5512630014859,2.8284904100343744,0.2124472013588604,0.3699851411589896,0.022288261515601784,0.4650817236255572,0.1515601783060921,0.0,"{'mean': 2.2737473455077333, 'std': 0.5210111910094108}","{'mean': 0.028191494072027617, 'std': 0.010723500991520267}",,,771.9268024602585,283.20118343195264,2.7257188444826412,0.23610037399970749,0.33136094674556216,0.01775147928994083,0.4911242603550296,0.15976331360946747,0.0,"{'mean': 2.2453281366753775, 'std': 0.5176206433159336}","{'mean': 0.029726356904368974, 'std': 0.011251848963554996}",,,1413.5005445480347,525.375,2.690460232306514,0.1903402331667856,0.0,0.03125,0.34375,0.625,0.0,"{'mean': 2.26743715732796, 'std': 0.7017783553877329}","{'mean': 0.02578904674765936, 'std': 0.010765374472497112}",,,0.07971650761898974
torque_efference_aug11,cfq1srhp,RodentEncDec_delay70_eff70-20260811-094225,emiwar-team/nnx-ppo-rodent-delays,ef060b73,2026-08-11T13:42:34Z,NVIDIA H200,new,torque,rodent_no_tail_collisions.xml,reference_root,70,70,0.001,,,intention+proprioception+efference,True,42,600064000.0,,20,4096,Linux-4.18.0-553.44.1.el8_10.x86_64-x86_64-with-glibc2.28,12.9,,train,864.9951171875,279.234375,,,61,600064000,282.3677734375,,,,,,,871.3915283203125,eval:eval3ds-347333e3,884.1772354828834,297.96879643387814,2.9673484138769206,0.21642323208648953,0.35512630014858837,0.08469539375928678,0.462109955423477,0.10549777117384844,0.0,"{'mean': 2.442092122171838, 'std': 0.5220198266132376}","{'mean': 0.026878293533790794, 'std': 0.009963652651447625}",,,793.4038120698647,272.1360946745562,2.9154670313715103,0.2674436302754887,0.272189349112426,0.07692307692307693,0.4970414201183432,0.17159763313609466,0.0,"{'mean': 2.3800843690619957, 'std': 0.5180543615057055}","{'mean': 0.02831249859954122, 'std': 0.011004211357543033}",,,1364.4116444587708,513.03125,2.659509814380256,0.19491990010355117,0.0,0.21875,0.5625,0.21875,0.0,"{'mean': 2.9076361775790556, 'std': 0.6732931332179262}","{'mean': 0.026592133903858083, 'std': 0.010160935577365865}",,,0.10266428468206812
torque_efference_aug11,qynq5js2,RodentEncDec_delay80_eff80-20260811-094225,emiwar-team/nnx-ppo-rodent-delays,ef060b73,2026-08-11T13:42:34Z,NVIDIA H200,new,torque,rodent_no_tail_collisions.xml,reference_root,80,80,0.001,,,intention+proprioception+efference,True,42,600064000.0,,20,4096,Linux-4.18.0-553.44.1.el8_10.x86_64-x86_64-with-glibc2.28,12.9,,train,841.814697265625,276.7119140625,,,61,600064000,278.712109375,,,,,,,843.9458374023437,eval:eval3ds-347333e3,826.5352617238287,290.37147102526,2.8464754433534787,0.23999590625319825,0.3031203566121843,0.04457652303120357,0.46805349182763745,0.1961367013372957,0.0,"{'mean': 2.392954718980501, 'std': 0.5219981089906751}","{'mean': 0.027712297960973954, 'std': 0.010252049811360126}",,,758.3410192184899,270.8757396449704,2.79959002682347,0.27742583773865176,0.24852071005917165,0.01775147928994083,0.46153846153846156,0.2781065088757396,0.0,"{'mean': 2.3337987973628445, 'std': 0.5624176262338062}","{'mean': 0.02973034279473222, 'std': 0.012048457793819372}",,,1364.5428521633148,475.71875,2.868381479946533,0.21020823753530843,0.0,0.03125,0.5,0.46875,0.0,"{'mean': 2.4067413428620834, 'std': 0.7374458741786953}","{'mean': 0.024942574228071224, 'std': 0.009515635392809491}",,,0.08250615026769981
torque_efference_aug11,ekl3fbju,RodentEncDec_delay90_eff90-20260811-094225,emiwar-team/nnx-ppo-rodent-delays,ef060b73,2026-08-11T13:42:34Z,NVIDIA H200,new,torque,rodent_no_tail_collisions.xml,reference_root,90,90,0.001,,,intention+proprioception+efference,True,42,600064000.0,,20,4096,Linux-4.18.0-553.44.1.el8_10.x86_64-x86_64-with-glibc2.28,12.9,,train,833.2142944335938,277.59375,,,61,600064000,279.1796875,,,,,,,844.3844604492188,eval:eval3ds-347333e3,829.8069568537674,293.25408618127784,2.8296518137544866,0.24067693554925013,0.2942050520059435,0.04457652303120357,0.4888558692421991,0.18573551263001487,0.0,"{'mean': 2.4536256865352652, 'std': 0.5234733875247451}","{'mean': 0.02786277971401104, 'std': 0.009496814064628545}",,,729.7562757413062,265.603550295858,2.747539612811744,0.2851605141800521,0.242603550295858,0.047337278106508875,0.46153846153846156,0.26627218934911245,0.0,"{'mean': 2.3990883871006448, 'std': 0.6120157912847438}","{'mean': 0.029005842726961717, 'std': 0.011020503778925096}",,,1241.1382093429565,437.09375,2.8395240365321093,0.22878387073711304,0.0,0.09375,0.59375,0.40625,0.0,"{'mean': 2.5125741061159323, 'std': 0.7720005766464538}","{'mean': 0.02442868217840632, 'std': 0.010332438337291644}",,,0.12057103195640306
torque_efference_aug11,48llced7,RodentEncDec_delay100_eff100-20260811-094548,emiwar-team/nnx-ppo-rodent-delays,ef060b73,2026-08-11T13:45:49Z,NVIDIA H200,new,torque,rodent_no_tail_collisions.xml,reference_root,100,100,0.001,,,intention+proprioception+efference,True,42,600064000.0,,20,4096,Linux-4.18.0-553.44.1.el8_10.x86_64-x86_64-with-glibc2.28,12.9,,train,772.5211181640625,258.546875,,,61,600064000,265.78046875,,,,,,,799.1939331054688,eval:eval3ds-347333e3,750.1391671394699,267.3521545319465,2.805809320866476,0.2928949357520786,0.21693907875185736,0.1099554234769688,0.4903417533432392,0.18424962852897475,0.0,"{'mean': 2.5014126186226853, 'std': 0.5715103352572596}","{'mean': 0.027582296539561724, 'std': 0.010466144284154632}",,,675.9859991130039,250.46745562130178,2.698897537151779,0.3425547496987881,0.14201183431952658,0.1893491124260355,0.5088757396449705,0.1834319526627219,0.0,"{'mean': 2.5371079350446943, 'std': 0.6052416755068251}","{'mean': 0.030148142927269077, 'std': 0.011374614442974695}",,,1138.0450835227966,422.125,2.695990721996557,0.23689665383476458,0.0,0.15625,0.4375,0.40625,0.0,"{'mean': 2.508566177605574, 'std': 0.5750973502431751}","{'mean': 0.026438674542428445, 'std': 0.01120726297646476}",,,0.09885254800017529
torque_no_efference,usv6hlqd,RodentEncDec_delay10_eff0-20260825-072407,emiwar-team/nnx-ppo-rodent-delays,4245ae42,2026-08-25T11:24:11Z,NVIDIA A100-SXM4-80GB,new,torque,rodent_no_tail_collisions.xml,reference_root,10,0,0.001,True,True,intention+proprioception,True,42,600064000.0,,20,4096,Linux-4.18.0-553.44.1.el8_10.x86_64-x86_64-with-glibc2.28,12.9,True,held_out,793.66064453125,262.072265625,6.455598831176758,0.4738605320453644,61,600064000,261.3498046875,6.277583599090576,0.4788423478603363,2.7399940967559813,0.028909680992364822,0.0076996479183435,0.00681727509945626,794.1453125,final_eval,906.5350132527004,300.98216939078753,3.011922650061302,0.18710413159492695,0.43684992570579495,0.01634472511144131,0.5052005943536404,0.04457652303120357,0.0,2.791697612155489,0.029185927692447267,6.801495535505174,0.47163694362795067,886.4608423357179,295.4852071005917,3.0000176693581175,0.20625988745819734,0.3905325443786982,0.0,0.514792899408284,0.10650887573964496,0.0,2.7842920533775817,0.028900488147414468,6.649254948229609,0.4697644877328592,1855.2320024967191,680.34375,2.726903866606725,0.14698452069266454,0.0,0.03125,0.84375,0.15625,0.0,3.061145980624372,0.029594929030968567,6.56280052579024,0.457994775712402,0.02214384510638512
torque_nointent,dv8hft01,RodentEncDec_delay10_eff10_nointent-20260825-071450,emiwar-team/nnx-ppo-rodent-delays,4245ae42,2026-08-25T11:14:52Z,NVIDIA A100-SXM4-80GB,new,torque,rodent_no_tail_collisions.xml,reference_root,10,10,0.001,False,True,proprioception+efference,True,42,600064000.0,,20,4096,Linux-4.18.0-553.44.1.el8_10.x86_64-x86_64-with-glibc2.28,12.9,True,held_out,776.8130493164062,238.5947265625,,0.3875238299369812,61,600064000,237.8361328125,,0.39138678908348085,1.4481252431869507,0.03555990457534784,0.00678827706724402,0.006102905981242621,778.14541015625,final_eval,864.806860290346,265.2377414561664,3.260496999946236,0.25937648805355595,0.31203566121842496,0.0,0.5898959881129272,0.10401188707280833,0.0,1.523911397672729,0.03601247922036141,,0.3849266050733981,864.2645943094287,263.7692307692308,3.2765936792133488,0.24900733562150884,0.3431952662721893,0.0,0.591715976331361,0.0650887573964497,0.0,1.5350849829047244,0.03589433368998324,,0.38601082759115046,1438.3085646629331,490.40625,2.9328919944697547,0.20391257248454725,0.0,0.0,0.8125,0.1875,0.0,1.4346524470132915,0.03999297144444304,,0.379049852992403,0.0006270370944272408
torque_noproprio,8kuci8sz,RodentEncDec_delay10_eff10_noproprio-20260825-060653,emiwar-team/nnx-ppo-rodent-delays,4245ae42,2026-08-25T10:06:57Z,NVIDIA A100-SXM4-80GB,new,torque,rodent_no_tail_collisions.xml,reference_root,10,10,0.001,True,False,intention+efference,False,42,600064000.0,,20,4096,Linux-4.18.0-553.44.1.el8_10.x86_64-x86_64-with-glibc2.28,12.9,True,held_out,714.0225219726562,261.1767578125,11.592251777648926,0.4151493310928345,61,600064000,265.1544921875,11.840288734436035,0.4121469557285309,2.5920966148376463,0.029069530218839595,0.00552570391446348,0.004317724797874621,750.9436279296875,final_eval,835.8043276261079,298.21248142644873,2.802714103810075,0.2117620093972506,0.3684992570579495,0.06835066864784546,0.462109955423477,0.10846953937592868,0.0,2.67075758880226,0.027599691198483635,12.156574424849524,0.4140423165224829,769.1417909430329,278.4733727810651,2.761994022127673,0.2464833623730398,0.31360946745562135,0.05917159763313609,0.4792899408284024,0.14792899408284024,0.0,2.5802658895427757,0.02944737700387388,12.21500545866966,0.41495174170666704,1499.6619653701782,538.28125,2.786019326086833,0.18577648766328012,0.0,0.1875,0.5625,0.25,0.0,2.9096846510477175,0.023852134186188458,11.824928608129646,0.4130761711002319,0.07975854452969056
