condition,arm,network,budget,budget_label,delay_k,wandb_id,wandb_name,state,git_commit,gpu,created_at,actual_step,runtime_s,have_activations,have_eval,have_history,reward_window,lifespan_window,inline_old_eval_reward,reward_train,fm_mse_train,reward_old_eval,reward_old_eval_std,survived_old_eval,lifespan_old_eval,reward_per_step_old_eval,fm_mse_old_eval,reward_new_eval,fm_mse_new_eval,generalization_ratio,fm_mse_curve_final,fm_mse_curve_at_600M,reward_curve_at_600M,action_sigma_final,encoder_kl_final,joint_l2_error_final,termination_rate_final,valid_rows,frac_valid,mean_lifespan,recorded_step,n_clips
expfm_600m,explicit,forward_model,600000000,600M,0,q7e7028r,RodentForwardModel_delay0_eff0-20260811-162018,failed,ef060b73,NVIDIA H200,2026-08-11T20:20:34Z,600064000.0,13647.0,True,True,True,1978.487841796875,445.9359375,,2143.7679885705547,0.00021579791039352732,2092.037196232722,277.35220932034076,0.9704142011834319,480.08284023668637,4.3576587640610605,0.00023032342857766996,11269.249570846558,0.010395958677575038,0.9758692206369187,0.0008149165747454075,0.0008149165747454075,1978.487841796875,0.3042211592197418,18.256562423706054,1.1816602945327759,3.008386665896978e-05,81661,0.9625521582309814,483.20118343195264,600064000,169
expfm_600m,explicit,forward_model,600000000,600M,10,25io6a70,RodentForwardModel_delay10_eff10-20260811-174250,failed,ef060b73,NVIDIA A100-SXM4-80GB,2026-08-11T21:42:52Z,600064000.0,22127.0,True,True,True,1784.09384765625,425.7541015625,,1879.2233511030586,0.024180753045403243,1736.7931983992898,641.1337498571846,0.7810650887573964,422.8698224852071,4.107158056803749,0.028499126314441608,5755.37397813797,0.03854536203839452,0.9242079699466454,0.022895327955484338,0.022895327955484338,1784.09384765625,0.40428544878959655,14.523583221435548,1.359906554222107,0.0006468144943937201,71439,0.8420636978712369,432.71597633136093,600064000,169
expfm_600m,explicit,forward_model,600000000,600M,20,48icppj0,RodentForwardModel_delay20_eff20-20260811-174441,failed,ef060b73,NVIDIA A100-SXM4-80GB,2026-08-11T21:44:43Z,600064000.0,22320.0,True,True,True,1635.1210205078125,404.9052734375,,1682.1427713652067,0.037701557713346885,1530.986493533885,695.4086679032314,0.680473372781065,389.094674556213,3.9347402923981716,0.04358876711489355,4635.23935174942,0.06635421296228239,0.9101406370467323,0.036490732431411696,0.036490732431411696,1635.1210205078125,0.4320987522602081,13.603813934326173,1.4380722045898438,0.00135478472802784,63107,0.7438529904052429,393.41420118343194,600064000,169
expfm_600m,explicit,forward_model,600000000,600M,50,6cbzq5on,RodentForwardModel_delay50_eff50-20260811-180113,failed,ef060b73,NVIDIA A100-SXM4-80GB,2026-08-11T22:01:16Z,600064000.0,26154.0,True,True,True,1365.377099609375,372.2439453125,,1392.754420809016,0.07153635773552337,1278.9536349956807,665.6830512884258,0.5739644970414202,362.14201183431953,3.5316356379574203,0.0757504640995096,3445.0658831596375,0.08364573111972531,0.9182908457420431,0.07407428324222562,0.07407428324222562,1365.377099609375,0.47266748547554016,12.890095138549805,1.6970714330673218,0.0022734253201633,51870,0.6114005516395955,356.55029585798815,600064000,169
pgfm_600m,implicit,pg_forward_model,600000000,600M,0,efc0z8fe,RodentForwardModel_delay0_eff0_nodetach-20260812-072126,finished,25732c42,NVIDIA A100-SXM4-80GB,2026-08-12T11:21:32Z,600064000.0,21727.0,True,True,True,1997.271142578125,446.053125,2131.067245573687,2165.6418724570194,0.4625858361142921,2133.370625151685,215.20389985071608,0.9881656804733728,484.20118343195264,4.4059591305222385,0.4571084463996362,11094.126880645752,0.5812451499369717,0.985098530040555,0.45767139792442324,0.45767139792442324,1997.271142578125,0.2813268542289734,18.63266258239746,1.1528609991073608,2.1012257275287993e-05,82332,0.970461349866805,487.1715976331361,600064000,169
pgfm_600m,implicit,pg_forward_model,600000000,600M,10,cgs8q5gj,RodentForwardModel_delay10_eff10_nodetach-20260812-072521,finished,25732c42,NVIDIA H200,2026-08-12T11:25:23Z,600064000.0,13903.0,True,True,True,1754.7867919921875,420.2138671875,1734.5487459622896,1837.2062324875353,0.46786995481252663,1736.1930734307102,599.5372222664809,0.7514792899408285,425.1834319526627,4.083397759543949,0.45685376057292554,5315.767732143402,0.5391482713956477,0.9450180620604277,0.46117413640022276,0.46117413640022276,1754.7867919921875,0.4099273860454559,12.006044960021972,1.3636616945266724,0.0007824164349585201,70947,0.8362644098163559,429.8047337278106,600064000,169
pgfm_600m,implicit,pg_forward_model,600000000,600M,10,kwk401pl,RodentForwardModel_delay10_eff10_nodetach-20260812-100602,finished,25732c42,NVIDIA A100-SXM4-80GB,2026-08-12T14:06:07Z,600064000.0,22352.0,True,True,True,1774.40810546875,424.55,1760.4528844709228,1866.0293472652804,0.44085110263617505,1735.0754584137505,593.7657763228825,0.7455621301775148,422.8047337278106,4.103727607578636,0.44027141369415274,6402.666919231415,0.5500731833742754,0.9298221707801935,0.4423900544643402,0.4423900544643402,1774.40810546875,0.4000455677509308,11.785300254821777,1.3549850940704347,0.00064149072859432,69352,0.8174638723213654,420.36686390532543,600064000,169
pgfm_600m,implicit,pg_forward_model,600000000,600M,20,yt776s6d,RodentForwardModel_delay20_eff20_nodetach-20260812-100615,finished,25732c42,NVIDIA H200,2026-08-12T14:06:16Z,600064000.0,14033.0,True,True,True,1399.100537109375,369.784765625,1297.6101241704275,1411.6348573591167,0.47183265040155786,1306.6535736174274,695.6947219726669,0.5739644970414202,360.396449704142,3.6256005703998757,0.4657161361242257,4044.792989730835,0.5896395116075572,0.9256314172220937,0.4765657842159271,0.4765657842159271,1399.100537109375,0.42816712260246276,10.15849723815918,1.5531833171844482,0.0022842872422188,57885,0.6823003842617695,362.5147928994083,600064000,169
pgfm_600m,implicit,pg_forward_model,600000000,600M,50,lxgp2zfn,RodentForwardModel_delay50_eff50_nodetach-20260812-100615,finished,25732c42,NVIDIA H200,2026-08-12T14:06:17Z,600064000.0,14226.0,True,True,True,875.2533935546875,286.723046875,800.3206477870602,850.6440893572826,0.7468885978666936,802.4467267820821,479.45086446486613,0.33136094674556216,283.4852071005917,2.8306476199914816,0.7483368004625455,1735.8714656829834,0.9404482961898339,0.9433401546214037,0.6931636333465576,0.6931636333465576,875.2533935546875,0.4634233295917511,8.12850456237793,2.2787082195281982,0.00451295040547842,40796,0.4808694217213984,290.6213017751479,600064000,169
expfm_2g,explicit,forward_model,2000000000,2G,0,dgv264dt,RodentForwardModel_delay0_eff0-20260813-073550,finished,25732c42,NVIDIA A100-SXM4-80GB,2026-08-13T11:35:59Z,2000076800.0,83087.0,True,True,True,2019.623095703125,446.593359375,2168.574873884754,2186.047201805625,0.00016229317802490313,2169.6156937638684,53.41010512781392,1.0,489.0,4.436841909537563,0.00015528908901429474,10404.165588378906,0.016790211970785635,0.9924834614604001,0.00043297965603410004,0.0002714413334615252,1970.4900634765625,0.26596834063529967,20.510958862304687,1.1066059827804566,7.6241261922405105e-06,82810,0.9760956175298805,490.0,2000076800,169
expfm_2g,explicit,forward_model,2000000000,2G,10,itedqjyt,RodentForwardModel_delay10_eff10-20260813-074327,finished,25732c42,NVIDIA A100-SXM4-80GB,2026-08-13T11:43:29Z,2000076800.0,76092.0,True,True,True,1921.651123046875,442.954296875,1989.847286562948,2078.1672107532154,0.016027783026326983,1985.77471517529,371.4248575206327,0.9349112426035503,470.44970414201185,4.2210138463087565,0.018228275067973945,7476.8580865859985,0.04113544275129407,0.9555413562971007,0.016376908123493142,0.023416686430573402,1778.34794921875,0.38575350046157836,16.123940086364748,1.2615209341049194,0.00014733782008985333,78170,0.921403144817181,472.5443786982249,2000076800,169
expfm_2g,explicit,forward_model,2000000000,2G,20,3dfjggpw,RodentForwardModel_delay20_eff20-20260813-074628,finished,25732c42,NVIDIA H200,2026-08-13T11:46:32Z,2000076800.0,45733.0,True,True,True,1772.5785400390625,421.73125,1748.4746700038572,1906.117357818014,0.027756937373369074,1777.41649009208,568.9102874923898,0.8047337278106509,436.49704142011836,4.072001231232533,0.035206376326761886,5568.734065055847,0.045240260734277817,0.9324800924780091,0.02796958237886422,0.03796911090612408,1619.7664306640625,0.4116182565689087,15.625857925415039,1.3647261381149292,0.0007832726347259602,70879,0.8354628821990145,439.40236686390534,2000076800,169
expfm_2g,explicit,forward_model,2000000000,2G,50,7wpzx8cl,RodentForwardModel_delay50_eff50-20260813-074948,finished,25732c42,NVIDIA A100-SXM4-80GB,2026-08-13T11:49:49Z,2000076800.0,79822.0,True,True,True,1574.1480224609375,402.003125,1462.7401499550724,1613.8764004756933,0.057690806314590386,1465.2272853512736,672.8015092107922,0.650887573964497,388.1775147928994,3.7746320420774557,0.06826920910546144,4200.399840831757,0.08403325126042913,0.9078931229921913,0.05363950654864308,0.07470641136169429,1354.68505859375,0.44883832335472107,14.142923355102539,1.5607815742492677,0.0013348517939447799,58207,0.6860958532732974,394.1183431952663,2000076800,169
pgfm_2g,implicit,pg_forward_model,2000000000,2G,0,nsfdsuk2,RodentForwardModel_delay0_eff0_nodetach-20260813-064425,finished,25732c42,NVIDIA H200,2026-08-13T10:44:30Z,2000076800.0,56266.0,True,True,True,2031.401220703125,446.6091796875,2177.991175183178,2202.214241764698,0.521902407609563,2178.6701703494823,144.36795949003056,0.9881656804733728,487.24852071005915,4.4713735963211185,0.5197313739084255,11045.079488754272,0.6789506723248174,0.9893089096561518,0.5169173598289489,0.46115617752075194,1999.675244140625,0.2477163016796112,20.623263931274415,1.0911749362945558,5.738118488807231e-06,82794,0.9759070227963884,489.905325443787,2000076800,169
pgfm_2g,implicit,pg_forward_model,2000000000,2G,10,1dbmh27r,RodentForwardModel_delay10_eff10_nodetach-20260813-064420,finished,25732c42,NVIDIA H200,2026-08-13T10:44:30Z,2000076800.0,45174.0,True,True,True,1924.73896484375,442.2478515625,1998.1152402437651,2075.550553082357,0.4784827568284316,1983.3865839489818,396.6798693627216,0.9112426035502958,467.2307692307692,4.24498281055923,0.48662237387606067,6529.42041015625,0.6165449309600091,0.9555954110602103,0.466639244556427,0.4333996415138245,1797.3291259765624,0.36158178448677064,13.615116500854493,1.2799729824066162,0.0001254361181053888,77103,0.9088262335274288,466.2307692307692,2000076800,169
pgfm_2g,implicit,pg_forward_model,2000000000,2G,20,x1wjdvt9,RodentForwardModel_delay20_eff20_nodetach-20260813-070304,finished,25732c42,NVIDIA A100-SXM4-80GB,2026-08-13T11:03:09Z,2000076800.0,77513.0,True,True,True,1703.6587646484375,413.282421875,1540.0268769574589,1737.6601452763687,0.4851848587235009,1524.695581424871,695.3262120354301,0.6390532544378698,383.42011834319527,3.9765664566931576,0.4942436853859515,5006.635070323944,0.5339766418102122,0.877441763033803,0.46593385338783266,0.4700797200202942,1420.673583984375,0.3986256420612335,12.672391319274903,1.4265399694442749,0.00095498164882878,62954,0.742049553266225,392.50887573964496,2000076800,169
pgfm_2g,implicit,pg_forward_model,2000000000,2G,50,6jz9o5p4,RodentForwardModel_delay50_eff50_nodetach-20260813-070412,finished,25732c42,NVIDIA A100-SXM4-80GB,2026-08-13T11:04:14Z,2000076800.0,78636.0,True,True,True,816.6229370117187,285.821484375,744.376885995357,801.6552999873395,1.0268892170450197,752.5492690498307,434.0112957086006,0.3431952662721893,286.42011834319527,2.6274315973436915,1.057525242756893,1577.5729999542236,1.2913374802614985,0.9387442072193818,0.9997799754142761,0.7083048939704895,853.711279296875,0.5281851410865783,7.340645503997803,2.5020204067230223,0.00439136857166882,38516,0.45399467219877887,277.1242603550296,2000076800,169
