wandb_id,wandb_name,git_commit,body_target_frame,latent_size,kl_weight,enc_hidden_sizes,dec_hidden_sizes,critic_hidden_sizes,clip_length_train,ctrl_dt,mocap_hz,config_env_string,condition,checkpoint_step,network_class,env_class,delay_k,efference_length,total_params,decoder_params,dataset,n_clips,clip_frames,rollout_steps,episode_reward_mean,episode_reward_std,lifespan_steps,survival_frac,reward_per_step,survived,hazard_rate,term_root_too_far,term_root_too_rotated,term_pose_error,term_nan_termination,err_root_pos_distance,err_root_angular_error,err_joint_l2_error,err_joint_vel_l2_error,err_body_total,err_body_end_eff
cwuwoywj,RodentEncDec_delay0_eff0-20260624-070609,f315e336,current_root,32,0.001,"(512, 512, 512, 512)","(512, 512, 512, 512)","(1024, 1024)",250,0.01,50,AbsoluteImitation,absolute_current,600064000,RodentEncDecDelays,AbsoluteImitation,0,0,4125325,985676,new_eval,32,1500,3002,9903.035623550415,4201.428254532646,2351.65625,0.7833631745502998,4.211089789823838,0.5625,0.01860390947869188,0.34375,0.09375,0.0,0.0,0.00885708865829394,4.214250392736866,1.265412435575998,12.339839568725782,0.06388012618882896,0.03309696153876946
cwuwoywj,RodentEncDec_delay0_eff0-20260624-070609,f315e336,current_root,32,0.001,"(512, 512, 512, 512)","(512, 512, 512, 512)","(1024, 1024)",250,0.01,50,AbsoluteImitation,absolute_current,600064000,RodentEncDecDelays,AbsoluteImitation,0,0,4125325,985676,old_eval,169,250,502,2141.4564379630006,186.4441591820363,484.8757396449704,0.9658879275796223,4.41650563818885,0.9822485207100592,0.0036610368056233483,0.005917159763313609,0.011834319526627219,0.0,0.0,0.006502716723120562,2.7207196419945086,1.2467717837850547,37.55922716472394,0.04340538623433361,0.021004172032985144
cwuwoywj,RodentEncDec_delay0_eff0-20260624-070609,f315e336,current_root,32,0.001,"(512, 512, 512, 512)","(512, 512, 512, 512)","(1024, 1024)",250,0.01,50,AbsoluteImitation,absolute_current,600064000,RodentEncDecDelays,AbsoluteImitation,0,0,4125325,985676,train,673,250,502,2165.7525871469575,153.24410152068498,485.95690936106985,0.968041652113685,4.45667618965324,0.9851411589895989,0.003057645796195666,0.010401188707280832,0.004457652303120356,0.0,0.0,0.006232142603393381,2.533074481284966,1.2093461238485568,36.7415663547275,0.04059774612476952,0.019206742607102884
vxltbpnq,RodentEncDec_delay10_eff10-20260624-070609,f315e336,current_root,32,0.001,"(512, 512, 512, 512)","(512, 512, 512, 512)","(1024, 1024)",250,0.01,50,AbsoluteImitation,absolute_current,600064000,RodentEncDecDelays,AbsoluteImitation,10,10,4319885,1180236,new_eval,32,1500,3002,2928.2665243148804,2333.99356553537,708.9375,0.23615506329113925,4.130500254697883,0.0,0.14105615798289695,0.28125,0.71875,0.0,0.0,0.011145082774158842,6.207507054753465,1.3356958243668076,16.00868839948773,0.08001624881199698,0.039794907833826346
vxltbpnq,RodentEncDec_delay10_eff10-20260624-070609,f315e336,current_root,32,0.001,"(512, 512, 512, 512)","(512, 512, 512, 512)","(1024, 1024)",250,0.01,50,AbsoluteImitation,absolute_current,600064000,RodentEncDecDelays,AbsoluteImitation,10,10,4319885,1180236,old_eval,169,250,502,1805.5506968752168,593.2392859377183,432.7573964497041,0.8620665267922393,4.172200664131367,0.8165680473372781,0.042386786261212,0.11834319526627218,0.0650887573964497,0.0,0.0,0.011331287351348961,4.156771694058791,1.4228671744647605,38.89532368226416,0.07336530198936675,0.03648111632784541
vxltbpnq,RodentEncDec_delay10_eff10-20260624-070609,f315e336,current_root,32,0.001,"(512, 512, 512, 512)","(512, 512, 512, 512)","(1024, 1024)",250,0.01,50,AbsoluteImitation,absolute_current,600064000,RodentEncDecDelays,AbsoluteImitation,10,10,4319885,1180236,train,673,250,502,1855.7413022408336,542.4968123248026,440.95690936106985,0.8784002178507367,4.208441375665785,0.826151560178306,0.03942526721570003,0.10846953937592868,0.06983655274888559,0.0,0.0,0.01072005704102611,3.7724686221856962,1.4056137730765605,38.43518811675337,0.06954971015698844,0.034211953676582064
2f08y5is,RodentEncDec_delay0_eff0-20260624-070620,f315e336,reference_root,32,0.001,"(512, 512, 512, 512)","(512, 512, 512, 512)","(1024, 1024)",250,0.01,50,AbsoluteImitation,absolute_reference,600064000,RodentEncDecDelays,AbsoluteImitation,0,0,4125325,985676,new_eval,32,1500,3002,11567.310079574585,3315.134152474665,2673.03125,0.8904168054630246,4.3274129621846305,0.75,0.009352677788559336,0.09375,0.15625,0.0,0.0,0.007186416007425304,3.624235889935221,1.2371602335905028,12.394874884255895,0.050466447115945584,0.026177632676782706
2f08y5is,RodentEncDec_delay0_eff0-20260624-070620,f315e336,reference_root,32,0.001,"(512, 512, 512, 512)","(512, 512, 512, 512)","(1024, 1024)",250,0.01,50,AbsoluteImitation,absolute_reference,600064000,RodentEncDecDelays,AbsoluteImitation,0,0,4125325,985676,old_eval,169,250,502,2137.3483265532545,150.55927682104155,485.14792899408286,0.9664301374384121,4.405560033998048,0.9822485207100592,0.003658982802780822,0.011834319526627219,0.005917159763313609,0.0,0.0,0.006748673040598911,2.6617435763520074,1.2409103051939063,37.44182528094208,0.04387081667764425,0.021282706527353017
2f08y5is,RodentEncDec_delay0_eff0-20260624-070620,f315e336,reference_root,32,0.001,"(512, 512, 512, 512)","(512, 512, 512, 512)","(1024, 1024)",250,0.01,50,AbsoluteImitation,absolute_reference,600064000,RodentEncDecDelays,AbsoluteImitation,0,0,4125325,985676,train,673,250,502,2165.4167337176705,150.547076005308,485.8751857355126,0.9678788560468379,4.456734563300832,0.9851411589895989,0.0030581600885643055,0.008915304606240713,0.005943536404160475,0.0,0.0,0.006447990264427633,2.505972244162987,1.2016767591476276,36.69042028657589,0.0405925502408266,0.01928417727366914
u5ery6jx,RodentEncDec_delay10_eff10-20260624-071312,f315e336,reference_root,32,0.001,"(512, 512, 512, 512)","(512, 512, 512, 512)","(1024, 1024)",250,0.01,50,AbsoluteImitation,absolute_reference,600064000,RodentEncDecDelays,AbsoluteImitation,10,10,4319885,1180236,new_eval,32,1500,3002,4631.090626716614,3883.49704699747,1127.8125,0.37568704197201863,4.106259353143021,0.09375,0.08035466888334718,0.15625,0.78125,0.0,0.0,0.009878310055045513,5.306130419914619,1.4165500629396672,15.016236713888283,0.07541232732700692,0.03810762200039268
u5ery6jx,RodentEncDec_delay10_eff10-20260624-071312,f315e336,reference_root,32,0.001,"(512, 512, 512, 512)","(512, 512, 512, 512)","(1024, 1024)",250,0.01,50,AbsoluteImitation,absolute_reference,600064000,RodentEncDecDelays,AbsoluteImitation,10,10,4319885,1180236,old_eval,169,250,502,1720.4052612033822,636.3632714146429,415.88757396449705,0.8284613027181216,4.136707535653007,0.7396449704142012,0.06260226221811198,0.1242603550295858,0.14201183431952663,0.0,0.0,0.012108250830160441,4.890636208041006,1.4282843635172773,38.85821797281627,0.08326210127694249,0.04154635023137701
u5ery6jx,RodentEncDec_delay10_eff10-20260624-071312,f315e336,reference_root,32,0.001,"(512, 512, 512, 512)","(512, 512, 512, 512)","(1024, 1024)",250,0.01,50,AbsoluteImitation,absolute_reference,600064000,RodentEncDecDelays,AbsoluteImitation,10,10,4319885,1180236,train,673,250,502,1836.9857835018618,560.6584219759114,436.9301634472511,0.8703788116479106,4.204300680476215,0.8142644873699851,0.04250919899066158,0.11589895988112928,0.07429420505200594,0.0,0.0,0.010697174303178476,3.874314021247109,1.4055374939161767,38.35645913198635,0.07210307337349572,0.0353403533326751
o49pypx0,RodentEncDec_delay0_eff0-20260624-070654,f315e336,neither,32,0.001,"(512, 512, 512, 512)","(512, 512, 512, 512)","(1024, 1024)",250,0.01,50,AbsoluteImitation,relative,600064000,RodentEncDecDelays,Imitation,0,0,4125325,985676,new_eval,32,1500,3002,12120.345222473145,3456.2039421601307,2709.4375,0.9025441372418388,4.473380626965245,0.84375,0.005766879656755323,0.0,0.15625,0.0,0.0,0.006926837466762072,3.0960981152768206,1.1572596987624664,12.507954251181411,0.04023192271212721,0.018320531355724114
o49pypx0,RodentEncDec_delay0_eff0-20260624-070654,f315e336,neither,32,0.001,"(512, 512, 512, 512)","(512, 512, 512, 512)","(1024, 1024)",250,0.01,50,AbsoluteImitation,relative,600064000,RodentEncDecDelays,Imitation,0,0,4125325,985676,old_eval,169,250,502,2152.3081376115247,160.7437664320443,485.8639053254438,0.9678563851104458,4.42985806111663,0.9704142011834319,0.006089318118157137,0.023668639053254437,0.005917159763313609,0.0,0.0,0.007462620566977752,2.9085451691708935,1.21337217516842,37.29984829551368,0.04366669376504633,0.02010197739853102
o49pypx0,RodentEncDec_delay0_eff0-20260624-070654,f315e336,neither,32,0.001,"(512, 512, 512, 512)","(512, 512, 512, 512)","(1024, 1024)",250,0.01,50,AbsoluteImitation,relative,600064000,RodentEncDecDelays,Imitation,0,0,4125325,985676,train,673,250,502,2176.6328149940073,133.8309373253988,486.85438335809806,0.969829448920514,4.470808704608128,0.986627043090639,0.002746808361284642,0.010401188707280832,0.0029717682020802376,0.0,0.0,0.006867479267262689,2.6500146097500057,1.180653312370355,36.651248323545246,0.040304251493078654,0.018354166449261643
xyktrkun,RodentEncDec_delay10_eff10-20260624-070705,f315e336,neither,32,0.001,"(512, 512, 512, 512)","(512, 512, 512, 512)","(1024, 1024)",250,0.01,50,AbsoluteImitation,relative,600064000,RodentEncDecDelays,Imitation,10,10,4319885,1180236,new_eval,32,1500,3002,9146.123537063599,4736.522759098327,2120.4375,0.7063416055962691,4.3133190848886604,0.5625,0.02063253455949539,0.3125,0.125,0.0,0.0,0.009194559637705884,3.666621335220599,1.2705283330551032,13.376970316115585,0.05546027674436339,0.025577944868322832
xyktrkun,RodentEncDec_delay10_eff10-20260624-070705,f315e336,neither,32,0.001,"(512, 512, 512, 512)","(512, 512, 512, 512)","(1024, 1024)",250,0.01,50,AbsoluteImitation,relative,600064000,RodentEncDecDelays,Imitation,10,10,4319885,1180236,old_eval,169,250,502,1873.2431865443846,552.6313501200418,441.7455621301775,0.8799712393031425,4.240547833715103,0.834319526627219,0.037505860290670406,0.1242603550295858,0.04142011834319527,0.0,0.0,0.011552654929164033,4.451653226168661,1.3296335120178413,38.02003929869011,0.07102100419437442,0.03447631617117379
xyktrkun,RodentEncDec_delay10_eff10-20260624-070705,f315e336,neither,32,0.001,"(512, 512, 512, 512)","(512, 512, 512, 512)","(1024, 1024)",250,0.01,50,AbsoluteImitation,relative,600064000,RodentEncDecDelays,Imitation,10,10,4319885,1180236,train,673,250,502,1964.640919950352,463.3298260165815,460.06240713224366,0.916458978351083,4.270379169201759,0.9019316493313522,0.02131631473215727,0.08023774145616643,0.017830609212481426,0.0,0.0,0.010588164833056678,4.086813772001626,1.3129160354346743,37.37918297319973,0.06584348161135362,0.03157486122368327
