condition,wandb_id,wandb_name,git_commit,n_envs,rollout_length,seed,delay_k,efference_length,eff_ratio,rnn_cell,rnn_hidden_sizes,total_params,metric_source,train_reward,old_eval_reward,new_eval_reward,old_eval_lifespan,survived
feedforward,sjvihoij,RodentEncDec_delay0_eff0-20260824-091620,a3450a9,1024,20,52,0,0,,,,4125325.0,inline_final_eval,2093.0638335002654,2084.494772013828,9011.430904388428,480.9881656804734,0.970414201183432
feedforward,9htwlukh,RodentEncDec_delay0_eff0-20260811-075304,ef060b7,4096,20,42,0,0,,,,4125325.0,artifact:eval3ds-n00-6a6b8d4e,2179.3645832124116,2144.981657490928,11338.058582305908,484.72189349112426,0.9881656804733728
feedforward,ame77mw2,RodentEncDec_delay0_eff0-20260824-091609,a3450a9,4096,20,42,0,0,,,,4125325.0,inline_final_eval,2171.7270176789734,2146.214943970449,10553.797401428224,484.85798816568047,0.9822485207100592
feedforward,17p127fn,RodentEncDec_delay1_eff1-20260811-075237,ef060b7,4096,20,42,1,1,1.0,,,4144781.0,artifact:eval3ds-n00-6a6b8d4e,2154.1520522459123,2138.64156978088,9846.615762710571,486.3491124260355,0.9822485207100592
feedforward,zq5dvwvf,RodentEncDec_delay2_eff2-20260811-080832,ef060b7,4096,20,42,2,2,1.0,,,4164237.0,artifact:eval3ds-n00-6a6b8d4e,2128.328809015464,2133.0231045153014,9623.411611557007,488.85207100591714,0.9940828402366864
feedforward,qpsikl6i,RodentEncDec_delay3_eff3-20260811-081204,ef060b7,4096,20,42,3,3,1.0,,,4183693.0,artifact:eval3ds-n00-6a6b8d4e,2101.591054386405,2058.4179872140376,8471.563630104065,474.64497041420117,0.9467455621301775
feedforward,ax6foqgd,RodentEncDec_delay4_eff4-20260811-081204,ef060b7,4096,20,42,4,4,1.0,,,4203149.0,artifact:eval3ds-n00-6a6b8d4e,2104.2665495397787,2052.0899076743945,8682.460566520691,478.0473372781065,0.9526627218934911
feedforward,9j42qevl,RodentEncDec_delay5_eff1-20260825-060037,4245ae4,4096,20,42,5,1,0.2,,,4144781.0,inline_final_eval,1241.7827107853202,1211.0295069767878,4828.212947845459,341.27810650887574,0.5325443786982249
feedforward,7ur99xil,RodentEncDec_delay5_eff5-20260811-081204,ef060b7,4096,20,42,5,5,1.0,,,4222605.0,artifact:eval3ds-n00-6a6b8d4e,2046.07620427442,1948.682545091979,7279.885705471039,458.5207100591716,0.8994082840236687
feedforward,bzm76mrs,RodentEncDec_delay5_eff5-20260824-091609,a3450a9,4096,20,42,5,5,1.0,,,4222605.0,inline_final_eval,2077.1321867989573,2037.9214627418291,7722.463610649109,476.3609467455621,0.9526627218934912
feedforward,c1v5gmie,RodentEncDec_delay6_eff6-20260811-081205,ef060b7,4096,20,42,6,6,1.0,,,4242061.0,artifact:eval3ds-n00-6a6b8d4e,2009.708168483241,1935.3015495616303,7692.589979171753,457.89940828402365,0.8875739644970414
feedforward,904oncgf,RodentEncDec_delay7_eff7-20260811-081755,ef060b7,4096,20,42,7,7,1.0,,,4261517.0,artifact:eval3ds-n00-6a6b8d4e,2001.7687461252199,1945.8291903614293,7421.785608291626,459.4733727810651,0.9053254437869822
feedforward,dqjh25pb,RodentEncDec_delay8_eff8-20260811-081952,ef060b7,4096,20,42,8,8,1.0,,,4280973.0,artifact:eval3ds-n00-6a6b8d4e,1977.775785449001,1888.5723069772212,7801.659132003784,452.8757396449704,0.8461538461538461
feedforward,xgrebrix,RodentEncDec_delay9_eff9-20260811-081952,ef060b7,4096,20,42,9,9,1.0,,,4300429.0,artifact:eval3ds-n00-6a6b8d4e,1927.1014443180713,1855.6081334853313,5815.577651500702,451.81065088757396,0.8520710059171598
feedforward,usv6hlqd,RodentEncDec_delay10_eff0-20260825-072407,4245ae4,4096,20,42,10,0,0.0,,,4125325.0,inline_final_eval,906.5350132527004,886.4608423357179,1855.2320024967191,295.4852071005917,0.3905325443786982
feedforward,z9nr1e4u,RodentEncDec_delay10_eff1-20260824-095340,a3450a9,1024,20,43,10,1,0.1,,,4144781.0,inline_final_eval,710.39888089479,749.394539082544,1265.6390690803528,275.4260355029586,0.34911242603550297
feedforward,5sdstqym,RodentEncDec_delay10_eff1-20260825-060045,4245ae4,4096,60,42,10,1,0.1,,,4144781.0,inline_final_eval,991.9674915920218,982.9516101814586,2118.407855987549,307.26627218934914,0.40828402366863903
feedforward,4h227zyv,RodentEncDec_delay10_eff10-20260824-091620,a3450a9,1024,20,52,10,10,1.0,,,4319885.0,inline_final_eval,1535.3833278525638,1424.1130450999242,3430.4780502319336,372.7751479289941,0.5976331360946745
feedforward,vo7jiiwr,RodentEncDec_delay10_eff10-20260811-083832,ef060b7,4096,20,42,10,10,1.0,,,4319885.0,artifact:eval3ds-n00-6a6b8d4e,1862.6316101845093,1755.1557274090467,5575.568828821182,430.7100591715976,0.7810650887573964
feedforward,op8eyyba,RodentEncDec_delay12_eff12-20260811-083832,ef060b7,4096,20,42,12,12,1.0,,,4358797.0,artifact:eval3ds-n00-6a6b8d4e,1758.1273503863263,1641.580596652962,4996.6733751297,414.84615384615387,0.7396449704142012
feedforward,mpmlfb9i,RodentEncDec_delay15_eff15-20260811-083832,ef060b7,4096,20,42,15,15,1.0,,,4417165.0,artifact:eval3ds-n00-6a6b8d4e,1667.69471195442,1523.4743777845033,4779.764367103577,395.2307692307692,0.6686390532544378
feedforward,7qbsx2pa,RodentEncDec_delay20_eff20-20260811-083832,ef060b7,4096,20,42,20,20,1.0,,,4514445.0,artifact:eval3ds-n00-6a6b8d4e,1468.9592799601903,1279.841878089679,3620.543797969818,352.56804733727813,0.5088757396449703
feedforward,8j703ofi,RodentEncDec_delay25_eff25-20260811-083832,ef060b7,4096,20,42,25,25,1.0,,,4611725.0,artifact:eval3ds-n00-6a6b8d4e,1242.8523623167493,1142.1241159382657,3222.6357703208923,335.27810650887574,0.4674556213017751
feedforward,2fiwhyiz,RodentEncDec_delay30_eff30-20260811-084029,ef060b7,4096,20,42,30,30,1.0,,,4709005.0,artifact:eval3ds-n00-6a6b8d4e,1161.0757149842307,1056.8954420371874,2690.941180706024,320.4556213017751,0.40828402366863903
feedforward,g1eehkgv,RodentEncDec_delay40_eff40-20260811-084704,ef060b7,4096,20,42,40,40,1.0,,,4903565.0,artifact:eval3ds-n00-6a6b8d4e,1020.7550695796247,929.0144781078812,2444.2315559387207,301.59763313609466,0.40828402366863903
feedforward,d4dtnb5x,RodentEncDec_delay50_eff50-20260811-084722,ef060b7,4096,20,42,50,50,1.0,,,5098125.0,artifact:eval3ds-n00-6a6b8d4e,899.0241398690891,823.3253044263851,1472.1262245178223,277.14792899408286,0.2781065088757396
feedforward,n1igz0o8,RodentEncDec_delay60_eff60-20260811-084722,ef060b7,4096,20,42,60,60,1.0,,,5292685.0,artifact:eval3ds-n00-6a6b8d4e,833.070503597628,767.9190298678607,1165.548586845398,280.2248520710059,0.3076923076923077
feedforward,cfq1srhp,RodentEncDec_delay70_eff70-20260811-094225,ef060b7,4096,20,42,70,70,1.0,,,5487245.0,artifact:eval3ds-n00-6a6b8d4e,881.4089407956263,797.0708262426614,1347.4772534370422,273.63313609467457,0.28402366863905326
feedforward,qynq5js2,RodentEncDec_delay80_eff80-20260811-094225,ef060b7,4096,20,42,80,80,1.0,,,5681805.0,artifact:eval3ds-n00-6a6b8d4e,824.1589624027972,754.5544285520294,1296.0780186653137,268.0295857988166,0.23076923076923073
feedforward,ekl3fbju,RodentEncDec_delay90_eff90-20260811-094225,ef060b7,4096,20,42,90,90,1.0,,,5876365.0,artifact:eval3ds-n00-6a6b8d4e,828.9853210789311,723.2679883065308,1277.9281778335571,263.26627218934914,0.23668639053254437
feedforward,48llced7,RodentEncDec_delay100_eff100-20260811-094548,ef060b7,4096,20,42,100,100,1.0,,,6070925.0,artifact:eval3ds-n00-6a6b8d4e,747.6642392457505,677.4251046716814,1030.2333879470825,248.23668639053255,0.16568047337278102
recurrent,2s4cmjcx,RodentEncDecLSTM_delay0_eff0-20260824-091622,a3450a9,1024,20,52,0,0,,lstm,[512],6224525.0,inline_final_eval,2116.6677572581957,2095.2393452119545,11384.953601837158,485.7455621301775,0.9763313609467456
recurrent,nvlq18bp,RodentEncDecLSTM_delay5_eff1-20260824-095808,a3450a9,1024,20,43,5,1,0.2,lstm,[512],6243981.0,inline_final_eval,1428.7524958549602,1388.2162560005866,6021.313913345337,378.32544378698225,0.6094674556213018
recurrent,fut020mc,RodentEncDecLSTM_delay5_eff1-20260824-155608,4245ae4,4096,20,42,5,1,0.2,lstm,[512],6243981.0,inline_final_eval,2070.3502386129985,1983.6094746787169,7865.677473068237,468.4260355029586,0.9053254437869822
recurrent,w81ha9fl,RodentEncDecLSTM_delay10_eff1-20260824-095808,a3450a9,1024,20,43,10,1,0.1,lstm,[512],6243981.0,inline_final_eval,705.9070699955344,681.2098788650784,1218.763581752777,256.67455621301775,0.29585798816568043
recurrent,4ft79293,RodentEncDecLSTM_delay10_eff1-20260825-070949,4245ae4,4096,60,42,10,1,0.1,lstm,[512],6243981.0,inline_final_eval,1718.7868289805806,1654.3203245083962,6540.220336437225,413.76331360946745,0.7337278106508875
recurrent,vx4zrzed,RodentEncDecLSTM_delay10_eff1-20260824-155608,4245ae4,4096,20,42,10,1,0.1,lstm,[512],6243981.0,inline_final_eval,1676.1984253383143,1510.884954238079,4338.1311893463135,376.0828402366864,0.6213017751479291
recurrent,ykovjkpw,RodentEncDecLSTM_delay10_eff1-20260825-083459,4245ae4,4096,40,42,10,1,0.1,lstm,[512],6243981.0,inline_final_eval,1720.7372872294502,1662.998876402364,5498.3393297195435,416.3491124260355,0.7218934911242604
recurrent,xjanuh21,RodentEncDecLSTM_delay10_eff10-20260824-091622,a3450a9,1024,20,52,10,10,1.0,lstm,[512],6419085.0,inline_final_eval,1389.0851610929085,1354.1448459512385,4029.254541873932,364.7751479289941,0.6153846153846154
recurrent,a214jol0,RodentEncDecLSTM_delay10_eff10-20260824-131742,4245ae4,4096,20,42,10,10,1.0,lstm,[512],6419085.0,inline_final_eval,1894.470308017589,1767.0209899992633,5572.834497928619,423.79881656804736,0.7751479289940828
recurrent,d08in1g9,RodentEncDecLSTM_delay10_eff10-20260825-070956,4245ae4,4096,60,42,10,10,1.0,lstm,[512],6419085.0,inline_final_eval,1993.28562317348,1911.9571998641336,8489.468250751495,458.84615384615387,0.8816568047337279
